
---
events:
  -
    kind: "message-v1"
    backtrace:
      - "C:/Program Files/CMake/share/cmake-4.4/Modules/CMakeDetermineSystem.cmake:218 (message)"
      - "CMakeLists.txt:57 (project)"
    message: |
      The system is: Windows - 10.0.19045 - AMD64
  -
    kind: "find-v1"
    backtrace:
      - "C:/Program Files/CMake/share/cmake-4.4/Modules/CMakeDetermineCompiler.cmake:63 (find_program)"
      - "C:/Program Files/CMake/share/cmake-4.4/Modules/CMakeDetermineCXXCompiler.cmake:69 (_cmake_find_compiler)"
      - "CMakeLists.txt:57 (project)"
    mode: "program"
    variable: "CMAKE_CXX_COMPILER"
    description: "CXX compiler"
    settings:
      SearchFramework: "LAST"
      SearchAppBundle: "LAST"
      CMAKE_FIND_USE_CMAKE_PATH: false
      CMAKE_FIND_USE_CMAKE_ENVIRONMENT_PATH: false
      CMAKE_FIND_USE_SYSTEM_ENVIRONMENT_PATH: true
      CMAKE_FIND_USE_CMAKE_SYSTEM_PATH: false
      CMAKE_FIND_USE_INSTALL_PREFIX: true
    names:
      - "c++"
      - "g++"
      - "cl"
      - "bcc"
      - "icx"
      - "clang++"
    candidate_directories:
      - "C:/src/vcpkg/installed/x64-windows-static/debug/Program Files/Microsoft Visual Studio/2022/Community/VC/Tools/MSVC/14.44.35207/bin/Hostx64/x64/"
      - "C:/src/vcpkg/installed/x64-windows-static/debug/Program Files/Microsoft Visual Studio/2022/Community/Common7/IDE/VC/vcpackages/"
      - "C:/src/vcpkg/installed/x64-windows-static/debug/Program Files/Microsoft Visual Studio/2022/Community/Common7/IDE/CommonExtensions/Microsoft/TestWindow/"
      - "C:/src/vcpkg/installed/x64-windows-static/debug/Program Files/Microsoft Visual Studio/2022/Community/Common7/IDE/CommonExtensions/Microsoft/TeamFoundation/Team Explorer/"
      - "C:/src/vcpkg/installed/x64-windows-static/debug/Program Files/Microsoft Visual Studio/2022/Community/MSBuild/Current/Bin/Roslyn/"
      - "C:/src/vcpkg/installed/x64-windows-static/debug/Program Files (x86)/Microsoft SDKs/Windows/v10.0A/bin/NETFX 4.8 Tools/x64/"
      - "C:/src/vcpkg/installed/x64-windows-static/debug/Program Files/Microsoft Visual Studio/2022/Community/Common7/IDE/CommonExtensions/Microsoft/FSharp/Tools/"
      - "C:/src/vcpkg/installed/x64-windows-static/debug/Program Files/Microsoft Visual Studio/2022/Community/Team Tools/DiagnosticsHub/Collector/"
      - "C:/src/vcpkg/installed/x64-windows-static/debug/Program Files (x86)/Windows Kits/10/bin/10.0.26100.0/x64/"
      - "C:/src/vcpkg/installed/x64-windows-static/debug/Program Files (x86)/Windows Kits/10/bin/x64/"
      - "C:/src/vcpkg/installed/x64-windows-static/debug/Program Files/Microsoft Visual Studio/2022/Community/MSBuild/Current/Bin/amd64/"
      - "C:/src/vcpkg/installed/x64-windows-static/debug/Windows/Microsoft.NET/Framework64/v4.0.30319/"
      - "C:/src/vcpkg/installed/x64-windows-static/debug/Program Files/Microsoft Visual Studio/2022/Community/Common7/IDE/"
      - "C:/src/vcpkg/installed/x64-windows-static/debug/Program Files/Microsoft Visual Studio/2022/Community/Common7/Tools/"
      - "C:/src/vcpkg/installed/x64-windows-static/debug/src/vcpkg/downloads/tools/powershell-core-7.6.4-windows/"
      - "C:/src/vcpkg/installed/x64-windows-static/debug/Windows/System32/"
      - "C:/src/vcpkg/installed/x64-windows-static/debug/Windows/"
      - "C:/src/vcpkg/installed/x64-windows-static/debug/Windows/System32/wbem/"
      - "C:/src/vcpkg/installed/x64-windows-static/debug/Windows/System32/WindowsPowerShell/v1.0/"
      - "C:/src/vcpkg/installed/x64-windows-static/debug/Windows/System32/OpenSSH/"
      - "C:/src/vcpkg/installed/x64-windows-static/debug/Program Files/Microsoft Visual Studio/2022/Community/Common7/IDE/CommonExtensions/Microsoft/CMake/CMake/bin/"
      - "C:/src/vcpkg/installed/x64-windows-static/debug/Program Files/Microsoft Visual Studio/2022/Community/Common7/IDE/CommonExtensions/Microsoft/CMake/Ninja/"
      - "C:/src/vcpkg/installed/x64-windows-static/debug/Program Files/Microsoft Visual Studio/2022/Community/Common7/IDE/VC/Linux/bin/ConnectionManagerExe/"
      - "C:/src/vcpkg/installed/x64-windows-static/debug/Program Files/Microsoft Visual Studio/2022/Community/VC/vcpkg/"
      - "C:/src/vcpkg/installed/x64-windows-static/debug/src/vcpkg/downloads/tools/ninja-1.13.2-windows/"
      - "C:/src/vcpkg/installed/x64-windows-static/Program Files/Microsoft Visual Studio/2022/Community/VC/Tools/MSVC/14.44.35207/bin/Hostx64/x64/"
      - "C:/src/vcpkg/installed/x64-windows-static/Program Files/Microsoft Visual Studio/2022/Community/Common7/IDE/VC/vcpackages/"
      - "C:/src/vcpkg/installed/x64-windows-static/Program Files/Microsoft Visual Studio/2022/Community/Common7/IDE/CommonExtensions/Microsoft/TestWindow/"
      - "C:/src/vcpkg/installed/x64-windows-static/Program Files/Microsoft Visual Studio/2022/Community/Common7/IDE/CommonExtensions/Microsoft/TeamFoundation/Team Explorer/"
      - "C:/src/vcpkg/installed/x64-windows-static/Program Files/Microsoft Visual Studio/2022/Community/MSBuild/Current/Bin/Roslyn/"
      - "C:/src/vcpkg/installed/x64-windows-static/Program Files (x86)/Microsoft SDKs/Windows/v10.0A/bin/NETFX 4.8 Tools/x64/"
      - "C:/src/vcpkg/installed/x64-windows-static/Program Files/Microsoft Visual Studio/2022/Community/Common7/IDE/CommonExtensions/Microsoft/FSharp/Tools/"
      - "C:/src/vcpkg/installed/x64-windows-static/Program Files/Microsoft Visual Studio/2022/Community/Team Tools/DiagnosticsHub/Collector/"
      - "C:/src/vcpkg/installed/x64-windows-static/Program Files (x86)/Windows Kits/10/bin/10.0.26100.0/x64/"
      - "C:/src/vcpkg/installed/x64-windows-static/Program Files (x86)/Windows Kits/10/bin/x64/"
      - "C:/src/vcpkg/installed/x64-windows-static/Program Files/Microsoft Visual Studio/2022/Community/MSBuild/Current/Bin/amd64/"
      - "C:/src/vcpkg/installed/x64-windows-static/Windows/Microsoft.NET/Framework64/v4.0.30319/"
      - "C:/src/vcpkg/installed/x64-windows-static/Program Files/Microsoft Visual Studio/2022/Community/Common7/IDE/"
      - "C:/src/vcpkg/installed/x64-windows-static/Program Files/Microsoft Visual Studio/2022/Community/Common7/Tools/"
      - "C:/src/vcpkg/installed/x64-windows-static/src/vcpkg/downloads/tools/powershell-core-7.6.4-windows/"
      - "C:/src/vcpkg/installed/x64-windows-static/Windows/System32/"
      - "C:/src/vcpkg/installed/x64-windows-static/Windows/"
      - "C:/src/vcpkg/installed/x64-windows-static/Windows/System32/wbem/"
      - "C:/src/vcpkg/installed/x64-windows-static/Windows/System32/WindowsPowerShell/v1.0/"
      - "C:/src/vcpkg/installed/x64-windows-static/Windows/System32/OpenSSH/"
      - "C:/src/vcpkg/installed/x64-windows-static/Program Files/Microsoft Visual Studio/2022/Community/Common7/IDE/CommonExtensions/Microsoft/CMake/CMake/bin/"
      - "C:/src/vcpkg/installed/x64-windows-static/Program Files/Microsoft Visual Studio/2022/Community/Common7/IDE/CommonExtensions/Microsoft/CMake/Ninja/"
      - "C:/src/vcpkg/installed/x64-windows-static/Program Files/Microsoft Visual Studio/2022/Community/Common7/IDE/VC/Linux/bin/ConnectionManagerExe/"
      - "C:/src/vcpkg/installed/x64-windows-static/Program Files/Microsoft Visual Studio/2022/Community/VC/vcpkg/"
      - "C:/src/vcpkg/installed/x64-windows-static/src/vcpkg/downloads/tools/ninja-1.13.2-windows/"
      - "C:/Program Files/Microsoft Visual Studio/2022/Community/VC/Tools/MSVC/14.44.35207/bin/Hostx64/x64/"
      - "C:/Program Files/Microsoft Visual Studio/2022/Community/Common7/IDE/VC/vcpackages/"
      - "C:/Program Files/Microsoft Visual Studio/2022/Community/Common7/IDE/CommonExtensions/Microsoft/TestWindow/"
      - "C:/Program Files/Microsoft Visual Studio/2022/Community/Common7/IDE/CommonExtensions/Microsoft/TeamFoundation/Team Explorer/"
      - "C:/Program Files/Microsoft Visual Studio/2022/Community/MSBuild/Current/Bin/Roslyn/"
      - "C:/Program Files (x86)/Microsoft SDKs/Windows/v10.0A/bin/NETFX 4.8 Tools/x64/"
      - "C:/Program Files/Microsoft Visual Studio/2022/Community/Common7/IDE/CommonExtensions/Microsoft/FSharp/Tools/"
      - "C:/Program Files/Microsoft Visual Studio/2022/Community/Team Tools/DiagnosticsHub/Collector/"
      - "C:/Program Files (x86)/Windows Kits/10/bin/10.0.26100.0/x64/"
      - "C:/Program Files (x86)/Windows Kits/10/bin/x64/"
      - "C:/Program Files/Microsoft Visual Studio/2022/Community/MSBuild/Current/Bin/amd64/"
      - "C:/Windows/Microsoft.NET/Framework64/v4.0.30319/"
      - "C:/Program Files/Microsoft Visual Studio/2022/Community/Common7/IDE/"
      - "C:/Program Files/Microsoft Visual Studio/2022/Community/Common7/Tools/"
      - "C:/src/vcpkg/downloads/tools/powershell-core-7.6.4-windows/"
      - "C:/Windows/System32/"
      - "C:/Windows/"
      - "C:/Windows/System32/wbem/"
      - "C:/Windows/System32/WindowsPowerShell/v1.0/"
      - "C:/Windows/System32/OpenSSH/"
      - "C:/Program Files/Microsoft Visual Studio/2022/Community/Common7/IDE/CommonExtensions/Microsoft/CMake/CMake/bin/"
      - "C:/Program Files/Microsoft Visual Studio/2022/Community/Common7/IDE/CommonExtensions/Microsoft/CMake/Ninja/"
      - "C:/Program Files/Microsoft Visual Studio/2022/Community/Common7/IDE/VC/Linux/bin/ConnectionManagerExe/"
      - "C:/Program Files/Microsoft Visual Studio/2022/Community/VC/vcpkg/"
      - "C:/src/vcpkg/downloads/tools/ninja-1.13.2-windows/"
    searched_directories:
      - "C:/src/vcpkg/installed/x64-windows-static/debug/Program Files/Microsoft Visual Studio/2022/Community/VC/Tools/MSVC/14.44.35207/bin/Hostx64/x64/c++.com"
      - "C:/src/vcpkg/installed/x64-windows-static/debug/Program Files/Microsoft Visual Studio/2022/Community/VC/Tools/MSVC/14.44.35207/bin/Hostx64/x64/c++.exe"
      - "C:/src/vcpkg/installed/x64-windows-static/debug/Program Files/Microsoft Visual Studio/2022/Community/VC/Tools/MSVC/14.44.35207/bin/Hostx64/x64/c++"
      - "C:/src/vcpkg/installed/x64-windows-static/debug/Program Files/Microsoft Visual Studio/2022/Community/VC/Tools/MSVC/14.44.35207/bin/Hostx64/x64/g++.com"
      - "C:/src/vcpkg/installed/x64-windows-static/debug/Program Files/Microsoft Visual Studio/2022/Community/VC/Tools/MSVC/14.44.35207/bin/Hostx64/x64/g++.exe"
      - "C:/src/vcpkg/installed/x64-windows-static/debug/Program Files/Microsoft Visual Studio/2022/Community/VC/Tools/MSVC/14.44.35207/bin/Hostx64/x64/g++"
      - "C:/src/vcpkg/installed/x64-windows-static/debug/Program Files/Microsoft Visual Studio/2022/Community/VC/Tools/MSVC/14.44.35207/bin/Hostx64/x64/cl.com"
      - "C:/src/vcpkg/installed/x64-windows-static/debug/Program Files/Microsoft Visual Studio/2022/Community/VC/Tools/MSVC/14.44.35207/bin/Hostx64/x64/cl.exe"
      - "C:/src/vcpkg/installed/x64-windows-static/debug/Program Files/Microsoft Visual Studio/2022/Community/VC/Tools/MSVC/14.44.35207/bin/Hostx64/x64/cl"
      - "C:/src/vcpkg/installed/x64-windows-static/debug/Program Files/Microsoft Visual Studio/2022/Community/VC/Tools/MSVC/14.44.35207/bin/Hostx64/x64/bcc.com"
      - "C:/src/vcpkg/installed/x64-windows-static/debug/Program Files/Microsoft Visual Studio/2022/Community/VC/Tools/MSVC/14.44.35207/bin/Hostx64/x64/bcc.exe"
      - "C:/src/vcpkg/installed/x64-windows-static/debug/Program Files/Microsoft Visual Studio/2022/Community/VC/Tools/MSVC/14.44.35207/bin/Hostx64/x64/bcc"
      - "C:/src/vcpkg/installed/x64-windows-static/debug/Program Files/Microsoft Visual Studio/2022/Community/VC/Tools/MSVC/14.44.35207/bin/Hostx64/x64/icx.com"
      - "C:/src/vcpkg/installed/x64-windows-static/debug/Program Files/Microsoft Visual Studio/2022/Community/VC/Tools/MSVC/14.44.35207/bin/Hostx64/x64/icx.exe"
      - "C:/src/vcpkg/installed/x64-windows-static/debug/Program Files/Microsoft Visual Studio/2022/Community/VC/Tools/MSVC/14.44.35207/bin/Hostx64/x64/icx"
      - "C:/src/vcpkg/installed/x64-windows-static/debug/Program Files/Microsoft Visual Studio/2022/Community/VC/Tools/MSVC/14.44.35207/bin/Hostx64/x64/clang++.com"
      - "C:/src/vcpkg/installed/x64-windows-static/debug/Program Files/Microsoft Visual Studio/2022/Community/VC/Tools/MSVC/14.44.35207/bin/Hostx64/x64/clang++.exe"
      - "C:/src/vcpkg/installed/x64-windows-static/debug/Program Files/Microsoft Visual Studio/2022/Community/VC/Tools/MSVC/14.44.35207/bin/Hostx64/x64/clang++"
      - "C:/src/vcpkg/installed/x64-windows-static/debug/Program Files/Microsoft Visual Studio/2022/Community/Common7/IDE/VC/vcpackages/c++.com"
      - "C:/src/vcpkg/installed/x64-windows-static/debug/Program Files/Microsoft Visual Studio/2022/Community/Common7/IDE/VC/vcpackages/c++.exe"
      - "C:/src/vcpkg/installed/x64-windows-static/debug/Program Files/Microsoft Visual Studio/2022/Community/Common7/IDE/VC/vcpackages/c++"
      - "C:/src/vcpkg/installed/x64-windows-static/debug/Program Files/Microsoft Visual Studio/2022/Community/Common7/IDE/VC/vcpackages/g++.com"
      - "C:/src/vcpkg/installed/x64-windows-static/debug/Program Files/Microsoft Visual Studio/2022/Community/Common7/IDE/VC/vcpackages/g++.exe"
      - "C:/src/vcpkg/installed/x64-windows-static/debug/Program Files/Microsoft Visual Studio/2022/Community/Common7/IDE/VC/vcpackages/g++"
      - "C:/src/vcpkg/installed/x64-windows-static/debug/Program Files/Microsoft Visual Studio/2022/Community/Common7/IDE/VC/vcpackages/cl.com"
      - "C:/src/vcpkg/installed/x64-windows-static/debug/Program Files/Microsoft Visual Studio/2022/Community/Common7/IDE/VC/vcpackages/cl.exe"
      - "C:/src/vcpkg/installed/x64-windows-static/debug/Program Files/Microsoft Visual Studio/2022/Community/Common7/IDE/VC/vcpackages/cl"
      - "C:/src/vcpkg/installed/x64-windows-static/debug/Program Files/Microsoft Visual Studio/2022/Community/Common7/IDE/VC/vcpackages/bcc.com"
      - "C:/src/vcpkg/installed/x64-windows-static/debug/Program Files/Microsoft Visual Studio/2022/Community/Common7/IDE/VC/vcpackages/bcc.exe"
      - "C:/src/vcpkg/installed/x64-windows-static/debug/Program Files/Microsoft Visual Studio/2022/Community/Common7/IDE/VC/vcpackages/bcc"
      - "C:/src/vcpkg/installed/x64-windows-static/debug/Program Files/Microsoft Visual Studio/2022/Community/Common7/IDE/VC/vcpackages/icx.com"
      - "C:/src/vcpkg/installed/x64-windows-static/debug/Program Files/Microsoft Visual Studio/2022/Community/Common7/IDE/VC/vcpackages/icx.exe"
      - "C:/src/vcpkg/installed/x64-windows-static/debug/Program Files/Microsoft Visual Studio/2022/Community/Common7/IDE/VC/vcpackages/icx"
      - "C:/src/vcpkg/installed/x64-windows-static/debug/Program Files/Microsoft Visual Studio/2022/Community/Common7/IDE/VC/vcpackages/clang++.com"
      - "C:/src/vcpkg/installed/x64-windows-static/debug/Program Files/Microsoft Visual Studio/2022/Community/Common7/IDE/VC/vcpackages/clang++.exe"
      - "C:/src/vcpkg/installed/x64-windows-static/debug/Program Files/Microsoft Visual Studio/2022/Community/Common7/IDE/VC/vcpackages/clang++"
      - "C:/src/vcpkg/installed/x64-windows-static/debug/Program Files/Microsoft Visual Studio/2022/Community/Common7/IDE/CommonExtensions/Microsoft/TestWindow/c++.com"
      - "C:/src/vcpkg/installed/x64-windows-static/debug/Program Files/Microsoft Visual Studio/2022/Community/Common7/IDE/CommonExtensions/Microsoft/TestWindow/c++.exe"
      - "C:/src/vcpkg/installed/x64-windows-static/debug/Program Files/Microsoft Visual Studio/2022/Community/Common7/IDE/CommonExtensions/Microsoft/TestWindow/c++"
      - "C:/src/vcpkg/installed/x64-windows-static/debug/Program Files/Microsoft Visual Studio/2022/Community/Common7/IDE/CommonExtensions/Microsoft/TestWindow/g++.com"
      - "C:/src/vcpkg/installed/x64-windows-static/debug/Program Files/Microsoft Visual Studio/2022/Community/Common7/IDE/CommonExtensions/Microsoft/TestWindow/g++.exe"
      - "C:/src/vcpkg/installed/x64-windows-static/debug/Program Files/Microsoft Visual Studio/2022/Community/Common7/IDE/CommonExtensions/Microsoft/TestWindow/g++"
      - "C:/src/vcpkg/installed/x64-windows-static/debug/Program Files/Microsoft Visual Studio/2022/Community/Common7/IDE/CommonExtensions/Microsoft/TestWindow/cl.com"
      - "C:/src/vcpkg/installed/x64-windows-static/debug/Program Files/Microsoft Visual Studio/2022/Community/Common7/IDE/CommonExtensions/Microsoft/TestWindow/cl.exe"
      - "C:/src/vcpkg/installed/x64-windows-static/debug/Program Files/Microsoft Visual Studio/2022/Community/Common7/IDE/CommonExtensions/Microsoft/TestWindow/cl"
      - "C:/src/vcpkg/installed/x64-windows-static/debug/Program Files/Microsoft Visual Studio/2022/Community/Common7/IDE/CommonExtensions/Microsoft/TestWindow/bcc.com"
      - "C:/src/vcpkg/installed/x64-windows-static/debug/Program Files/Microsoft Visual Studio/2022/Community/Common7/IDE/CommonExtensions/Microsoft/TestWindow/bcc.exe"
      - "C:/src/vcpkg/installed/x64-windows-static/debug/Program Files/Microsoft Visual Studio/2022/Community/Common7/IDE/CommonExtensions/Microsoft/TestWindow/bcc"
      - "C:/src/vcpkg/installed/x64-windows-static/debug/Program Files/Microsoft Visual Studio/2022/Community/Common7/IDE/CommonExtensions/Microsoft/TestWindow/icx.com"
      - "C:/src/vcpkg/installed/x64-windows-static/debug/Program Files/Microsoft Visual Studio/2022/Community/Common7/IDE/CommonExtensions/Microsoft/TestWindow/icx.exe"
      - "C:/src/vcpkg/installed/x64-windows-static/debug/Program Files/Microsoft Visual Studio/2022/Community/Common7/IDE/CommonExtensions/Microsoft/TestWindow/icx"
      - "C:/src/vcpkg/installed/x64-windows-static/debug/Program Files/Microsoft Visual Studio/2022/Community/Common7/IDE/CommonExtensions/Microsoft/TestWindow/clang++.com"
      - "C:/src/vcpkg/installed/x64-windows-static/debug/Program Files/Microsoft Visual Studio/2022/Community/Common7/IDE/CommonExtensions/Microsoft/TestWindow/clang++.exe"
      - "C:/src/vcpkg/installed/x64-windows-static/debug/Program Files/Microsoft Visual Studio/2022/Community/Common7/IDE/CommonExtensions/Microsoft/TestWindow/clang++"
      - "C:/src/vcpkg/installed/x64-windows-static/debug/Program Files/Microsoft Visual Studio/2022/Community/Common7/IDE/CommonExtensions/Microsoft/TeamFoundation/Team Explorer/c++.com"
      - "C:/src/vcpkg/installed/x64-windows-static/debug/Program Files/Microsoft Visual Studio/2022/Community/Common7/IDE/CommonExtensions/Microsoft/TeamFoundation/Team Explorer/c++.exe"
      - "C:/src/vcpkg/installed/x64-windows-static/debug/Program Files/Microsoft Visual Studio/2022/Community/Common7/IDE/CommonExtensions/Microsoft/TeamFoundation/Team Explorer/c++"
      - "C:/src/vcpkg/installed/x64-windows-static/debug/Program Files/Microsoft Visual Studio/2022/Community/Common7/IDE/CommonExtensions/Microsoft/TeamFoundation/Team Explorer/g++.com"
      - "C:/src/vcpkg/installed/x64-windows-static/debug/Program Files/Microsoft Visual Studio/2022/Community/Common7/IDE/CommonExtensions/Microsoft/TeamFoundation/Team Explorer/g++.exe"
      - "C:/src/vcpkg/installed/x64-windows-static/debug/Program Files/Microsoft Visual Studio/2022/Community/Common7/IDE/CommonExtensions/Microsoft/TeamFoundation/Team Explorer/g++"
      - "C:/src/vcpkg/installed/x64-windows-static/debug/Program Files/Microsoft Visual Studio/2022/Community/Common7/IDE/CommonExtensions/Microsoft/TeamFoundation/Team Explorer/cl.com"
      - "C:/src/vcpkg/installed/x64-windows-static/debug/Program Files/Microsoft Visual Studio/2022/Community/Common7/IDE/CommonExtensions/Microsoft/TeamFoundation/Team Explorer/cl.exe"
      - "C:/src/vcpkg/installed/x64-windows-static/debug/Program Files/Microsoft Visual Studio/2022/Community/Common7/IDE/CommonExtensions/Microsoft/TeamFoundation/Team Explorer/cl"
      - "C:/src/vcpkg/installed/x64-windows-static/debug/Program Files/Microsoft Visual Studio/2022/Community/Common7/IDE/CommonExtensions/Microsoft/TeamFoundation/Team Explorer/bcc.com"
      - "C:/src/vcpkg/installed/x64-windows-static/debug/Program Files/Microsoft Visual Studio/2022/Community/Common7/IDE/CommonExtensions/Microsoft/TeamFoundation/Team Explorer/bcc.exe"
      - "C:/src/vcpkg/installed/x64-windows-static/debug/Program Files/Microsoft Visual Studio/2022/Community/Common7/IDE/CommonExtensions/Microsoft/TeamFoundation/Team Explorer/bcc"
      - "C:/src/vcpkg/installed/x64-windows-static/debug/Program Files/Microsoft Visual Studio/2022/Community/Common7/IDE/CommonExtensions/Microsoft/TeamFoundation/Team Explorer/icx.com"
      - "C:/src/vcpkg/installed/x64-windows-static/debug/Program Files/Microsoft Visual Studio/2022/Community/Common7/IDE/CommonExtensions/Microsoft/TeamFoundation/Team Explorer/icx.exe"
      - "C:/src/vcpkg/installed/x64-windows-static/debug/Program Files/Microsoft Visual Studio/2022/Community/Common7/IDE/CommonExtensions/Microsoft/TeamFoundation/Team Explorer/icx"
      - "C:/src/vcpkg/installed/x64-windows-static/debug/Program Files/Microsoft Visual Studio/2022/Community/Common7/IDE/CommonExtensions/Microsoft/TeamFoundation/Team Explorer/clang++.com"
      - "C:/src/vcpkg/installed/x64-windows-static/debug/Program Files/Microsoft Visual Studio/2022/Community/Common7/IDE/CommonExtensions/Microsoft/TeamFoundation/Team Explorer/clang++.exe"
      - "C:/src/vcpkg/installed/x64-windows-static/debug/Program Files/Microsoft Visual Studio/2022/Community/Common7/IDE/CommonExtensions/Microsoft/TeamFoundation/Team Explorer/clang++"
      - "C:/src/vcpkg/installed/x64-windows-static/debug/Program Files/Microsoft Visual Studio/2022/Community/MSBuild/Current/Bin/Roslyn/c++.com"
      - "C:/src/vcpkg/installed/x64-windows-static/debug/Program Files/Microsoft Visual Studio/2022/Community/MSBuild/Current/Bin/Roslyn/c++.exe"
      - "C:/src/vcpkg/installed/x64-windows-static/debug/Program Files/Microsoft Visual Studio/2022/Community/MSBuild/Current/Bin/Roslyn/c++"
      - "C:/src/vcpkg/installed/x64-windows-static/debug/Program Files/Microsoft Visual Studio/2022/Community/MSBuild/Current/Bin/Roslyn/g++.com"
      - "C:/src/vcpkg/installed/x64-windows-static/debug/Program Files/Microsoft Visual Studio/2022/Community/MSBuild/Current/Bin/Roslyn/g++.exe"
      - "C:/src/vcpkg/installed/x64-windows-static/debug/Program Files/Microsoft Visual Studio/2022/Community/MSBuild/Current/Bin/Roslyn/g++"
      - "C:/src/vcpkg/installed/x64-windows-static/debug/Program Files/Microsoft Visual Studio/2022/Community/MSBuild/Current/Bin/Roslyn/cl.com"
      - "C:/src/vcpkg/installed/x64-windows-static/debug/Program Files/Microsoft Visual Studio/2022/Community/MSBuild/Current/Bin/Roslyn/cl.exe"
      - "C:/src/vcpkg/installed/x64-windows-static/debug/Program Files/Microsoft Visual Studio/2022/Community/MSBuild/Current/Bin/Roslyn/cl"
      - "C:/src/vcpkg/installed/x64-windows-static/debug/Program Files/Microsoft Visual Studio/2022/Community/MSBuild/Current/Bin/Roslyn/bcc.com"
      - "C:/src/vcpkg/installed/x64-windows-static/debug/Program Files/Microsoft Visual Studio/2022/Community/MSBuild/Current/Bin/Roslyn/bcc.exe"
      - "C:/src/vcpkg/installed/x64-windows-static/debug/Program Files/Microsoft Visual Studio/2022/Community/MSBuild/Current/Bin/Roslyn/bcc"
      - "C:/src/vcpkg/installed/x64-windows-static/debug/Program Files/Microsoft Visual Studio/2022/Community/MSBuild/Current/Bin/Roslyn/icx.com"
      - "C:/src/vcpkg/installed/x64-windows-static/debug/Program Files/Microsoft Visual Studio/2022/Community/MSBuild/Current/Bin/Roslyn/icx.exe"
      - "C:/src/vcpkg/installed/x64-windows-static/debug/Program Files/Microsoft Visual Studio/2022/Community/MSBuild/Current/Bin/Roslyn/icx"
      - "C:/src/vcpkg/installed/x64-windows-static/debug/Program Files/Microsoft Visual Studio/2022/Community/MSBuild/Current/Bin/Roslyn/clang++.com"
      - "C:/src/vcpkg/installed/x64-windows-static/debug/Program Files/Microsoft Visual Studio/2022/Community/MSBuild/Current/Bin/Roslyn/clang++.exe"
      - "C:/src/vcpkg/installed/x64-windows-static/debug/Program Files/Microsoft Visual Studio/2022/Community/MSBuild/Current/Bin/Roslyn/clang++"
      - "C:/src/vcpkg/installed/x64-windows-static/debug/Program Files (x86)/Microsoft SDKs/Windows/v10.0A/bin/NETFX 4.8 Tools/x64/c++.com"
      - "C:/src/vcpkg/installed/x64-windows-static/debug/Program Files (x86)/Microsoft SDKs/Windows/v10.0A/bin/NETFX 4.8 Tools/x64/c++.exe"
      - "C:/src/vcpkg/installed/x64-windows-static/debug/Program Files (x86)/Microsoft SDKs/Windows/v10.0A/bin/NETFX 4.8 Tools/x64/c++"
      - "C:/src/vcpkg/installed/x64-windows-static/debug/Program Files (x86)/Microsoft SDKs/Windows/v10.0A/bin/NETFX 4.8 Tools/x64/g++.com"
      - "C:/src/vcpkg/installed/x64-windows-static/debug/Program Files (x86)/Microsoft SDKs/Windows/v10.0A/bin/NETFX 4.8 Tools/x64/g++.exe"
      - "C:/src/vcpkg/installed/x64-windows-static/debug/Program Files (x86)/Microsoft SDKs/Windows/v10.0A/bin/NETFX 4.8 Tools/x64/g++"
      - "C:/src/vcpkg/installed/x64-windows-static/debug/Program Files (x86)/Microsoft SDKs/Windows/v10.0A/bin/NETFX 4.8 Tools/x64/cl.com"
      - "C:/src/vcpkg/installed/x64-windows-static/debug/Program Files (x86)/Microsoft SDKs/Windows/v10.0A/bin/NETFX 4.8 Tools/x64/cl.exe"
      - "C:/src/vcpkg/installed/x64-windows-static/debug/Program Files (x86)/Microsoft SDKs/Windows/v10.0A/bin/NETFX 4.8 Tools/x64/cl"
      - "C:/src/vcpkg/installed/x64-windows-static/debug/Program Files (x86)/Microsoft SDKs/Windows/v10.0A/bin/NETFX 4.8 Tools/x64/bcc.com"
      - "C:/src/vcpkg/installed/x64-windows-static/debug/Program Files (x86)/Microsoft SDKs/Windows/v10.0A/bin/NETFX 4.8 Tools/x64/bcc.exe"
      - "C:/src/vcpkg/installed/x64-windows-static/debug/Program Files (x86)/Microsoft SDKs/Windows/v10.0A/bin/NETFX 4.8 Tools/x64/bcc"
      - "C:/src/vcpkg/installed/x64-windows-static/debug/Program Files (x86)/Microsoft SDKs/Windows/v10.0A/bin/NETFX 4.8 Tools/x64/icx.com"
      - "C:/src/vcpkg/installed/x64-windows-static/debug/Program Files (x86)/Microsoft SDKs/Windows/v10.0A/bin/NETFX 4.8 Tools/x64/icx.exe"
      - "C:/src/vcpkg/installed/x64-windows-static/debug/Program Files (x86)/Microsoft SDKs/Windows/v10.0A/bin/NETFX 4.8 Tools/x64/icx"
      - "C:/src/vcpkg/installed/x64-windows-static/debug/Program Files (x86)/Microsoft SDKs/Windows/v10.0A/bin/NETFX 4.8 Tools/x64/clang++.com"
      - "C:/src/vcpkg/installed/x64-windows-static/debug/Program Files (x86)/Microsoft SDKs/Windows/v10.0A/bin/NETFX 4.8 Tools/x64/clang++.exe"
      - "C:/src/vcpkg/installed/x64-windows-static/debug/Program Files (x86)/Microsoft SDKs/Windows/v10.0A/bin/NETFX 4.8 Tools/x64/clang++"
      - "C:/src/vcpkg/installed/x64-windows-static/debug/Program Files/Microsoft Visual Studio/2022/Community/Common7/IDE/CommonExtensions/Microsoft/FSharp/Tools/c++.com"
      - "C:/src/vcpkg/installed/x64-windows-static/debug/Program Files/Microsoft Visual Studio/2022/Community/Common7/IDE/CommonExtensions/Microsoft/FSharp/Tools/c++.exe"
      - "C:/src/vcpkg/installed/x64-windows-static/debug/Program Files/Microsoft Visual Studio/2022/Community/Common7/IDE/CommonExtensions/Microsoft/FSharp/Tools/c++"
      - "C:/src/vcpkg/installed/x64-windows-static/debug/Program Files/Microsoft Visual Studio/2022/Community/Common7/IDE/CommonExtensions/Microsoft/FSharp/Tools/g++.com"
      - "C:/src/vcpkg/installed/x64-windows-static/debug/Program Files/Microsoft Visual Studio/2022/Community/Common7/IDE/CommonExtensions/Microsoft/FSharp/Tools/g++.exe"
      - "C:/src/vcpkg/installed/x64-windows-static/debug/Program Files/Microsoft Visual Studio/2022/Community/Common7/IDE/CommonExtensions/Microsoft/FSharp/Tools/g++"
      - "C:/src/vcpkg/installed/x64-windows-static/debug/Program Files/Microsoft Visual Studio/2022/Community/Common7/IDE/CommonExtensions/Microsoft/FSharp/Tools/cl.com"
      - "C:/src/vcpkg/installed/x64-windows-static/debug/Program Files/Microsoft Visual Studio/2022/Community/Common7/IDE/CommonExtensions/Microsoft/FSharp/Tools/cl.exe"
      - "C:/src/vcpkg/installed/x64-windows-static/debug/Program Files/Microsoft Visual Studio/2022/Community/Common7/IDE/CommonExtensions/Microsoft/FSharp/Tools/cl"
      - "C:/src/vcpkg/installed/x64-windows-static/debug/Program Files/Microsoft Visual Studio/2022/Community/Common7/IDE/CommonExtensions/Microsoft/FSharp/Tools/bcc.com"
      - "C:/src/vcpkg/installed/x64-windows-static/debug/Program Files/Microsoft Visual Studio/2022/Community/Common7/IDE/CommonExtensions/Microsoft/FSharp/Tools/bcc.exe"
      - "C:/src/vcpkg/installed/x64-windows-static/debug/Program Files/Microsoft Visual Studio/2022/Community/Common7/IDE/CommonExtensions/Microsoft/FSharp/Tools/bcc"
      - "C:/src/vcpkg/installed/x64-windows-static/debug/Program Files/Microsoft Visual Studio/2022/Community/Common7/IDE/CommonExtensions/Microsoft/FSharp/Tools/icx.com"
      - "C:/src/vcpkg/installed/x64-windows-static/debug/Program Files/Microsoft Visual Studio/2022/Community/Common7/IDE/CommonExtensions/Microsoft/FSharp/Tools/icx.exe"
      - "C:/src/vcpkg/installed/x64-windows-static/debug/Program Files/Microsoft Visual Studio/2022/Community/Common7/IDE/CommonExtensions/Microsoft/FSharp/Tools/icx"
      - "C:/src/vcpkg/installed/x64-windows-static/debug/Program Files/Microsoft Visual Studio/2022/Community/Common7/IDE/CommonExtensions/Microsoft/FSharp/Tools/clang++.com"
      - "C:/src/vcpkg/installed/x64-windows-static/debug/Program Files/Microsoft Visual Studio/2022/Community/Common7/IDE/CommonExtensions/Microsoft/FSharp/Tools/clang++.exe"
      - "C:/src/vcpkg/installed/x64-windows-static/debug/Program Files/Microsoft Visual Studio/2022/Community/Common7/IDE/CommonExtensions/Microsoft/FSharp/Tools/clang++"
      - "C:/src/vcpkg/installed/x64-windows-static/debug/Program Files/Microsoft Visual Studio/2022/Community/Team Tools/DiagnosticsHub/Collector/c++.com"
      - "C:/src/vcpkg/installed/x64-windows-static/debug/Program Files/Microsoft Visual Studio/2022/Community/Team Tools/DiagnosticsHub/Collector/c++.exe"
      - "C:/src/vcpkg/installed/x64-windows-static/debug/Program Files/Microsoft Visual Studio/2022/Community/Team Tools/DiagnosticsHub/Collector/c++"
      - "C:/src/vcpkg/installed/x64-windows-static/debug/Program Files/Microsoft Visual Studio/2022/Community/Team Tools/DiagnosticsHub/Collector/g++.com"
      - "C:/src/vcpkg/installed/x64-windows-static/debug/Program Files/Microsoft Visual Studio/2022/Community/Team Tools/DiagnosticsHub/Collector/g++.exe"
      - "C:/src/vcpkg/installed/x64-windows-static/debug/Program Files/Microsoft Visual Studio/2022/Community/Team Tools/DiagnosticsHub/Collector/g++"
      - "C:/src/vcpkg/installed/x64-windows-static/debug/Program Files/Microsoft Visual Studio/2022/Community/Team Tools/DiagnosticsHub/Collector/cl.com"
      - "C:/src/vcpkg/installed/x64-windows-static/debug/Program Files/Microsoft Visual Studio/2022/Community/Team Tools/DiagnosticsHub/Collector/cl.exe"
      - "C:/src/vcpkg/installed/x64-windows-static/debug/Program Files/Microsoft Visual Studio/2022/Community/Team Tools/DiagnosticsHub/Collector/cl"
      - "C:/src/vcpkg/installed/x64-windows-static/debug/Program Files/Microsoft Visual Studio/2022/Community/Team Tools/DiagnosticsHub/Collector/bcc.com"
      - "C:/src/vcpkg/installed/x64-windows-static/debug/Program Files/Microsoft Visual Studio/2022/Community/Team Tools/DiagnosticsHub/Collector/bcc.exe"
      - "C:/src/vcpkg/installed/x64-windows-static/debug/Program Files/Microsoft Visual Studio/2022/Community/Team Tools/DiagnosticsHub/Collector/bcc"
      - "C:/src/vcpkg/installed/x64-windows-static/debug/Program Files/Microsoft Visual Studio/2022/Community/Team Tools/DiagnosticsHub/Collector/icx.com"
      - "C:/src/vcpkg/installed/x64-windows-static/debug/Program Files/Microsoft Visual Studio/2022/Community/Team Tools/DiagnosticsHub/Collector/icx.exe"
      - "C:/src/vcpkg/installed/x64-windows-static/debug/Program Files/Microsoft Visual Studio/2022/Community/Team Tools/DiagnosticsHub/Collector/icx"
      - "C:/src/vcpkg/installed/x64-windows-static/debug/Program Files/Microsoft Visual Studio/2022/Community/Team Tools/DiagnosticsHub/Collector/clang++.com"
      - "C:/src/vcpkg/installed/x64-windows-static/debug/Program Files/Microsoft Visual Studio/2022/Community/Team Tools/DiagnosticsHub/Collector/clang++.exe"
      - "C:/src/vcpkg/installed/x64-windows-static/debug/Program Files/Microsoft Visual Studio/2022/Community/Team Tools/DiagnosticsHub/Collector/clang++"
      - "C:/src/vcpkg/installed/x64-windows-static/debug/Program Files (x86)/Windows Kits/10/bin/10.0.26100.0/x64/c++.com"
      - "C:/src/vcpkg/installed/x64-windows-static/debug/Program Files (x86)/Windows Kits/10/bin/10.0.26100.0/x64/c++.exe"
      - "C:/src/vcpkg/installed/x64-windows-static/debug/Program Files (x86)/Windows Kits/10/bin/10.0.26100.0/x64/c++"
      - "C:/src/vcpkg/installed/x64-windows-static/debug/Program Files (x86)/Windows Kits/10/bin/10.0.26100.0/x64/g++.com"
      - "C:/src/vcpkg/installed/x64-windows-static/debug/Program Files (x86)/Windows Kits/10/bin/10.0.26100.0/x64/g++.exe"
      - "C:/src/vcpkg/installed/x64-windows-static/debug/Program Files (x86)/Windows Kits/10/bin/10.0.26100.0/x64/g++"
      - "C:/src/vcpkg/installed/x64-windows-static/debug/Program Files (x86)/Windows Kits/10/bin/10.0.26100.0/x64/cl.com"
      - "C:/src/vcpkg/installed/x64-windows-static/debug/Program Files (x86)/Windows Kits/10/bin/10.0.26100.0/x64/cl.exe"
      - "C:/src/vcpkg/installed/x64-windows-static/debug/Program Files (x86)/Windows Kits/10/bin/10.0.26100.0/x64/cl"
      - "C:/src/vcpkg/installed/x64-windows-static/debug/Program Files (x86)/Windows Kits/10/bin/10.0.26100.0/x64/bcc.com"
      - "C:/src/vcpkg/installed/x64-windows-static/debug/Program Files (x86)/Windows Kits/10/bin/10.0.26100.0/x64/bcc.exe"
      - "C:/src/vcpkg/installed/x64-windows-static/debug/Program Files (x86)/Windows Kits/10/bin/10.0.26100.0/x64/bcc"
      - "C:/src/vcpkg/installed/x64-windows-static/debug/Program Files (x86)/Windows Kits/10/bin/10.0.26100.0/x64/icx.com"
      - "C:/src/vcpkg/installed/x64-windows-static/debug/Program Files (x86)/Windows Kits/10/bin/10.0.26100.0/x64/icx.exe"
      - "C:/src/vcpkg/installed/x64-windows-static/debug/Program Files (x86)/Windows Kits/10/bin/10.0.26100.0/x64/icx"
      - "C:/src/vcpkg/installed/x64-windows-static/debug/Program Files (x86)/Windows Kits/10/bin/10.0.26100.0/x64/clang++.com"
      - "C:/src/vcpkg/installed/x64-windows-static/debug/Program Files (x86)/Windows Kits/10/bin/10.0.26100.0/x64/clang++.exe"
      - "C:/src/vcpkg/installed/x64-windows-static/debug/Program Files (x86)/Windows Kits/10/bin/10.0.26100.0/x64/clang++"
      - "C:/src/vcpkg/installed/x64-windows-static/debug/Program Files (x86)/Windows Kits/10/bin/x64/c++.com"
      - "C:/src/vcpkg/installed/x64-windows-static/debug/Program Files (x86)/Windows Kits/10/bin/x64/c++.exe"
      - "C:/src/vcpkg/installed/x64-windows-static/debug/Program Files (x86)/Windows Kits/10/bin/x64/c++"
      - "C:/src/vcpkg/installed/x64-windows-static/debug/Program Files (x86)/Windows Kits/10/bin/x64/g++.com"
      - "C:/src/vcpkg/installed/x64-windows-static/debug/Program Files (x86)/Windows Kits/10/bin/x64/g++.exe"
      - "C:/src/vcpkg/installed/x64-windows-static/debug/Program Files (x86)/Windows Kits/10/bin/x64/g++"
      - "C:/src/vcpkg/installed/x64-windows-static/debug/Program Files (x86)/Windows Kits/10/bin/x64/cl.com"
      - "C:/src/vcpkg/installed/x64-windows-static/debug/Program Files (x86)/Windows Kits/10/bin/x64/cl.exe"
      - "C:/src/vcpkg/installed/x64-windows-static/debug/Program Files (x86)/Windows Kits/10/bin/x64/cl"
      - "C:/src/vcpkg/installed/x64-windows-static/debug/Program Files (x86)/Windows Kits/10/bin/x64/bcc.com"
      - "C:/src/vcpkg/installed/x64-windows-static/debug/Program Files (x86)/Windows Kits/10/bin/x64/bcc.exe"
      - "C:/src/vcpkg/installed/x64-windows-static/debug/Program Files (x86)/Windows Kits/10/bin/x64/bcc"
      - "C:/src/vcpkg/installed/x64-windows-static/debug/Program Files (x86)/Windows Kits/10/bin/x64/icx.com"
      - "C:/src/vcpkg/installed/x64-windows-static/debug/Program Files (x86)/Windows Kits/10/bin/x64/icx.exe"
      - "C:/src/vcpkg/installed/x64-windows-static/debug/Program Files (x86)/Windows Kits/10/bin/x64/icx"
      - "C:/src/vcpkg/installed/x64-windows-static/debug/Program Files (x86)/Windows Kits/10/bin/x64/clang++.com"
      - "C:/src/vcpkg/installed/x64-windows-static/debug/Program Files (x86)/Windows Kits/10/bin/x64/clang++.exe"
      - "C:/src/vcpkg/installed/x64-windows-static/debug/Program Files (x86)/Windows Kits/10/bin/x64/clang++"
      - "C:/src/vcpkg/installed/x64-windows-static/debug/Program Files/Microsoft Visual Studio/2022/Community/MSBuild/Current/Bin/amd64/c++.com"
      - "C:/src/vcpkg/installed/x64-windows-static/debug/Program Files/Microsoft Visual Studio/2022/Community/MSBuild/Current/Bin/amd64/c++.exe"
      - "C:/src/vcpkg/installed/x64-windows-static/debug/Program Files/Microsoft Visual Studio/2022/Community/MSBuild/Current/Bin/amd64/c++"
      - "C:/src/vcpkg/installed/x64-windows-static/debug/Program Files/Microsoft Visual Studio/2022/Community/MSBuild/Current/Bin/amd64/g++.com"
      - "C:/src/vcpkg/installed/x64-windows-static/debug/Program Files/Microsoft Visual Studio/2022/Community/MSBuild/Current/Bin/amd64/g++.exe"
      - "C:/src/vcpkg/installed/x64-windows-static/debug/Program Files/Microsoft Visual Studio/2022/Community/MSBuild/Current/Bin/amd64/g++"
      - "C:/src/vcpkg/installed/x64-windows-static/debug/Program Files/Microsoft Visual Studio/2022/Community/MSBuild/Current/Bin/amd64/cl.com"
      - "C:/src/vcpkg/installed/x64-windows-static/debug/Program Files/Microsoft Visual Studio/2022/Community/MSBuild/Current/Bin/amd64/cl.exe"
      - "C:/src/vcpkg/installed/x64-windows-static/debug/Program Files/Microsoft Visual Studio/2022/Community/MSBuild/Current/Bin/amd64/cl"
      - "C:/src/vcpkg/installed/x64-windows-static/debug/Program Files/Microsoft Visual Studio/2022/Community/MSBuild/Current/Bin/amd64/bcc.com"
      - "C:/src/vcpkg/installed/x64-windows-static/debug/Program Files/Microsoft Visual Studio/2022/Community/MSBuild/Current/Bin/amd64/bcc.exe"
      - "C:/src/vcpkg/installed/x64-windows-static/debug/Program Files/Microsoft Visual Studio/2022/Community/MSBuild/Current/Bin/amd64/bcc"
      - "C:/src/vcpkg/installed/x64-windows-static/debug/Program Files/Microsoft Visual Studio/2022/Community/MSBuild/Current/Bin/amd64/icx.com"
      - "C:/src/vcpkg/installed/x64-windows-static/debug/Program Files/Microsoft Visual Studio/2022/Community/MSBuild/Current/Bin/amd64/icx.exe"
      - "C:/src/vcpkg/installed/x64-windows-static/debug/Program Files/Microsoft Visual Studio/2022/Community/MSBuild/Current/Bin/amd64/icx"
      - "C:/src/vcpkg/installed/x64-windows-static/debug/Program Files/Microsoft Visual Studio/2022/Community/MSBuild/Current/Bin/amd64/clang++.com"
      - "C:/src/vcpkg/installed/x64-windows-static/debug/Program Files/Microsoft Visual Studio/2022/Community/MSBuild/Current/Bin/amd64/clang++.exe"
      - "C:/src/vcpkg/installed/x64-windows-static/debug/Program Files/Microsoft Visual Studio/2022/Community/MSBuild/Current/Bin/amd64/clang++"
      - "C:/src/vcpkg/installed/x64-windows-static/debug/Windows/Microsoft.NET/Framework64/v4.0.30319/c++.com"
      - "C:/src/vcpkg/installed/x64-windows-static/debug/Windows/Microsoft.NET/Framework64/v4.0.30319/c++.exe"
      - "C:/src/vcpkg/installed/x64-windows-static/debug/Windows/Microsoft.NET/Framework64/v4.0.30319/c++"
      - "C:/src/vcpkg/installed/x64-windows-static/debug/Windows/Microsoft.NET/Framework64/v4.0.30319/g++.com"
      - "C:/src/vcpkg/installed/x64-windows-static/debug/Windows/Microsoft.NET/Framework64/v4.0.30319/g++.exe"
      - "C:/src/vcpkg/installed/x64-windows-static/debug/Windows/Microsoft.NET/Framework64/v4.0.30319/g++"
      - "C:/src/vcpkg/installed/x64-windows-static/debug/Windows/Microsoft.NET/Framework64/v4.0.30319/cl.com"
      - "C:/src/vcpkg/installed/x64-windows-static/debug/Windows/Microsoft.NET/Framework64/v4.0.30319/cl.exe"
      - "C:/src/vcpkg/installed/x64-windows-static/debug/Windows/Microsoft.NET/Framework64/v4.0.30319/cl"
      - "C:/src/vcpkg/installed/x64-windows-static/debug/Windows/Microsoft.NET/Framework64/v4.0.30319/bcc.com"
      - "C:/src/vcpkg/installed/x64-windows-static/debug/Windows/Microsoft.NET/Framework64/v4.0.30319/bcc.exe"
      - "C:/src/vcpkg/installed/x64-windows-static/debug/Windows/Microsoft.NET/Framework64/v4.0.30319/bcc"
      - "C:/src/vcpkg/installed/x64-windows-static/debug/Windows/Microsoft.NET/Framework64/v4.0.30319/icx.com"
      - "C:/src/vcpkg/installed/x64-windows-static/debug/Windows/Microsoft.NET/Framework64/v4.0.30319/icx.exe"
      - "C:/src/vcpkg/installed/x64-windows-static/debug/Windows/Microsoft.NET/Framework64/v4.0.30319/icx"
      - "C:/src/vcpkg/installed/x64-windows-static/debug/Windows/Microsoft.NET/Framework64/v4.0.30319/clang++.com"
      - "C:/src/vcpkg/installed/x64-windows-static/debug/Windows/Microsoft.NET/Framework64/v4.0.30319/clang++.exe"
      - "C:/src/vcpkg/installed/x64-windows-static/debug/Windows/Microsoft.NET/Framework64/v4.0.30319/clang++"
      - "C:/src/vcpkg/installed/x64-windows-static/debug/Program Files/Microsoft Visual Studio/2022/Community/Common7/IDE/c++.com"
      - "C:/src/vcpkg/installed/x64-windows-static/debug/Program Files/Microsoft Visual Studio/2022/Community/Common7/IDE/c++.exe"
      - "C:/src/vcpkg/installed/x64-windows-static/debug/Program Files/Microsoft Visual Studio/2022/Community/Common7/IDE/c++"
      - "C:/src/vcpkg/installed/x64-windows-static/debug/Program Files/Microsoft Visual Studio/2022/Community/Common7/IDE/g++.com"
      - "C:/src/vcpkg/installed/x64-windows-static/debug/Program Files/Microsoft Visual Studio/2022/Community/Common7/IDE/g++.exe"
      - "C:/src/vcpkg/installed/x64-windows-static/debug/Program Files/Microsoft Visual Studio/2022/Community/Common7/IDE/g++"
      - "C:/src/vcpkg/installed/x64-windows-static/debug/Program Files/Microsoft Visual Studio/2022/Community/Common7/IDE/cl.com"
      - "C:/src/vcpkg/installed/x64-windows-static/debug/Program Files/Microsoft Visual Studio/2022/Community/Common7/IDE/cl.exe"
      - "C:/src/vcpkg/installed/x64-windows-static/debug/Program Files/Microsoft Visual Studio/2022/Community/Common7/IDE/cl"
      - "C:/src/vcpkg/installed/x64-windows-static/debug/Program Files/Microsoft Visual Studio/2022/Community/Common7/IDE/bcc.com"
      - "C:/src/vcpkg/installed/x64-windows-static/debug/Program Files/Microsoft Visual Studio/2022/Community/Common7/IDE/bcc.exe"
      - "C:/src/vcpkg/installed/x64-windows-static/debug/Program Files/Microsoft Visual Studio/2022/Community/Common7/IDE/bcc"
      - "C:/src/vcpkg/installed/x64-windows-static/debug/Program Files/Microsoft Visual Studio/2022/Community/Common7/IDE/icx.com"
      - "C:/src/vcpkg/installed/x64-windows-static/debug/Program Files/Microsoft Visual Studio/2022/Community/Common7/IDE/icx.exe"
      - "C:/src/vcpkg/installed/x64-windows-static/debug/Program Files/Microsoft Visual Studio/2022/Community/Common7/IDE/icx"
      - "C:/src/vcpkg/installed/x64-windows-static/debug/Program Files/Microsoft Visual Studio/2022/Community/Common7/IDE/clang++.com"
      - "C:/src/vcpkg/installed/x64-windows-static/debug/Program Files/Microsoft Visual Studio/2022/Community/Common7/IDE/clang++.exe"
      - "C:/src/vcpkg/installed/x64-windows-static/debug/Program Files/Microsoft Visual Studio/2022/Community/Common7/IDE/clang++"
      - "C:/src/vcpkg/installed/x64-windows-static/debug/Program Files/Microsoft Visual Studio/2022/Community/Common7/Tools/c++.com"
      - "C:/src/vcpkg/installed/x64-windows-static/debug/Program Files/Microsoft Visual Studio/2022/Community/Common7/Tools/c++.exe"
      - "C:/src/vcpkg/installed/x64-windows-static/debug/Program Files/Microsoft Visual Studio/2022/Community/Common7/Tools/c++"
      - "C:/src/vcpkg/installed/x64-windows-static/debug/Program Files/Microsoft Visual Studio/2022/Community/Common7/Tools/g++.com"
      - "C:/src/vcpkg/installed/x64-windows-static/debug/Program Files/Microsoft Visual Studio/2022/Community/Common7/Tools/g++.exe"
      - "C:/src/vcpkg/installed/x64-windows-static/debug/Program Files/Microsoft Visual Studio/2022/Community/Common7/Tools/g++"
      - "C:/src/vcpkg/installed/x64-windows-static/debug/Program Files/Microsoft Visual Studio/2022/Community/Common7/Tools/cl.com"
      - "C:/src/vcpkg/installed/x64-windows-static/debug/Program Files/Microsoft Visual Studio/2022/Community/Common7/Tools/cl.exe"
      - "C:/src/vcpkg/installed/x64-windows-static/debug/Program Files/Microsoft Visual Studio/2022/Community/Common7/Tools/cl"
      - "C:/src/vcpkg/installed/x64-windows-static/debug/Program Files/Microsoft Visual Studio/2022/Community/Common7/Tools/bcc.com"
      - "C:/src/vcpkg/installed/x64-windows-static/debug/Program Files/Microsoft Visual Studio/2022/Community/Common7/Tools/bcc.exe"
      - "C:/src/vcpkg/installed/x64-windows-static/debug/Program Files/Microsoft Visual Studio/2022/Community/Common7/Tools/bcc"
      - "C:/src/vcpkg/installed/x64-windows-static/debug/Program Files/Microsoft Visual Studio/2022/Community/Common7/Tools/icx.com"
      - "C:/src/vcpkg/installed/x64-windows-static/debug/Program Files/Microsoft Visual Studio/2022/Community/Common7/Tools/icx.exe"
      - "C:/src/vcpkg/installed/x64-windows-static/debug/Program Files/Microsoft Visual Studio/2022/Community/Common7/Tools/icx"
      - "C:/src/vcpkg/installed/x64-windows-static/debug/Program Files/Microsoft Visual Studio/2022/Community/Common7/Tools/clang++.com"
      - "C:/src/vcpkg/installed/x64-windows-static/debug/Program Files/Microsoft Visual Studio/2022/Community/Common7/Tools/clang++.exe"
      - "C:/src/vcpkg/installed/x64-windows-static/debug/Program Files/Microsoft Visual Studio/2022/Community/Common7/Tools/clang++"
      - "C:/src/vcpkg/installed/x64-windows-static/debug/src/vcpkg/downloads/tools/powershell-core-7.6.4-windows/c++.com"
      - "C:/src/vcpkg/installed/x64-windows-static/debug/src/vcpkg/downloads/tools/powershell-core-7.6.4-windows/c++.exe"
      - "C:/src/vcpkg/installed/x64-windows-static/debug/src/vcpkg/downloads/tools/powershell-core-7.6.4-windows/c++"
      - "C:/src/vcpkg/installed/x64-windows-static/debug/src/vcpkg/downloads/tools/powershell-core-7.6.4-windows/g++.com"
      - "C:/src/vcpkg/installed/x64-windows-static/debug/src/vcpkg/downloads/tools/powershell-core-7.6.4-windows/g++.exe"
      - "C:/src/vcpkg/installed/x64-windows-static/debug/src/vcpkg/downloads/tools/powershell-core-7.6.4-windows/g++"
      - "C:/src/vcpkg/installed/x64-windows-static/debug/src/vcpkg/downloads/tools/powershell-core-7.6.4-windows/cl.com"
      - "C:/src/vcpkg/installed/x64-windows-static/debug/src/vcpkg/downloads/tools/powershell-core-7.6.4-windows/cl.exe"
      - "C:/src/vcpkg/installed/x64-windows-static/debug/src/vcpkg/downloads/tools/powershell-core-7.6.4-windows/cl"
      - "C:/src/vcpkg/installed/x64-windows-static/debug/src/vcpkg/downloads/tools/powershell-core-7.6.4-windows/bcc.com"
      - "C:/src/vcpkg/installed/x64-windows-static/debug/src/vcpkg/downloads/tools/powershell-core-7.6.4-windows/bcc.exe"
      - "C:/src/vcpkg/installed/x64-windows-static/debug/src/vcpkg/downloads/tools/powershell-core-7.6.4-windows/bcc"
      - "C:/src/vcpkg/installed/x64-windows-static/debug/src/vcpkg/downloads/tools/powershell-core-7.6.4-windows/icx.com"
      - "C:/src/vcpkg/installed/x64-windows-static/debug/src/vcpkg/downloads/tools/powershell-core-7.6.4-windows/icx.exe"
      - "C:/src/vcpkg/installed/x64-windows-static/debug/src/vcpkg/downloads/tools/powershell-core-7.6.4-windows/icx"
      - "C:/src/vcpkg/installed/x64-windows-static/debug/src/vcpkg/downloads/tools/powershell-core-7.6.4-windows/clang++.com"
      - "C:/src/vcpkg/installed/x64-windows-static/debug/src/vcpkg/downloads/tools/powershell-core-7.6.4-windows/clang++.exe"
      - "C:/src/vcpkg/installed/x64-windows-static/debug/src/vcpkg/downloads/tools/powershell-core-7.6.4-windows/clang++"
      - "C:/src/vcpkg/installed/x64-windows-static/debug/Windows/System32/c++.com"
      - "C:/src/vcpkg/installed/x64-windows-static/debug/Windows/System32/c++.exe"
      - "C:/src/vcpkg/installed/x64-windows-static/debug/Windows/System32/c++"
      - "C:/src/vcpkg/installed/x64-windows-static/debug/Windows/System32/g++.com"
      - "C:/src/vcpkg/installed/x64-windows-static/debug/Windows/System32/g++.exe"
      - "C:/src/vcpkg/installed/x64-windows-static/debug/Windows/System32/g++"
      - "C:/src/vcpkg/installed/x64-windows-static/debug/Windows/System32/cl.com"
      - "C:/src/vcpkg/installed/x64-windows-static/debug/Windows/System32/cl.exe"
      - "C:/src/vcpkg/installed/x64-windows-static/debug/Windows/System32/cl"
      - "C:/src/vcpkg/installed/x64-windows-static/debug/Windows/System32/bcc.com"
      - "C:/src/vcpkg/installed/x64-windows-static/debug/Windows/System32/bcc.exe"
      - "C:/src/vcpkg/installed/x64-windows-static/debug/Windows/System32/bcc"
      - "C:/src/vcpkg/installed/x64-windows-static/debug/Windows/System32/icx.com"
      - "C:/src/vcpkg/installed/x64-windows-static/debug/Windows/System32/icx.exe"
      - "C:/src/vcpkg/installed/x64-windows-static/debug/Windows/System32/icx"
      - "C:/src/vcpkg/installed/x64-windows-static/debug/Windows/System32/clang++.com"
      - "C:/src/vcpkg/installed/x64-windows-static/debug/Windows/System32/clang++.exe"
      - "C:/src/vcpkg/installed/x64-windows-static/debug/Windows/System32/clang++"
      - "C:/src/vcpkg/installed/x64-windows-static/debug/Windows/c++.com"
      - "C:/src/vcpkg/installed/x64-windows-static/debug/Windows/c++.exe"
      - "C:/src/vcpkg/installed/x64-windows-static/debug/Windows/c++"
      - "C:/src/vcpkg/installed/x64-windows-static/debug/Windows/g++.com"
      - "C:/src/vcpkg/installed/x64-windows-static/debug/Windows/g++.exe"
      - "C:/src/vcpkg/installed/x64-windows-static/debug/Windows/g++"
      - "C:/src/vcpkg/installed/x64-windows-static/debug/Windows/cl.com"
      - "C:/src/vcpkg/installed/x64-windows-static/debug/Windows/cl.exe"
      - "C:/src/vcpkg/installed/x64-windows-static/debug/Windows/cl"
      - "C:/src/vcpkg/installed/x64-windows-static/debug/Windows/bcc.com"
      - "C:/src/vcpkg/installed/x64-windows-static/debug/Windows/bcc.exe"
      - "C:/src/vcpkg/installed/x64-windows-static/debug/Windows/bcc"
      - "C:/src/vcpkg/installed/x64-windows-static/debug/Windows/icx.com"
      - "C:/src/vcpkg/installed/x64-windows-static/debug/Windows/icx.exe"
      - "C:/src/vcpkg/installed/x64-windows-static/debug/Windows/icx"
      - "C:/src/vcpkg/installed/x64-windows-static/debug/Windows/clang++.com"
      - "C:/src/vcpkg/installed/x64-windows-static/debug/Windows/clang++.exe"
      - "C:/src/vcpkg/installed/x64-windows-static/debug/Windows/clang++"
      - "C:/src/vcpkg/installed/x64-windows-static/debug/Windows/System32/wbem/c++.com"
      - "C:/src/vcpkg/installed/x64-windows-static/debug/Windows/System32/wbem/c++.exe"
      - "C:/src/vcpkg/installed/x64-windows-static/debug/Windows/System32/wbem/c++"
      - "C:/src/vcpkg/installed/x64-windows-static/debug/Windows/System32/wbem/g++.com"
      - "C:/src/vcpkg/installed/x64-windows-static/debug/Windows/System32/wbem/g++.exe"
      - "C:/src/vcpkg/installed/x64-windows-static/debug/Windows/System32/wbem/g++"
      - "C:/src/vcpkg/installed/x64-windows-static/debug/Windows/System32/wbem/cl.com"
      - "C:/src/vcpkg/installed/x64-windows-static/debug/Windows/System32/wbem/cl.exe"
      - "C:/src/vcpkg/installed/x64-windows-static/debug/Windows/System32/wbem/cl"
      - "C:/src/vcpkg/installed/x64-windows-static/debug/Windows/System32/wbem/bcc.com"
      - "C:/src/vcpkg/installed/x64-windows-static/debug/Windows/System32/wbem/bcc.exe"
      - "C:/src/vcpkg/installed/x64-windows-static/debug/Windows/System32/wbem/bcc"
      - "C:/src/vcpkg/installed/x64-windows-static/debug/Windows/System32/wbem/icx.com"
      - "C:/src/vcpkg/installed/x64-windows-static/debug/Windows/System32/wbem/icx.exe"
      - "C:/src/vcpkg/installed/x64-windows-static/debug/Windows/System32/wbem/icx"
      - "C:/src/vcpkg/installed/x64-windows-static/debug/Windows/System32/wbem/clang++.com"
      - "C:/src/vcpkg/installed/x64-windows-static/debug/Windows/System32/wbem/clang++.exe"
      - "C:/src/vcpkg/installed/x64-windows-static/debug/Windows/System32/wbem/clang++"
      - "C:/src/vcpkg/installed/x64-windows-static/debug/Windows/System32/WindowsPowerShell/v1.0/c++.com"
      - "C:/src/vcpkg/installed/x64-windows-static/debug/Windows/System32/WindowsPowerShell/v1.0/c++.exe"
      - "C:/src/vcpkg/installed/x64-windows-static/debug/Windows/System32/WindowsPowerShell/v1.0/c++"
      - "C:/src/vcpkg/installed/x64-windows-static/debug/Windows/System32/WindowsPowerShell/v1.0/g++.com"
      - "C:/src/vcpkg/installed/x64-windows-static/debug/Windows/System32/WindowsPowerShell/v1.0/g++.exe"
      - "C:/src/vcpkg/installed/x64-windows-static/debug/Windows/System32/WindowsPowerShell/v1.0/g++"
      - "C:/src/vcpkg/installed/x64-windows-static/debug/Windows/System32/WindowsPowerShell/v1.0/cl.com"
      - "C:/src/vcpkg/installed/x64-windows-static/debug/Windows/System32/WindowsPowerShell/v1.0/cl.exe"
      - "C:/src/vcpkg/installed/x64-windows-static/debug/Windows/System32/WindowsPowerShell/v1.0/cl"
      - "C:/src/vcpkg/installed/x64-windows-static/debug/Windows/System32/WindowsPowerShell/v1.0/bcc.com"
      - "C:/src/vcpkg/installed/x64-windows-static/debug/Windows/System32/WindowsPowerShell/v1.0/bcc.exe"
      - "C:/src/vcpkg/installed/x64-windows-static/debug/Windows/System32/WindowsPowerShell/v1.0/bcc"
      - "C:/src/vcpkg/installed/x64-windows-static/debug/Windows/System32/WindowsPowerShell/v1.0/icx.com"
      - "C:/src/vcpkg/installed/x64-windows-static/debug/Windows/System32/WindowsPowerShell/v1.0/icx.exe"
      - "C:/src/vcpkg/installed/x64-windows-static/debug/Windows/System32/WindowsPowerShell/v1.0/icx"
      - "C:/src/vcpkg/installed/x64-windows-static/debug/Windows/System32/WindowsPowerShell/v1.0/clang++.com"
      - "C:/src/vcpkg/installed/x64-windows-static/debug/Windows/System32/WindowsPowerShell/v1.0/clang++.exe"
      - "C:/src/vcpkg/installed/x64-windows-static/debug/Windows/System32/WindowsPowerShell/v1.0/clang++"
      - "C:/src/vcpkg/installed/x64-windows-static/debug/Windows/System32/OpenSSH/c++.com"
      - "C:/src/vcpkg/installed/x64-windows-static/debug/Windows/System32/OpenSSH/c++.exe"
      - "C:/src/vcpkg/installed/x64-windows-static/debug/Windows/System32/OpenSSH/c++"
      - "C:/src/vcpkg/installed/x64-windows-static/debug/Windows/System32/OpenSSH/g++.com"
      - "C:/src/vcpkg/installed/x64-windows-static/debug/Windows/System32/OpenSSH/g++.exe"
      - "C:/src/vcpkg/installed/x64-windows-static/debug/Windows/System32/OpenSSH/g++"
      - "C:/src/vcpkg/installed/x64-windows-static/debug/Windows/System32/OpenSSH/cl.com"
      - "C:/src/vcpkg/installed/x64-windows-static/debug/Windows/System32/OpenSSH/cl.exe"
      - "C:/src/vcpkg/installed/x64-windows-static/debug/Windows/System32/OpenSSH/cl"
      - "C:/src/vcpkg/installed/x64-windows-static/debug/Windows/System32/OpenSSH/bcc.com"
      - "C:/src/vcpkg/installed/x64-windows-static/debug/Windows/System32/OpenSSH/bcc.exe"
      - "C:/src/vcpkg/installed/x64-windows-static/debug/Windows/System32/OpenSSH/bcc"
      - "C:/src/vcpkg/installed/x64-windows-static/debug/Windows/System32/OpenSSH/icx.com"
      - "C:/src/vcpkg/installed/x64-windows-static/debug/Windows/System32/OpenSSH/icx.exe"
      - "C:/src/vcpkg/installed/x64-windows-static/debug/Windows/System32/OpenSSH/icx"
      - "C:/src/vcpkg/installed/x64-windows-static/debug/Windows/System32/OpenSSH/clang++.com"
      - "C:/src/vcpkg/installed/x64-windows-static/debug/Windows/System32/OpenSSH/clang++.exe"
      - "C:/src/vcpkg/installed/x64-windows-static/debug/Windows/System32/OpenSSH/clang++"
      - "C:/src/vcpkg/installed/x64-windows-static/debug/Program Files/Microsoft Visual Studio/2022/Community/Common7/IDE/CommonExtensions/Microsoft/CMake/CMake/bin/c++.com"
      - "C:/src/vcpkg/installed/x64-windows-static/debug/Program Files/Microsoft Visual Studio/2022/Community/Common7/IDE/CommonExtensions/Microsoft/CMake/CMake/bin/c++.exe"
      - "C:/src/vcpkg/installed/x64-windows-static/debug/Program Files/Microsoft Visual Studio/2022/Community/Common7/IDE/CommonExtensions/Microsoft/CMake/CMake/bin/c++"
      - "C:/src/vcpkg/installed/x64-windows-static/debug/Program Files/Microsoft Visual Studio/2022/Community/Common7/IDE/CommonExtensions/Microsoft/CMake/CMake/bin/g++.com"
      - "C:/src/vcpkg/installed/x64-windows-static/debug/Program Files/Microsoft Visual Studio/2022/Community/Common7/IDE/CommonExtensions/Microsoft/CMake/CMake/bin/g++.exe"
      - "C:/src/vcpkg/installed/x64-windows-static/debug/Program Files/Microsoft Visual Studio/2022/Community/Common7/IDE/CommonExtensions/Microsoft/CMake/CMake/bin/g++"
      - "C:/src/vcpkg/installed/x64-windows-static/debug/Program Files/Microsoft Visual Studio/2022/Community/Common7/IDE/CommonExtensions/Microsoft/CMake/CMake/bin/cl.com"
      - "C:/src/vcpkg/installed/x64-windows-static/debug/Program Files/Microsoft Visual Studio/2022/Community/Common7/IDE/CommonExtensions/Microsoft/CMake/CMake/bin/cl.exe"
      - "C:/src/vcpkg/installed/x64-windows-static/debug/Program Files/Microsoft Visual Studio/2022/Community/Common7/IDE/CommonExtensions/Microsoft/CMake/CMake/bin/cl"
      - "C:/src/vcpkg/installed/x64-windows-static/debug/Program Files/Microsoft Visual Studio/2022/Community/Common7/IDE/CommonExtensions/Microsoft/CMake/CMake/bin/bcc.com"
      - "C:/src/vcpkg/installed/x64-windows-static/debug/Program Files/Microsoft Visual Studio/2022/Community/Common7/IDE/CommonExtensions/Microsoft/CMake/CMake/bin/bcc.exe"
      - "C:/src/vcpkg/installed/x64-windows-static/debug/Program Files/Microsoft Visual Studio/2022/Community/Common7/IDE/CommonExtensions/Microsoft/CMake/CMake/bin/bcc"
      - "C:/src/vcpkg/installed/x64-windows-static/debug/Program Files/Microsoft Visual Studio/2022/Community/Common7/IDE/CommonExtensions/Microsoft/CMake/CMake/bin/icx.com"
      - "C:/src/vcpkg/installed/x64-windows-static/debug/Program Files/Microsoft Visual Studio/2022/Community/Common7/IDE/CommonExtensions/Microsoft/CMake/CMake/bin/icx.exe"
      - "C:/src/vcpkg/installed/x64-windows-static/debug/Program Files/Microsoft Visual Studio/2022/Community/Common7/IDE/CommonExtensions/Microsoft/CMake/CMake/bin/icx"
      - "C:/src/vcpkg/installed/x64-windows-static/debug/Program Files/Microsoft Visual Studio/2022/Community/Common7/IDE/CommonExtensions/Microsoft/CMake/CMake/bin/clang++.com"
      - "C:/src/vcpkg/installed/x64-windows-static/debug/Program Files/Microsoft Visual Studio/2022/Community/Common7/IDE/CommonExtensions/Microsoft/CMake/CMake/bin/clang++.exe"
      - "C:/src/vcpkg/installed/x64-windows-static/debug/Program Files/Microsoft Visual Studio/2022/Community/Common7/IDE/CommonExtensions/Microsoft/CMake/CMake/bin/clang++"
      - "C:/src/vcpkg/installed/x64-windows-static/debug/Program Files/Microsoft Visual Studio/2022/Community/Common7/IDE/CommonExtensions/Microsoft/CMake/Ninja/c++.com"
      - "C:/src/vcpkg/installed/x64-windows-static/debug/Program Files/Microsoft Visual Studio/2022/Community/Common7/IDE/CommonExtensions/Microsoft/CMake/Ninja/c++.exe"
      - "C:/src/vcpkg/installed/x64-windows-static/debug/Program Files/Microsoft Visual Studio/2022/Community/Common7/IDE/CommonExtensions/Microsoft/CMake/Ninja/c++"
      - "C:/src/vcpkg/installed/x64-windows-static/debug/Program Files/Microsoft Visual Studio/2022/Community/Common7/IDE/CommonExtensions/Microsoft/CMake/Ninja/g++.com"
      - "C:/src/vcpkg/installed/x64-windows-static/debug/Program Files/Microsoft Visual Studio/2022/Community/Common7/IDE/CommonExtensions/Microsoft/CMake/Ninja/g++.exe"
      - "C:/src/vcpkg/installed/x64-windows-static/debug/Program Files/Microsoft Visual Studio/2022/Community/Common7/IDE/CommonExtensions/Microsoft/CMake/Ninja/g++"
      - "C:/src/vcpkg/installed/x64-windows-static/debug/Program Files/Microsoft Visual Studio/2022/Community/Common7/IDE/CommonExtensions/Microsoft/CMake/Ninja/cl.com"
      - "C:/src/vcpkg/installed/x64-windows-static/debug/Program Files/Microsoft Visual Studio/2022/Community/Common7/IDE/CommonExtensions/Microsoft/CMake/Ninja/cl.exe"
      - "C:/src/vcpkg/installed/x64-windows-static/debug/Program Files/Microsoft Visual Studio/2022/Community/Common7/IDE/CommonExtensions/Microsoft/CMake/Ninja/cl"
      - "C:/src/vcpkg/installed/x64-windows-static/debug/Program Files/Microsoft Visual Studio/2022/Community/Common7/IDE/CommonExtensions/Microsoft/CMake/Ninja/bcc.com"
      - "C:/src/vcpkg/installed/x64-windows-static/debug/Program Files/Microsoft Visual Studio/2022/Community/Common7/IDE/CommonExtensions/Microsoft/CMake/Ninja/bcc.exe"
      - "C:/src/vcpkg/installed/x64-windows-static/debug/Program Files/Microsoft Visual Studio/2022/Community/Common7/IDE/CommonExtensions/Microsoft/CMake/Ninja/bcc"
      - "C:/src/vcpkg/installed/x64-windows-static/debug/Program Files/Microsoft Visual Studio/2022/Community/Common7/IDE/CommonExtensions/Microsoft/CMake/Ninja/icx.com"
      - "C:/src/vcpkg/installed/x64-windows-static/debug/Program Files/Microsoft Visual Studio/2022/Community/Common7/IDE/CommonExtensions/Microsoft/CMake/Ninja/icx.exe"
      - "C:/src/vcpkg/installed/x64-windows-static/debug/Program Files/Microsoft Visual Studio/2022/Community/Common7/IDE/CommonExtensions/Microsoft/CMake/Ninja/icx"
      - "C:/src/vcpkg/installed/x64-windows-static/debug/Program Files/Microsoft Visual Studio/2022/Community/Common7/IDE/CommonExtensions/Microsoft/CMake/Ninja/clang++.com"
      - "C:/src/vcpkg/installed/x64-windows-static/debug/Program Files/Microsoft Visual Studio/2022/Community/Common7/IDE/CommonExtensions/Microsoft/CMake/Ninja/clang++.exe"
      - "C:/src/vcpkg/installed/x64-windows-static/debug/Program Files/Microsoft Visual Studio/2022/Community/Common7/IDE/CommonExtensions/Microsoft/CMake/Ninja/clang++"
      - "C:/src/vcpkg/installed/x64-windows-static/debug/Program Files/Microsoft Visual Studio/2022/Community/Common7/IDE/VC/Linux/bin/ConnectionManagerExe/c++.com"
      - "C:/src/vcpkg/installed/x64-windows-static/debug/Program Files/Microsoft Visual Studio/2022/Community/Common7/IDE/VC/Linux/bin/ConnectionManagerExe/c++.exe"
      - "C:/src/vcpkg/installed/x64-windows-static/debug/Program Files/Microsoft Visual Studio/2022/Community/Common7/IDE/VC/Linux/bin/ConnectionManagerExe/c++"
      - "C:/src/vcpkg/installed/x64-windows-static/debug/Program Files/Microsoft Visual Studio/2022/Community/Common7/IDE/VC/Linux/bin/ConnectionManagerExe/g++.com"
      - "C:/src/vcpkg/installed/x64-windows-static/debug/Program Files/Microsoft Visual Studio/2022/Community/Common7/IDE/VC/Linux/bin/ConnectionManagerExe/g++.exe"
      - "C:/src/vcpkg/installed/x64-windows-static/debug/Program Files/Microsoft Visual Studio/2022/Community/Common7/IDE/VC/Linux/bin/ConnectionManagerExe/g++"
      - "C:/src/vcpkg/installed/x64-windows-static/debug/Program Files/Microsoft Visual Studio/2022/Community/Common7/IDE/VC/Linux/bin/ConnectionManagerExe/cl.com"
      - "C:/src/vcpkg/installed/x64-windows-static/debug/Program Files/Microsoft Visual Studio/2022/Community/Common7/IDE/VC/Linux/bin/ConnectionManagerExe/cl.exe"
      - "C:/src/vcpkg/installed/x64-windows-static/debug/Program Files/Microsoft Visual Studio/2022/Community/Common7/IDE/VC/Linux/bin/ConnectionManagerExe/cl"
      - "C:/src/vcpkg/installed/x64-windows-static/debug/Program Files/Microsoft Visual Studio/2022/Community/Common7/IDE/VC/Linux/bin/ConnectionManagerExe/bcc.com"
      - "C:/src/vcpkg/installed/x64-windows-static/debug/Program Files/Microsoft Visual Studio/2022/Community/Common7/IDE/VC/Linux/bin/ConnectionManagerExe/bcc.exe"
      - "C:/src/vcpkg/installed/x64-windows-static/debug/Program Files/Microsoft Visual Studio/2022/Community/Common7/IDE/VC/Linux/bin/ConnectionManagerExe/bcc"
      - "C:/src/vcpkg/installed/x64-windows-static/debug/Program Files/Microsoft Visual Studio/2022/Community/Common7/IDE/VC/Linux/bin/ConnectionManagerExe/icx.com"
      - "C:/src/vcpkg/installed/x64-windows-static/debug/Program Files/Microsoft Visual Studio/2022/Community/Common7/IDE/VC/Linux/bin/ConnectionManagerExe/icx.exe"
      - "C:/src/vcpkg/installed/x64-windows-static/debug/Program Files/Microsoft Visual Studio/2022/Community/Common7/IDE/VC/Linux/bin/ConnectionManagerExe/icx"
      - "C:/src/vcpkg/installed/x64-windows-static/debug/Program Files/Microsoft Visual Studio/2022/Community/Common7/IDE/VC/Linux/bin/ConnectionManagerExe/clang++.com"
      - "C:/src/vcpkg/installed/x64-windows-static/debug/Program Files/Microsoft Visual Studio/2022/Community/Common7/IDE/VC/Linux/bin/ConnectionManagerExe/clang++.exe"
      - "C:/src/vcpkg/installed/x64-windows-static/debug/Program Files/Microsoft Visual Studio/2022/Community/Common7/IDE/VC/Linux/bin/ConnectionManagerExe/clang++"
      - "C:/src/vcpkg/installed/x64-windows-static/debug/Program Files/Microsoft Visual Studio/2022/Community/VC/vcpkg/c++.com"
      - "C:/src/vcpkg/installed/x64-windows-static/debug/Program Files/Microsoft Visual Studio/2022/Community/VC/vcpkg/c++.exe"
      - "C:/src/vcpkg/installed/x64-windows-static/debug/Program Files/Microsoft Visual Studio/2022/Community/VC/vcpkg/c++"
      - "C:/src/vcpkg/installed/x64-windows-static/debug/Program Files/Microsoft Visual Studio/2022/Community/VC/vcpkg/g++.com"
      - "C:/src/vcpkg/installed/x64-windows-static/debug/Program Files/Microsoft Visual Studio/2022/Community/VC/vcpkg/g++.exe"
      - "C:/src/vcpkg/installed/x64-windows-static/debug/Program Files/Microsoft Visual Studio/2022/Community/VC/vcpkg/g++"
      - "C:/src/vcpkg/installed/x64-windows-static/debug/Program Files/Microsoft Visual Studio/2022/Community/VC/vcpkg/cl.com"
      - "C:/src/vcpkg/installed/x64-windows-static/debug/Program Files/Microsoft Visual Studio/2022/Community/VC/vcpkg/cl.exe"
      - "C:/src/vcpkg/installed/x64-windows-static/debug/Program Files/Microsoft Visual Studio/2022/Community/VC/vcpkg/cl"
      - "C:/src/vcpkg/installed/x64-windows-static/debug/Program Files/Microsoft Visual Studio/2022/Community/VC/vcpkg/bcc.com"
      - "C:/src/vcpkg/installed/x64-windows-static/debug/Program Files/Microsoft Visual Studio/2022/Community/VC/vcpkg/bcc.exe"
      - "C:/src/vcpkg/installed/x64-windows-static/debug/Program Files/Microsoft Visual Studio/2022/Community/VC/vcpkg/bcc"
      - "C:/src/vcpkg/installed/x64-windows-static/debug/Program Files/Microsoft Visual Studio/2022/Community/VC/vcpkg/icx.com"
      - "C:/src/vcpkg/installed/x64-windows-static/debug/Program Files/Microsoft Visual Studio/2022/Community/VC/vcpkg/icx.exe"
      - "C:/src/vcpkg/installed/x64-windows-static/debug/Program Files/Microsoft Visual Studio/2022/Community/VC/vcpkg/icx"
      - "C:/src/vcpkg/installed/x64-windows-static/debug/Program Files/Microsoft Visual Studio/2022/Community/VC/vcpkg/clang++.com"
      - "C:/src/vcpkg/installed/x64-windows-static/debug/Program Files/Microsoft Visual Studio/2022/Community/VC/vcpkg/clang++.exe"
      - "C:/src/vcpkg/installed/x64-windows-static/debug/Program Files/Microsoft Visual Studio/2022/Community/VC/vcpkg/clang++"
      - "C:/src/vcpkg/installed/x64-windows-static/debug/src/vcpkg/downloads/tools/ninja-1.13.2-windows/c++.com"
      - "C:/src/vcpkg/installed/x64-windows-static/debug/src/vcpkg/downloads/tools/ninja-1.13.2-windows/c++.exe"
      - "C:/src/vcpkg/installed/x64-windows-static/debug/src/vcpkg/downloads/tools/ninja-1.13.2-windows/c++"
      - "C:/src/vcpkg/installed/x64-windows-static/debug/src/vcpkg/downloads/tools/ninja-1.13.2-windows/g++.com"
      - "C:/src/vcpkg/installed/x64-windows-static/debug/src/vcpkg/downloads/tools/ninja-1.13.2-windows/g++.exe"
      - "C:/src/vcpkg/installed/x64-windows-static/debug/src/vcpkg/downloads/tools/ninja-1.13.2-windows/g++"
      - "C:/src/vcpkg/installed/x64-windows-static/debug/src/vcpkg/downloads/tools/ninja-1.13.2-windows/cl.com"
      - "C:/src/vcpkg/installed/x64-windows-static/debug/src/vcpkg/downloads/tools/ninja-1.13.2-windows/cl.exe"
      - "C:/src/vcpkg/installed/x64-windows-static/debug/src/vcpkg/downloads/tools/ninja-1.13.2-windows/cl"
      - "C:/src/vcpkg/installed/x64-windows-static/debug/src/vcpkg/downloads/tools/ninja-1.13.2-windows/bcc.com"
      - "C:/src/vcpkg/installed/x64-windows-static/debug/src/vcpkg/downloads/tools/ninja-1.13.2-windows/bcc.exe"
      - "C:/src/vcpkg/installed/x64-windows-static/debug/src/vcpkg/downloads/tools/ninja-1.13.2-windows/bcc"
      - "C:/src/vcpkg/installed/x64-windows-static/debug/src/vcpkg/downloads/tools/ninja-1.13.2-windows/icx.com"
      - "C:/src/vcpkg/installed/x64-windows-static/debug/src/vcpkg/downloads/tools/ninja-1.13.2-windows/icx.exe"
      - "C:/src/vcpkg/installed/x64-windows-static/debug/src/vcpkg/downloads/tools/ninja-1.13.2-windows/icx"
      - "C:/src/vcpkg/installed/x64-windows-static/debug/src/vcpkg/downloads/tools/ninja-1.13.2-windows/clang++.com"
      - "C:/src/vcpkg/installed/x64-windows-static/debug/src/vcpkg/downloads/tools/ninja-1.13.2-windows/clang++.exe"
      - "C:/src/vcpkg/installed/x64-windows-static/debug/src/vcpkg/downloads/tools/ninja-1.13.2-windows/clang++"
      - "C:/src/vcpkg/installed/x64-windows-static/Program Files/Microsoft Visual Studio/2022/Community/VC/Tools/MSVC/14.44.35207/bin/Hostx64/x64/c++.com"
      - "C:/src/vcpkg/installed/x64-windows-static/Program Files/Microsoft Visual Studio/2022/Community/VC/Tools/MSVC/14.44.35207/bin/Hostx64/x64/c++.exe"
      - "C:/src/vcpkg/installed/x64-windows-static/Program Files/Microsoft Visual Studio/2022/Community/VC/Tools/MSVC/14.44.35207/bin/Hostx64/x64/c++"
      - "C:/src/vcpkg/installed/x64-windows-static/Program Files/Microsoft Visual Studio/2022/Community/VC/Tools/MSVC/14.44.35207/bin/Hostx64/x64/g++.com"
      - "C:/src/vcpkg/installed/x64-windows-static/Program Files/Microsoft Visual Studio/2022/Community/VC/Tools/MSVC/14.44.35207/bin/Hostx64/x64/g++.exe"
      - "C:/src/vcpkg/installed/x64-windows-static/Program Files/Microsoft Visual Studio/2022/Community/VC/Tools/MSVC/14.44.35207/bin/Hostx64/x64/g++"
      - "C:/src/vcpkg/installed/x64-windows-static/Program Files/Microsoft Visual Studio/2022/Community/VC/Tools/MSVC/14.44.35207/bin/Hostx64/x64/cl.com"
      - "C:/src/vcpkg/installed/x64-windows-static/Program Files/Microsoft Visual Studio/2022/Community/VC/Tools/MSVC/14.44.35207/bin/Hostx64/x64/cl.exe"
      - "C:/src/vcpkg/installed/x64-windows-static/Program Files/Microsoft Visual Studio/2022/Community/VC/Tools/MSVC/14.44.35207/bin/Hostx64/x64/cl"
      - "C:/src/vcpkg/installed/x64-windows-static/Program Files/Microsoft Visual Studio/2022/Community/VC/Tools/MSVC/14.44.35207/bin/Hostx64/x64/bcc.com"
      - "C:/src/vcpkg/installed/x64-windows-static/Program Files/Microsoft Visual Studio/2022/Community/VC/Tools/MSVC/14.44.35207/bin/Hostx64/x64/bcc.exe"
      - "C:/src/vcpkg/installed/x64-windows-static/Program Files/Microsoft Visual Studio/2022/Community/VC/Tools/MSVC/14.44.35207/bin/Hostx64/x64/bcc"
      - "C:/src/vcpkg/installed/x64-windows-static/Program Files/Microsoft Visual Studio/2022/Community/VC/Tools/MSVC/14.44.35207/bin/Hostx64/x64/icx.com"
      - "C:/src/vcpkg/installed/x64-windows-static/Program Files/Microsoft Visual Studio/2022/Community/VC/Tools/MSVC/14.44.35207/bin/Hostx64/x64/icx.exe"
      - "C:/src/vcpkg/installed/x64-windows-static/Program Files/Microsoft Visual Studio/2022/Community/VC/Tools/MSVC/14.44.35207/bin/Hostx64/x64/icx"
      - "C:/src/vcpkg/installed/x64-windows-static/Program Files/Microsoft Visual Studio/2022/Community/VC/Tools/MSVC/14.44.35207/bin/Hostx64/x64/clang++.com"
      - "C:/src/vcpkg/installed/x64-windows-static/Program Files/Microsoft Visual Studio/2022/Community/VC/Tools/MSVC/14.44.35207/bin/Hostx64/x64/clang++.exe"
      - "C:/src/vcpkg/installed/x64-windows-static/Program Files/Microsoft Visual Studio/2022/Community/VC/Tools/MSVC/14.44.35207/bin/Hostx64/x64/clang++"
      - "C:/src/vcpkg/installed/x64-windows-static/Program Files/Microsoft Visual Studio/2022/Community/Common7/IDE/VC/vcpackages/c++.com"
      - "C:/src/vcpkg/installed/x64-windows-static/Program Files/Microsoft Visual Studio/2022/Community/Common7/IDE/VC/vcpackages/c++.exe"
      - "C:/src/vcpkg/installed/x64-windows-static/Program Files/Microsoft Visual Studio/2022/Community/Common7/IDE/VC/vcpackages/c++"
      - "C:/src/vcpkg/installed/x64-windows-static/Program Files/Microsoft Visual Studio/2022/Community/Common7/IDE/VC/vcpackages/g++.com"
      - "C:/src/vcpkg/installed/x64-windows-static/Program Files/Microsoft Visual Studio/2022/Community/Common7/IDE/VC/vcpackages/g++.exe"
      - "C:/src/vcpkg/installed/x64-windows-static/Program Files/Microsoft Visual Studio/2022/Community/Common7/IDE/VC/vcpackages/g++"
      - "C:/src/vcpkg/installed/x64-windows-static/Program Files/Microsoft Visual Studio/2022/Community/Common7/IDE/VC/vcpackages/cl.com"
      - "C:/src/vcpkg/installed/x64-windows-static/Program Files/Microsoft Visual Studio/2022/Community/Common7/IDE/VC/vcpackages/cl.exe"
      - "C:/src/vcpkg/installed/x64-windows-static/Program Files/Microsoft Visual Studio/2022/Community/Common7/IDE/VC/vcpackages/cl"
      - "C:/src/vcpkg/installed/x64-windows-static/Program Files/Microsoft Visual Studio/2022/Community/Common7/IDE/VC/vcpackages/bcc.com"
      - "C:/src/vcpkg/installed/x64-windows-static/Program Files/Microsoft Visual Studio/2022/Community/Common7/IDE/VC/vcpackages/bcc.exe"
      - "C:/src/vcpkg/installed/x64-windows-static/Program Files/Microsoft Visual Studio/2022/Community/Common7/IDE/VC/vcpackages/bcc"
      - "C:/src/vcpkg/installed/x64-windows-static/Program Files/Microsoft Visual Studio/2022/Community/Common7/IDE/VC/vcpackages/icx.com"
      - "C:/src/vcpkg/installed/x64-windows-static/Program Files/Microsoft Visual Studio/2022/Community/Common7/IDE/VC/vcpackages/icx.exe"
      - "C:/src/vcpkg/installed/x64-windows-static/Program Files/Microsoft Visual Studio/2022/Community/Common7/IDE/VC/vcpackages/icx"
      - "C:/src/vcpkg/installed/x64-windows-static/Program Files/Microsoft Visual Studio/2022/Community/Common7/IDE/VC/vcpackages/clang++.com"
      - "C:/src/vcpkg/installed/x64-windows-static/Program Files/Microsoft Visual Studio/2022/Community/Common7/IDE/VC/vcpackages/clang++.exe"
      - "C:/src/vcpkg/installed/x64-windows-static/Program Files/Microsoft Visual Studio/2022/Community/Common7/IDE/VC/vcpackages/clang++"
      - "C:/src/vcpkg/installed/x64-windows-static/Program Files/Microsoft Visual Studio/2022/Community/Common7/IDE/CommonExtensions/Microsoft/TestWindow/c++.com"
      - "C:/src/vcpkg/installed/x64-windows-static/Program Files/Microsoft Visual Studio/2022/Community/Common7/IDE/CommonExtensions/Microsoft/TestWindow/c++.exe"
      - "C:/src/vcpkg/installed/x64-windows-static/Program Files/Microsoft Visual Studio/2022/Community/Common7/IDE/CommonExtensions/Microsoft/TestWindow/c++"
      - "C:/src/vcpkg/installed/x64-windows-static/Program Files/Microsoft Visual Studio/2022/Community/Common7/IDE/CommonExtensions/Microsoft/TestWindow/g++.com"
      - "C:/src/vcpkg/installed/x64-windows-static/Program Files/Microsoft Visual Studio/2022/Community/Common7/IDE/CommonExtensions/Microsoft/TestWindow/g++.exe"
      - "C:/src/vcpkg/installed/x64-windows-static/Program Files/Microsoft Visual Studio/2022/Community/Common7/IDE/CommonExtensions/Microsoft/TestWindow/g++"
      - "C:/src/vcpkg/installed/x64-windows-static/Program Files/Microsoft Visual Studio/2022/Community/Common7/IDE/CommonExtensions/Microsoft/TestWindow/cl.com"
      - "C:/src/vcpkg/installed/x64-windows-static/Program Files/Microsoft Visual Studio/2022/Community/Common7/IDE/CommonExtensions/Microsoft/TestWindow/cl.exe"
      - "C:/src/vcpkg/installed/x64-windows-static/Program Files/Microsoft Visual Studio/2022/Community/Common7/IDE/CommonExtensions/Microsoft/TestWindow/cl"
      - "C:/src/vcpkg/installed/x64-windows-static/Program Files/Microsoft Visual Studio/2022/Community/Common7/IDE/CommonExtensions/Microsoft/TestWindow/bcc.com"
      - "C:/src/vcpkg/installed/x64-windows-static/Program Files/Microsoft Visual Studio/2022/Community/Common7/IDE/CommonExtensions/Microsoft/TestWindow/bcc.exe"
      - "C:/src/vcpkg/installed/x64-windows-static/Program Files/Microsoft Visual Studio/2022/Community/Common7/IDE/CommonExtensions/Microsoft/TestWindow/bcc"
      - "C:/src/vcpkg/installed/x64-windows-static/Program Files/Microsoft Visual Studio/2022/Community/Common7/IDE/CommonExtensions/Microsoft/TestWindow/icx.com"
      - "C:/src/vcpkg/installed/x64-windows-static/Program Files/Microsoft Visual Studio/2022/Community/Common7/IDE/CommonExtensions/Microsoft/TestWindow/icx.exe"
      - "C:/src/vcpkg/installed/x64-windows-static/Program Files/Microsoft Visual Studio/2022/Community/Common7/IDE/CommonExtensions/Microsoft/TestWindow/icx"
      - "C:/src/vcpkg/installed/x64-windows-static/Program Files/Microsoft Visual Studio/2022/Community/Common7/IDE/CommonExtensions/Microsoft/TestWindow/clang++.com"
      - "C:/src/vcpkg/installed/x64-windows-static/Program Files/Microsoft Visual Studio/2022/Community/Common7/IDE/CommonExtensions/Microsoft/TestWindow/clang++.exe"
      - "C:/src/vcpkg/installed/x64-windows-static/Program Files/Microsoft Visual Studio/2022/Community/Common7/IDE/CommonExtensions/Microsoft/TestWindow/clang++"
      - "C:/src/vcpkg/installed/x64-windows-static/Program Files/Microsoft Visual Studio/2022/Community/Common7/IDE/CommonExtensions/Microsoft/TeamFoundation/Team Explorer/c++.com"
      - "C:/src/vcpkg/installed/x64-windows-static/Program Files/Microsoft Visual Studio/2022/Community/Common7/IDE/CommonExtensions/Microsoft/TeamFoundation/Team Explorer/c++.exe"
      - "C:/src/vcpkg/installed/x64-windows-static/Program Files/Microsoft Visual Studio/2022/Community/Common7/IDE/CommonExtensions/Microsoft/TeamFoundation/Team Explorer/c++"
      - "C:/src/vcpkg/installed/x64-windows-static/Program Files/Microsoft Visual Studio/2022/Community/Common7/IDE/CommonExtensions/Microsoft/TeamFoundation/Team Explorer/g++.com"
      - "C:/src/vcpkg/installed/x64-windows-static/Program Files/Microsoft Visual Studio/2022/Community/Common7/IDE/CommonExtensions/Microsoft/TeamFoundation/Team Explorer/g++.exe"
      - "C:/src/vcpkg/installed/x64-windows-static/Program Files/Microsoft Visual Studio/2022/Community/Common7/IDE/CommonExtensions/Microsoft/TeamFoundation/Team Explorer/g++"
      - "C:/src/vcpkg/installed/x64-windows-static/Program Files/Microsoft Visual Studio/2022/Community/Common7/IDE/CommonExtensions/Microsoft/TeamFoundation/Team Explorer/cl.com"
      - "C:/src/vcpkg/installed/x64-windows-static/Program Files/Microsoft Visual Studio/2022/Community/Common7/IDE/CommonExtensions/Microsoft/TeamFoundation/Team Explorer/cl.exe"
      - "C:/src/vcpkg/installed/x64-windows-static/Program Files/Microsoft Visual Studio/2022/Community/Common7/IDE/CommonExtensions/Microsoft/TeamFoundation/Team Explorer/cl"
      - "C:/src/vcpkg/installed/x64-windows-static/Program Files/Microsoft Visual Studio/2022/Community/Common7/IDE/CommonExtensions/Microsoft/TeamFoundation/Team Explorer/bcc.com"
      - "C:/src/vcpkg/installed/x64-windows-static/Program Files/Microsoft Visual Studio/2022/Community/Common7/IDE/CommonExtensions/Microsoft/TeamFoundation/Team Explorer/bcc.exe"
      - "C:/src/vcpkg/installed/x64-windows-static/Program Files/Microsoft Visual Studio/2022/Community/Common7/IDE/CommonExtensions/Microsoft/TeamFoundation/Team Explorer/bcc"
      - "C:/src/vcpkg/installed/x64-windows-static/Program Files/Microsoft Visual Studio/2022/Community/Common7/IDE/CommonExtensions/Microsoft/TeamFoundation/Team Explorer/icx.com"
      - "C:/src/vcpkg/installed/x64-windows-static/Program Files/Microsoft Visual Studio/2022/Community/Common7/IDE/CommonExtensions/Microsoft/TeamFoundation/Team Explorer/icx.exe"
      - "C:/src/vcpkg/installed/x64-windows-static/Program Files/Microsoft Visual Studio/2022/Community/Common7/IDE/CommonExtensions/Microsoft/TeamFoundation/Team Explorer/icx"
      - "C:/src/vcpkg/installed/x64-windows-static/Program Files/Microsoft Visual Studio/2022/Community/Common7/IDE/CommonExtensions/Microsoft/TeamFoundation/Team Explorer/clang++.com"
      - "C:/src/vcpkg/installed/x64-windows-static/Program Files/Microsoft Visual Studio/2022/Community/Common7/IDE/CommonExtensions/Microsoft/TeamFoundation/Team Explorer/clang++.exe"
      - "C:/src/vcpkg/installed/x64-windows-static/Program Files/Microsoft Visual Studio/2022/Community/Common7/IDE/CommonExtensions/Microsoft/TeamFoundation/Team Explorer/clang++"
      - "C:/src/vcpkg/installed/x64-windows-static/Program Files/Microsoft Visual Studio/2022/Community/MSBuild/Current/Bin/Roslyn/c++.com"
      - "C:/src/vcpkg/installed/x64-windows-static/Program Files/Microsoft Visual Studio/2022/Community/MSBuild/Current/Bin/Roslyn/c++.exe"
      - "C:/src/vcpkg/installed/x64-windows-static/Program Files/Microsoft Visual Studio/2022/Community/MSBuild/Current/Bin/Roslyn/c++"
      - "C:/src/vcpkg/installed/x64-windows-static/Program Files/Microsoft Visual Studio/2022/Community/MSBuild/Current/Bin/Roslyn/g++.com"
      - "C:/src/vcpkg/installed/x64-windows-static/Program Files/Microsoft Visual Studio/2022/Community/MSBuild/Current/Bin/Roslyn/g++.exe"
      - "C:/src/vcpkg/installed/x64-windows-static/Program Files/Microsoft Visual Studio/2022/Community/MSBuild/Current/Bin/Roslyn/g++"
      - "C:/src/vcpkg/installed/x64-windows-static/Program Files/Microsoft Visual Studio/2022/Community/MSBuild/Current/Bin/Roslyn/cl.com"
      - "C:/src/vcpkg/installed/x64-windows-static/Program Files/Microsoft Visual Studio/2022/Community/MSBuild/Current/Bin/Roslyn/cl.exe"
      - "C:/src/vcpkg/installed/x64-windows-static/Program Files/Microsoft Visual Studio/2022/Community/MSBuild/Current/Bin/Roslyn/cl"
      - "C:/src/vcpkg/installed/x64-windows-static/Program Files/Microsoft Visual Studio/2022/Community/MSBuild/Current/Bin/Roslyn/bcc.com"
      - "C:/src/vcpkg/installed/x64-windows-static/Program Files/Microsoft Visual Studio/2022/Community/MSBuild/Current/Bin/Roslyn/bcc.exe"
      - "C:/src/vcpkg/installed/x64-windows-static/Program Files/Microsoft Visual Studio/2022/Community/MSBuild/Current/Bin/Roslyn/bcc"
      - "C:/src/vcpkg/installed/x64-windows-static/Program Files/Microsoft Visual Studio/2022/Community/MSBuild/Current/Bin/Roslyn/icx.com"
      - "C:/src/vcpkg/installed/x64-windows-static/Program Files/Microsoft Visual Studio/2022/Community/MSBuild/Current/Bin/Roslyn/icx.exe"
      - "C:/src/vcpkg/installed/x64-windows-static/Program Files/Microsoft Visual Studio/2022/Community/MSBuild/Current/Bin/Roslyn/icx"
      - "C:/src/vcpkg/installed/x64-windows-static/Program Files/Microsoft Visual Studio/2022/Community/MSBuild/Current/Bin/Roslyn/clang++.com"
      - "C:/src/vcpkg/installed/x64-windows-static/Program Files/Microsoft Visual Studio/2022/Community/MSBuild/Current/Bin/Roslyn/clang++.exe"
      - "C:/src/vcpkg/installed/x64-windows-static/Program Files/Microsoft Visual Studio/2022/Community/MSBuild/Current/Bin/Roslyn/clang++"
      - "C:/src/vcpkg/installed/x64-windows-static/Program Files (x86)/Microsoft SDKs/Windows/v10.0A/bin/NETFX 4.8 Tools/x64/c++.com"
      - "C:/src/vcpkg/installed/x64-windows-static/Program Files (x86)/Microsoft SDKs/Windows/v10.0A/bin/NETFX 4.8 Tools/x64/c++.exe"
      - "C:/src/vcpkg/installed/x64-windows-static/Program Files (x86)/Microsoft SDKs/Windows/v10.0A/bin/NETFX 4.8 Tools/x64/c++"
      - "C:/src/vcpkg/installed/x64-windows-static/Program Files (x86)/Microsoft SDKs/Windows/v10.0A/bin/NETFX 4.8 Tools/x64/g++.com"
      - "C:/src/vcpkg/installed/x64-windows-static/Program Files (x86)/Microsoft SDKs/Windows/v10.0A/bin/NETFX 4.8 Tools/x64/g++.exe"
      - "C:/src/vcpkg/installed/x64-windows-static/Program Files (x86)/Microsoft SDKs/Windows/v10.0A/bin/NETFX 4.8 Tools/x64/g++"
      - "C:/src/vcpkg/installed/x64-windows-static/Program Files (x86)/Microsoft SDKs/Windows/v10.0A/bin/NETFX 4.8 Tools/x64/cl.com"
      - "C:/src/vcpkg/installed/x64-windows-static/Program Files (x86)/Microsoft SDKs/Windows/v10.0A/bin/NETFX 4.8 Tools/x64/cl.exe"
      - "C:/src/vcpkg/installed/x64-windows-static/Program Files (x86)/Microsoft SDKs/Windows/v10.0A/bin/NETFX 4.8 Tools/x64/cl"
      - "C:/src/vcpkg/installed/x64-windows-static/Program Files (x86)/Microsoft SDKs/Windows/v10.0A/bin/NETFX 4.8 Tools/x64/bcc.com"
      - "C:/src/vcpkg/installed/x64-windows-static/Program Files (x86)/Microsoft SDKs/Windows/v10.0A/bin/NETFX 4.8 Tools/x64/bcc.exe"
      - "C:/src/vcpkg/installed/x64-windows-static/Program Files (x86)/Microsoft SDKs/Windows/v10.0A/bin/NETFX 4.8 Tools/x64/bcc"
      - "C:/src/vcpkg/installed/x64-windows-static/Program Files (x86)/Microsoft SDKs/Windows/v10.0A/bin/NETFX 4.8 Tools/x64/icx.com"
      - "C:/src/vcpkg/installed/x64-windows-static/Program Files (x86)/Microsoft SDKs/Windows/v10.0A/bin/NETFX 4.8 Tools/x64/icx.exe"
      - "C:/src/vcpkg/installed/x64-windows-static/Program Files (x86)/Microsoft SDKs/Windows/v10.0A/bin/NETFX 4.8 Tools/x64/icx"
      - "C:/src/vcpkg/installed/x64-windows-static/Program Files (x86)/Microsoft SDKs/Windows/v10.0A/bin/NETFX 4.8 Tools/x64/clang++.com"
      - "C:/src/vcpkg/installed/x64-windows-static/Program Files (x86)/Microsoft SDKs/Windows/v10.0A/bin/NETFX 4.8 Tools/x64/clang++.exe"
      - "C:/src/vcpkg/installed/x64-windows-static/Program Files (x86)/Microsoft SDKs/Windows/v10.0A/bin/NETFX 4.8 Tools/x64/clang++"
      - "C:/src/vcpkg/installed/x64-windows-static/Program Files/Microsoft Visual Studio/2022/Community/Common7/IDE/CommonExtensions/Microsoft/FSharp/Tools/c++.com"
      - "C:/src/vcpkg/installed/x64-windows-static/Program Files/Microsoft Visual Studio/2022/Community/Common7/IDE/CommonExtensions/Microsoft/FSharp/Tools/c++.exe"
      - "C:/src/vcpkg/installed/x64-windows-static/Program Files/Microsoft Visual Studio/2022/Community/Common7/IDE/CommonExtensions/Microsoft/FSharp/Tools/c++"
      - "C:/src/vcpkg/installed/x64-windows-static/Program Files/Microsoft Visual Studio/2022/Community/Common7/IDE/CommonExtensions/Microsoft/FSharp/Tools/g++.com"
      - "C:/src/vcpkg/installed/x64-windows-static/Program Files/Microsoft Visual Studio/2022/Community/Common7/IDE/CommonExtensions/Microsoft/FSharp/Tools/g++.exe"
      - "C:/src/vcpkg/installed/x64-windows-static/Program Files/Microsoft Visual Studio/2022/Community/Common7/IDE/CommonExtensions/Microsoft/FSharp/Tools/g++"
      - "C:/src/vcpkg/installed/x64-windows-static/Program Files/Microsoft Visual Studio/2022/Community/Common7/IDE/CommonExtensions/Microsoft/FSharp/Tools/cl.com"
      - "C:/src/vcpkg/installed/x64-windows-static/Program Files/Microsoft Visual Studio/2022/Community/Common7/IDE/CommonExtensions/Microsoft/FSharp/Tools/cl.exe"
      - "C:/src/vcpkg/installed/x64-windows-static/Program Files/Microsoft Visual Studio/2022/Community/Common7/IDE/CommonExtensions/Microsoft/FSharp/Tools/cl"
      - "C:/src/vcpkg/installed/x64-windows-static/Program Files/Microsoft Visual Studio/2022/Community/Common7/IDE/CommonExtensions/Microsoft/FSharp/Tools/bcc.com"
      - "C:/src/vcpkg/installed/x64-windows-static/Program Files/Microsoft Visual Studio/2022/Community/Common7/IDE/CommonExtensions/Microsoft/FSharp/Tools/bcc.exe"
      - "C:/src/vcpkg/installed/x64-windows-static/Program Files/Microsoft Visual Studio/2022/Community/Common7/IDE/CommonExtensions/Microsoft/FSharp/Tools/bcc"
      - "C:/src/vcpkg/installed/x64-windows-static/Program Files/Microsoft Visual Studio/2022/Community/Common7/IDE/CommonExtensions/Microsoft/FSharp/Tools/icx.com"
      - "C:/src/vcpkg/installed/x64-windows-static/Program Files/Microsoft Visual Studio/2022/Community/Common7/IDE/CommonExtensions/Microsoft/FSharp/Tools/icx.exe"
      - "C:/src/vcpkg/installed/x64-windows-static/Program Files/Microsoft Visual Studio/2022/Community/Common7/IDE/CommonExtensions/Microsoft/FSharp/Tools/icx"
      - "C:/src/vcpkg/installed/x64-windows-static/Program Files/Microsoft Visual Studio/2022/Community/Common7/IDE/CommonExtensions/Microsoft/FSharp/Tools/clang++.com"
      - "C:/src/vcpkg/installed/x64-windows-static/Program Files/Microsoft Visual Studio/2022/Community/Common7/IDE/CommonExtensions/Microsoft/FSharp/Tools/clang++.exe"
      - "C:/src/vcpkg/installed/x64-windows-static/Program Files/Microsoft Visual Studio/2022/Community/Common7/IDE/CommonExtensions/Microsoft/FSharp/Tools/clang++"
      - "C:/src/vcpkg/installed/x64-windows-static/Program Files/Microsoft Visual Studio/2022/Community/Team Tools/DiagnosticsHub/Collector/c++.com"
      - "C:/src/vcpkg/installed/x64-windows-static/Program Files/Microsoft Visual Studio/2022/Community/Team Tools/DiagnosticsHub/Collector/c++.exe"
      - "C:/src/vcpkg/installed/x64-windows-static/Program Files/Microsoft Visual Studio/2022/Community/Team Tools/DiagnosticsHub/Collector/c++"
      - "C:/src/vcpkg/installed/x64-windows-static/Program Files/Microsoft Visual Studio/2022/Community/Team Tools/DiagnosticsHub/Collector/g++.com"
      - "C:/src/vcpkg/installed/x64-windows-static/Program Files/Microsoft Visual Studio/2022/Community/Team Tools/DiagnosticsHub/Collector/g++.exe"
      - "C:/src/vcpkg/installed/x64-windows-static/Program Files/Microsoft Visual Studio/2022/Community/Team Tools/DiagnosticsHub/Collector/g++"
      - "C:/src/vcpkg/installed/x64-windows-static/Program Files/Microsoft Visual Studio/2022/Community/Team Tools/DiagnosticsHub/Collector/cl.com"
      - "C:/src/vcpkg/installed/x64-windows-static/Program Files/Microsoft Visual Studio/2022/Community/Team Tools/DiagnosticsHub/Collector/cl.exe"
      - "C:/src/vcpkg/installed/x64-windows-static/Program Files/Microsoft Visual Studio/2022/Community/Team Tools/DiagnosticsHub/Collector/cl"
      - "C:/src/vcpkg/installed/x64-windows-static/Program Files/Microsoft Visual Studio/2022/Community/Team Tools/DiagnosticsHub/Collector/bcc.com"
      - "C:/src/vcpkg/installed/x64-windows-static/Program Files/Microsoft Visual Studio/2022/Community/Team Tools/DiagnosticsHub/Collector/bcc.exe"
      - "C:/src/vcpkg/installed/x64-windows-static/Program Files/Microsoft Visual Studio/2022/Community/Team Tools/DiagnosticsHub/Collector/bcc"
      - "C:/src/vcpkg/installed/x64-windows-static/Program Files/Microsoft Visual Studio/2022/Community/Team Tools/DiagnosticsHub/Collector/icx.com"
      - "C:/src/vcpkg/installed/x64-windows-static/Program Files/Microsoft Visual Studio/2022/Community/Team Tools/DiagnosticsHub/Collector/icx.exe"
      - "C:/src/vcpkg/installed/x64-windows-static/Program Files/Microsoft Visual Studio/2022/Community/Team Tools/DiagnosticsHub/Collector/icx"
      - "C:/src/vcpkg/installed/x64-windows-static/Program Files/Microsoft Visual Studio/2022/Community/Team Tools/DiagnosticsHub/Collector/clang++.com"
      - "C:/src/vcpkg/installed/x64-windows-static/Program Files/Microsoft Visual Studio/2022/Community/Team Tools/DiagnosticsHub/Collector/clang++.exe"
      - "C:/src/vcpkg/installed/x64-windows-static/Program Files/Microsoft Visual Studio/2022/Community/Team Tools/DiagnosticsHub/Collector/clang++"
      - "C:/src/vcpkg/installed/x64-windows-static/Program Files (x86)/Windows Kits/10/bin/10.0.26100.0/x64/c++.com"
      - "C:/src/vcpkg/installed/x64-windows-static/Program Files (x86)/Windows Kits/10/bin/10.0.26100.0/x64/c++.exe"
      - "C:/src/vcpkg/installed/x64-windows-static/Program Files (x86)/Windows Kits/10/bin/10.0.26100.0/x64/c++"
      - "C:/src/vcpkg/installed/x64-windows-static/Program Files (x86)/Windows Kits/10/bin/10.0.26100.0/x64/g++.com"
      - "C:/src/vcpkg/installed/x64-windows-static/Program Files (x86)/Windows Kits/10/bin/10.0.26100.0/x64/g++.exe"
      - "C:/src/vcpkg/installed/x64-windows-static/Program Files (x86)/Windows Kits/10/bin/10.0.26100.0/x64/g++"
      - "C:/src/vcpkg/installed/x64-windows-static/Program Files (x86)/Windows Kits/10/bin/10.0.26100.0/x64/cl.com"
      - "C:/src/vcpkg/installed/x64-windows-static/Program Files (x86)/Windows Kits/10/bin/10.0.26100.0/x64/cl.exe"
      - "C:/src/vcpkg/installed/x64-windows-static/Program Files (x86)/Windows Kits/10/bin/10.0.26100.0/x64/cl"
      - "C:/src/vcpkg/installed/x64-windows-static/Program Files (x86)/Windows Kits/10/bin/10.0.26100.0/x64/bcc.com"
      - "C:/src/vcpkg/installed/x64-windows-static/Program Files (x86)/Windows Kits/10/bin/10.0.26100.0/x64/bcc.exe"
      - "C:/src/vcpkg/installed/x64-windows-static/Program Files (x86)/Windows Kits/10/bin/10.0.26100.0/x64/bcc"
      - "C:/src/vcpkg/installed/x64-windows-static/Program Files (x86)/Windows Kits/10/bin/10.0.26100.0/x64/icx.com"
      - "C:/src/vcpkg/installed/x64-windows-static/Program Files (x86)/Windows Kits/10/bin/10.0.26100.0/x64/icx.exe"
      - "C:/src/vcpkg/installed/x64-windows-static/Program Files (x86)/Windows Kits/10/bin/10.0.26100.0/x64/icx"
      - "C:/src/vcpkg/installed/x64-windows-static/Program Files (x86)/Windows Kits/10/bin/10.0.26100.0/x64/clang++.com"
      - "C:/src/vcpkg/installed/x64-windows-static/Program Files (x86)/Windows Kits/10/bin/10.0.26100.0/x64/clang++.exe"
      - "C:/src/vcpkg/installed/x64-windows-static/Program Files (x86)/Windows Kits/10/bin/10.0.26100.0/x64/clang++"
      - "C:/src/vcpkg/installed/x64-windows-static/Program Files (x86)/Windows Kits/10/bin/x64/c++.com"
      - "C:/src/vcpkg/installed/x64-windows-static/Program Files (x86)/Windows Kits/10/bin/x64/c++.exe"
      - "C:/src/vcpkg/installed/x64-windows-static/Program Files (x86)/Windows Kits/10/bin/x64/c++"
      - "C:/src/vcpkg/installed/x64-windows-static/Program Files (x86)/Windows Kits/10/bin/x64/g++.com"
      - "C:/src/vcpkg/installed/x64-windows-static/Program Files (x86)/Windows Kits/10/bin/x64/g++.exe"
      - "C:/src/vcpkg/installed/x64-windows-static/Program Files (x86)/Windows Kits/10/bin/x64/g++"
      - "C:/src/vcpkg/installed/x64-windows-static/Program Files (x86)/Windows Kits/10/bin/x64/cl.com"
      - "C:/src/vcpkg/installed/x64-windows-static/Program Files (x86)/Windows Kits/10/bin/x64/cl.exe"
      - "C:/src/vcpkg/installed/x64-windows-static/Program Files (x86)/Windows Kits/10/bin/x64/cl"
      - "C:/src/vcpkg/installed/x64-windows-static/Program Files (x86)/Windows Kits/10/bin/x64/bcc.com"
      - "C:/src/vcpkg/installed/x64-windows-static/Program Files (x86)/Windows Kits/10/bin/x64/bcc.exe"
      - "C:/src/vcpkg/installed/x64-windows-static/Program Files (x86)/Windows Kits/10/bin/x64/bcc"
      - "C:/src/vcpkg/installed/x64-windows-static/Program Files (x86)/Windows Kits/10/bin/x64/icx.com"
      - "C:/src/vcpkg/installed/x64-windows-static/Program Files (x86)/Windows Kits/10/bin/x64/icx.exe"
      - "C:/src/vcpkg/installed/x64-windows-static/Program Files (x86)/Windows Kits/10/bin/x64/icx"
      - "C:/src/vcpkg/installed/x64-windows-static/Program Files (x86)/Windows Kits/10/bin/x64/clang++.com"
      - "C:/src/vcpkg/installed/x64-windows-static/Program Files (x86)/Windows Kits/10/bin/x64/clang++.exe"
      - "C:/src/vcpkg/installed/x64-windows-static/Program Files (x86)/Windows Kits/10/bin/x64/clang++"
      - "C:/src/vcpkg/installed/x64-windows-static/Program Files/Microsoft Visual Studio/2022/Community/MSBuild/Current/Bin/amd64/c++.com"
      - "C:/src/vcpkg/installed/x64-windows-static/Program Files/Microsoft Visual Studio/2022/Community/MSBuild/Current/Bin/amd64/c++.exe"
      - "C:/src/vcpkg/installed/x64-windows-static/Program Files/Microsoft Visual Studio/2022/Community/MSBuild/Current/Bin/amd64/c++"
      - "C:/src/vcpkg/installed/x64-windows-static/Program Files/Microsoft Visual Studio/2022/Community/MSBuild/Current/Bin/amd64/g++.com"
      - "C:/src/vcpkg/installed/x64-windows-static/Program Files/Microsoft Visual Studio/2022/Community/MSBuild/Current/Bin/amd64/g++.exe"
      - "C:/src/vcpkg/installed/x64-windows-static/Program Files/Microsoft Visual Studio/2022/Community/MSBuild/Current/Bin/amd64/g++"
      - "C:/src/vcpkg/installed/x64-windows-static/Program Files/Microsoft Visual Studio/2022/Community/MSBuild/Current/Bin/amd64/cl.com"
      - "C:/src/vcpkg/installed/x64-windows-static/Program Files/Microsoft Visual Studio/2022/Community/MSBuild/Current/Bin/amd64/cl.exe"
      - "C:/src/vcpkg/installed/x64-windows-static/Program Files/Microsoft Visual Studio/2022/Community/MSBuild/Current/Bin/amd64/cl"
      - "C:/src/vcpkg/installed/x64-windows-static/Program Files/Microsoft Visual Studio/2022/Community/MSBuild/Current/Bin/amd64/bcc.com"
      - "C:/src/vcpkg/installed/x64-windows-static/Program Files/Microsoft Visual Studio/2022/Community/MSBuild/Current/Bin/amd64/bcc.exe"
      - "C:/src/vcpkg/installed/x64-windows-static/Program Files/Microsoft Visual Studio/2022/Community/MSBuild/Current/Bin/amd64/bcc"
      - "C:/src/vcpkg/installed/x64-windows-static/Program Files/Microsoft Visual Studio/2022/Community/MSBuild/Current/Bin/amd64/icx.com"
      - "C:/src/vcpkg/installed/x64-windows-static/Program Files/Microsoft Visual Studio/2022/Community/MSBuild/Current/Bin/amd64/icx.exe"
      - "C:/src/vcpkg/installed/x64-windows-static/Program Files/Microsoft Visual Studio/2022/Community/MSBuild/Current/Bin/amd64/icx"
      - "C:/src/vcpkg/installed/x64-windows-static/Program Files/Microsoft Visual Studio/2022/Community/MSBuild/Current/Bin/amd64/clang++.com"
      - "C:/src/vcpkg/installed/x64-windows-static/Program Files/Microsoft Visual Studio/2022/Community/MSBuild/Current/Bin/amd64/clang++.exe"
      - "C:/src/vcpkg/installed/x64-windows-static/Program Files/Microsoft Visual Studio/2022/Community/MSBuild/Current/Bin/amd64/clang++"
      - "C:/src/vcpkg/installed/x64-windows-static/Windows/Microsoft.NET/Framework64/v4.0.30319/c++.com"
      - "C:/src/vcpkg/installed/x64-windows-static/Windows/Microsoft.NET/Framework64/v4.0.30319/c++.exe"
      - "C:/src/vcpkg/installed/x64-windows-static/Windows/Microsoft.NET/Framework64/v4.0.30319/c++"
      - "C:/src/vcpkg/installed/x64-windows-static/Windows/Microsoft.NET/Framework64/v4.0.30319/g++.com"
      - "C:/src/vcpkg/installed/x64-windows-static/Windows/Microsoft.NET/Framework64/v4.0.30319/g++.exe"
      - "C:/src/vcpkg/installed/x64-windows-static/Windows/Microsoft.NET/Framework64/v4.0.30319/g++"
      - "C:/src/vcpkg/installed/x64-windows-static/Windows/Microsoft.NET/Framework64/v4.0.30319/cl.com"
      - "C:/src/vcpkg/installed/x64-windows-static/Windows/Microsoft.NET/Framework64/v4.0.30319/cl.exe"
      - "C:/src/vcpkg/installed/x64-windows-static/Windows/Microsoft.NET/Framework64/v4.0.30319/cl"
      - "C:/src/vcpkg/installed/x64-windows-static/Windows/Microsoft.NET/Framework64/v4.0.30319/bcc.com"
      - "C:/src/vcpkg/installed/x64-windows-static/Windows/Microsoft.NET/Framework64/v4.0.30319/bcc.exe"
      - "C:/src/vcpkg/installed/x64-windows-static/Windows/Microsoft.NET/Framework64/v4.0.30319/bcc"
      - "C:/src/vcpkg/installed/x64-windows-static/Windows/Microsoft.NET/Framework64/v4.0.30319/icx.com"
      - "C:/src/vcpkg/installed/x64-windows-static/Windows/Microsoft.NET/Framework64/v4.0.30319/icx.exe"
      - "C:/src/vcpkg/installed/x64-windows-static/Windows/Microsoft.NET/Framework64/v4.0.30319/icx"
      - "C:/src/vcpkg/installed/x64-windows-static/Windows/Microsoft.NET/Framework64/v4.0.30319/clang++.com"
      - "C:/src/vcpkg/installed/x64-windows-static/Windows/Microsoft.NET/Framework64/v4.0.30319/clang++.exe"
      - "C:/src/vcpkg/installed/x64-windows-static/Windows/Microsoft.NET/Framework64/v4.0.30319/clang++"
      - "C:/src/vcpkg/installed/x64-windows-static/Program Files/Microsoft Visual Studio/2022/Community/Common7/IDE/c++.com"
      - "C:/src/vcpkg/installed/x64-windows-static/Program Files/Microsoft Visual Studio/2022/Community/Common7/IDE/c++.exe"
      - "C:/src/vcpkg/installed/x64-windows-static/Program Files/Microsoft Visual Studio/2022/Community/Common7/IDE/c++"
      - "C:/src/vcpkg/installed/x64-windows-static/Program Files/Microsoft Visual Studio/2022/Community/Common7/IDE/g++.com"
      - "C:/src/vcpkg/installed/x64-windows-static/Program Files/Microsoft Visual Studio/2022/Community/Common7/IDE/g++.exe"
      - "C:/src/vcpkg/installed/x64-windows-static/Program Files/Microsoft Visual Studio/2022/Community/Common7/IDE/g++"
      - "C:/src/vcpkg/installed/x64-windows-static/Program Files/Microsoft Visual Studio/2022/Community/Common7/IDE/cl.com"
      - "C:/src/vcpkg/installed/x64-windows-static/Program Files/Microsoft Visual Studio/2022/Community/Common7/IDE/cl.exe"
      - "C:/src/vcpkg/installed/x64-windows-static/Program Files/Microsoft Visual Studio/2022/Community/Common7/IDE/cl"
      - "C:/src/vcpkg/installed/x64-windows-static/Program Files/Microsoft Visual Studio/2022/Community/Common7/IDE/bcc.com"
      - "C:/src/vcpkg/installed/x64-windows-static/Program Files/Microsoft Visual Studio/2022/Community/Common7/IDE/bcc.exe"
      - "C:/src/vcpkg/installed/x64-windows-static/Program Files/Microsoft Visual Studio/2022/Community/Common7/IDE/bcc"
      - "C:/src/vcpkg/installed/x64-windows-static/Program Files/Microsoft Visual Studio/2022/Community/Common7/IDE/icx.com"
      - "C:/src/vcpkg/installed/x64-windows-static/Program Files/Microsoft Visual Studio/2022/Community/Common7/IDE/icx.exe"
      - "C:/src/vcpkg/installed/x64-windows-static/Program Files/Microsoft Visual Studio/2022/Community/Common7/IDE/icx"
      - "C:/src/vcpkg/installed/x64-windows-static/Program Files/Microsoft Visual Studio/2022/Community/Common7/IDE/clang++.com"
      - "C:/src/vcpkg/installed/x64-windows-static/Program Files/Microsoft Visual Studio/2022/Community/Common7/IDE/clang++.exe"
      - "C:/src/vcpkg/installed/x64-windows-static/Program Files/Microsoft Visual Studio/2022/Community/Common7/IDE/clang++"
      - "C:/src/vcpkg/installed/x64-windows-static/Program Files/Microsoft Visual Studio/2022/Community/Common7/Tools/c++.com"
      - "C:/src/vcpkg/installed/x64-windows-static/Program Files/Microsoft Visual Studio/2022/Community/Common7/Tools/c++.exe"
      - "C:/src/vcpkg/installed/x64-windows-static/Program Files/Microsoft Visual Studio/2022/Community/Common7/Tools/c++"
      - "C:/src/vcpkg/installed/x64-windows-static/Program Files/Microsoft Visual Studio/2022/Community/Common7/Tools/g++.com"
      - "C:/src/vcpkg/installed/x64-windows-static/Program Files/Microsoft Visual Studio/2022/Community/Common7/Tools/g++.exe"
      - "C:/src/vcpkg/installed/x64-windows-static/Program Files/Microsoft Visual Studio/2022/Community/Common7/Tools/g++"
      - "C:/src/vcpkg/installed/x64-windows-static/Program Files/Microsoft Visual Studio/2022/Community/Common7/Tools/cl.com"
      - "C:/src/vcpkg/installed/x64-windows-static/Program Files/Microsoft Visual Studio/2022/Community/Common7/Tools/cl.exe"
      - "C:/src/vcpkg/installed/x64-windows-static/Program Files/Microsoft Visual Studio/2022/Community/Common7/Tools/cl"
      - "C:/src/vcpkg/installed/x64-windows-static/Program Files/Microsoft Visual Studio/2022/Community/Common7/Tools/bcc.com"
      - "C:/src/vcpkg/installed/x64-windows-static/Program Files/Microsoft Visual Studio/2022/Community/Common7/Tools/bcc.exe"
      - "C:/src/vcpkg/installed/x64-windows-static/Program Files/Microsoft Visual Studio/2022/Community/Common7/Tools/bcc"
      - "C:/src/vcpkg/installed/x64-windows-static/Program Files/Microsoft Visual Studio/2022/Community/Common7/Tools/icx.com"
      - "C:/src/vcpkg/installed/x64-windows-static/Program Files/Microsoft Visual Studio/2022/Community/Common7/Tools/icx.exe"
      - "C:/src/vcpkg/installed/x64-windows-static/Program Files/Microsoft Visual Studio/2022/Community/Common7/Tools/icx"
      - "C:/src/vcpkg/installed/x64-windows-static/Program Files/Microsoft Visual Studio/2022/Community/Common7/Tools/clang++.com"
      - "C:/src/vcpkg/installed/x64-windows-static/Program Files/Microsoft Visual Studio/2022/Community/Common7/Tools/clang++.exe"
      - "C:/src/vcpkg/installed/x64-windows-static/Program Files/Microsoft Visual Studio/2022/Community/Common7/Tools/clang++"
      - "C:/src/vcpkg/installed/x64-windows-static/src/vcpkg/downloads/tools/powershell-core-7.6.4-windows/c++.com"
      - "C:/src/vcpkg/installed/x64-windows-static/src/vcpkg/downloads/tools/powershell-core-7.6.4-windows/c++.exe"
      - "C:/src/vcpkg/installed/x64-windows-static/src/vcpkg/downloads/tools/powershell-core-7.6.4-windows/c++"
      - "C:/src/vcpkg/installed/x64-windows-static/src/vcpkg/downloads/tools/powershell-core-7.6.4-windows/g++.com"
      - "C:/src/vcpkg/installed/x64-windows-static/src/vcpkg/downloads/tools/powershell-core-7.6.4-windows/g++.exe"
      - "C:/src/vcpkg/installed/x64-windows-static/src/vcpkg/downloads/tools/powershell-core-7.6.4-windows/g++"
      - "C:/src/vcpkg/installed/x64-windows-static/src/vcpkg/downloads/tools/powershell-core-7.6.4-windows/cl.com"
      - "C:/src/vcpkg/installed/x64-windows-static/src/vcpkg/downloads/tools/powershell-core-7.6.4-windows/cl.exe"
      - "C:/src/vcpkg/installed/x64-windows-static/src/vcpkg/downloads/tools/powershell-core-7.6.4-windows/cl"
      - "C:/src/vcpkg/installed/x64-windows-static/src/vcpkg/downloads/tools/powershell-core-7.6.4-windows/bcc.com"
      - "C:/src/vcpkg/installed/x64-windows-static/src/vcpkg/downloads/tools/powershell-core-7.6.4-windows/bcc.exe"
      - "C:/src/vcpkg/installed/x64-windows-static/src/vcpkg/downloads/tools/powershell-core-7.6.4-windows/bcc"
      - "C:/src/vcpkg/installed/x64-windows-static/src/vcpkg/downloads/tools/powershell-core-7.6.4-windows/icx.com"
      - "C:/src/vcpkg/installed/x64-windows-static/src/vcpkg/downloads/tools/powershell-core-7.6.4-windows/icx.exe"
      - "C:/src/vcpkg/installed/x64-windows-static/src/vcpkg/downloads/tools/powershell-core-7.6.4-windows/icx"
      - "C:/src/vcpkg/installed/x64-windows-static/src/vcpkg/downloads/tools/powershell-core-7.6.4-windows/clang++.com"
      - "C:/src/vcpkg/installed/x64-windows-static/src/vcpkg/downloads/tools/powershell-core-7.6.4-windows/clang++.exe"
      - "C:/src/vcpkg/installed/x64-windows-static/src/vcpkg/downloads/tools/powershell-core-7.6.4-windows/clang++"
      - "C:/src/vcpkg/installed/x64-windows-static/Windows/System32/c++.com"
      - "C:/src/vcpkg/installed/x64-windows-static/Windows/System32/c++.exe"
      - "C:/src/vcpkg/installed/x64-windows-static/Windows/System32/c++"
      - "C:/src/vcpkg/installed/x64-windows-static/Windows/System32/g++.com"
      - "C:/src/vcpkg/installed/x64-windows-static/Windows/System32/g++.exe"
      - "C:/src/vcpkg/installed/x64-windows-static/Windows/System32/g++"
      - "C:/src/vcpkg/installed/x64-windows-static/Windows/System32/cl.com"
      - "C:/src/vcpkg/installed/x64-windows-static/Windows/System32/cl.exe"
      - "C:/src/vcpkg/installed/x64-windows-static/Windows/System32/cl"
      - "C:/src/vcpkg/installed/x64-windows-static/Windows/System32/bcc.com"
      - "C:/src/vcpkg/installed/x64-windows-static/Windows/System32/bcc.exe"
      - "C:/src/vcpkg/installed/x64-windows-static/Windows/System32/bcc"
      - "C:/src/vcpkg/installed/x64-windows-static/Windows/System32/icx.com"
      - "C:/src/vcpkg/installed/x64-windows-static/Windows/System32/icx.exe"
      - "C:/src/vcpkg/installed/x64-windows-static/Windows/System32/icx"
      - "C:/src/vcpkg/installed/x64-windows-static/Windows/System32/clang++.com"
      - "C:/src/vcpkg/installed/x64-windows-static/Windows/System32/clang++.exe"
      - "C:/src/vcpkg/installed/x64-windows-static/Windows/System32/clang++"
      - "C:/src/vcpkg/installed/x64-windows-static/Windows/c++.com"
      - "C:/src/vcpkg/installed/x64-windows-static/Windows/c++.exe"
      - "C:/src/vcpkg/installed/x64-windows-static/Windows/c++"
      - "C:/src/vcpkg/installed/x64-windows-static/Windows/g++.com"
      - "C:/src/vcpkg/installed/x64-windows-static/Windows/g++.exe"
      - "C:/src/vcpkg/installed/x64-windows-static/Windows/g++"
      - "C:/src/vcpkg/installed/x64-windows-static/Windows/cl.com"
      - "C:/src/vcpkg/installed/x64-windows-static/Windows/cl.exe"
      - "C:/src/vcpkg/installed/x64-windows-static/Windows/cl"
      - "C:/src/vcpkg/installed/x64-windows-static/Windows/bcc.com"
      - "C:/src/vcpkg/installed/x64-windows-static/Windows/bcc.exe"
      - "C:/src/vcpkg/installed/x64-windows-static/Windows/bcc"
      - "C:/src/vcpkg/installed/x64-windows-static/Windows/icx.com"
      - "C:/src/vcpkg/installed/x64-windows-static/Windows/icx.exe"
      - "C:/src/vcpkg/installed/x64-windows-static/Windows/icx"
      - "C:/src/vcpkg/installed/x64-windows-static/Windows/clang++.com"
      - "C:/src/vcpkg/installed/x64-windows-static/Windows/clang++.exe"
      - "C:/src/vcpkg/installed/x64-windows-static/Windows/clang++"
      - "C:/src/vcpkg/installed/x64-windows-static/Windows/System32/wbem/c++.com"
      - "C:/src/vcpkg/installed/x64-windows-static/Windows/System32/wbem/c++.exe"
      - "C:/src/vcpkg/installed/x64-windows-static/Windows/System32/wbem/c++"
      - "C:/src/vcpkg/installed/x64-windows-static/Windows/System32/wbem/g++.com"
      - "C:/src/vcpkg/installed/x64-windows-static/Windows/System32/wbem/g++.exe"
      - "C:/src/vcpkg/installed/x64-windows-static/Windows/System32/wbem/g++"
      - "C:/src/vcpkg/installed/x64-windows-static/Windows/System32/wbem/cl.com"
      - "C:/src/vcpkg/installed/x64-windows-static/Windows/System32/wbem/cl.exe"
      - "C:/src/vcpkg/installed/x64-windows-static/Windows/System32/wbem/cl"
      - "C:/src/vcpkg/installed/x64-windows-static/Windows/System32/wbem/bcc.com"
      - "C:/src/vcpkg/installed/x64-windows-static/Windows/System32/wbem/bcc.exe"
      - "C:/src/vcpkg/installed/x64-windows-static/Windows/System32/wbem/bcc"
      - "C:/src/vcpkg/installed/x64-windows-static/Windows/System32/wbem/icx.com"
      - "C:/src/vcpkg/installed/x64-windows-static/Windows/System32/wbem/icx.exe"
      - "C:/src/vcpkg/installed/x64-windows-static/Windows/System32/wbem/icx"
      - "C:/src/vcpkg/installed/x64-windows-static/Windows/System32/wbem/clang++.com"
      - "C:/src/vcpkg/installed/x64-windows-static/Windows/System32/wbem/clang++.exe"
      - "C:/src/vcpkg/installed/x64-windows-static/Windows/System32/wbem/clang++"
      - "C:/src/vcpkg/installed/x64-windows-static/Windows/System32/WindowsPowerShell/v1.0/c++.com"
      - "C:/src/vcpkg/installed/x64-windows-static/Windows/System32/WindowsPowerShell/v1.0/c++.exe"
      - "C:/src/vcpkg/installed/x64-windows-static/Windows/System32/WindowsPowerShell/v1.0/c++"
      - "C:/src/vcpkg/installed/x64-windows-static/Windows/System32/WindowsPowerShell/v1.0/g++.com"
      - "C:/src/vcpkg/installed/x64-windows-static/Windows/System32/WindowsPowerShell/v1.0/g++.exe"
      - "C:/src/vcpkg/installed/x64-windows-static/Windows/System32/WindowsPowerShell/v1.0/g++"
      - "C:/src/vcpkg/installed/x64-windows-static/Windows/System32/WindowsPowerShell/v1.0/cl.com"
      - "C:/src/vcpkg/installed/x64-windows-static/Windows/System32/WindowsPowerShell/v1.0/cl.exe"
      - "C:/src/vcpkg/installed/x64-windows-static/Windows/System32/WindowsPowerShell/v1.0/cl"
      - "C:/src/vcpkg/installed/x64-windows-static/Windows/System32/WindowsPowerShell/v1.0/bcc.com"
      - "C:/src/vcpkg/installed/x64-windows-static/Windows/System32/WindowsPowerShell/v1.0/bcc.exe"
      - "C:/src/vcpkg/installed/x64-windows-static/Windows/System32/WindowsPowerShell/v1.0/bcc"
      - "C:/src/vcpkg/installed/x64-windows-static/Windows/System32/WindowsPowerShell/v1.0/icx.com"
      - "C:/src/vcpkg/installed/x64-windows-static/Windows/System32/WindowsPowerShell/v1.0/icx.exe"
      - "C:/src/vcpkg/installed/x64-windows-static/Windows/System32/WindowsPowerShell/v1.0/icx"
      - "C:/src/vcpkg/installed/x64-windows-static/Windows/System32/WindowsPowerShell/v1.0/clang++.com"
      - "C:/src/vcpkg/installed/x64-windows-static/Windows/System32/WindowsPowerShell/v1.0/clang++.exe"
      - "C:/src/vcpkg/installed/x64-windows-static/Windows/System32/WindowsPowerShell/v1.0/clang++"
      - "C:/src/vcpkg/installed/x64-windows-static/Windows/System32/OpenSSH/c++.com"
      - "C:/src/vcpkg/installed/x64-windows-static/Windows/System32/OpenSSH/c++.exe"
      - "C:/src/vcpkg/installed/x64-windows-static/Windows/System32/OpenSSH/c++"
      - "C:/src/vcpkg/installed/x64-windows-static/Windows/System32/OpenSSH/g++.com"
      - "C:/src/vcpkg/installed/x64-windows-static/Windows/System32/OpenSSH/g++.exe"
      - "C:/src/vcpkg/installed/x64-windows-static/Windows/System32/OpenSSH/g++"
      - "C:/src/vcpkg/installed/x64-windows-static/Windows/System32/OpenSSH/cl.com"
      - "C:/src/vcpkg/installed/x64-windows-static/Windows/System32/OpenSSH/cl.exe"
      - "C:/src/vcpkg/installed/x64-windows-static/Windows/System32/OpenSSH/cl"
      - "C:/src/vcpkg/installed/x64-windows-static/Windows/System32/OpenSSH/bcc.com"
      - "C:/src/vcpkg/installed/x64-windows-static/Windows/System32/OpenSSH/bcc.exe"
      - "C:/src/vcpkg/installed/x64-windows-static/Windows/System32/OpenSSH/bcc"
      - "C:/src/vcpkg/installed/x64-windows-static/Windows/System32/OpenSSH/icx.com"
      - "C:/src/vcpkg/installed/x64-windows-static/Windows/System32/OpenSSH/icx.exe"
      - "C:/src/vcpkg/installed/x64-windows-static/Windows/System32/OpenSSH/icx"
      - "C:/src/vcpkg/installed/x64-windows-static/Windows/System32/OpenSSH/clang++.com"
      - "C:/src/vcpkg/installed/x64-windows-static/Windows/System32/OpenSSH/clang++.exe"
      - "C:/src/vcpkg/installed/x64-windows-static/Windows/System32/OpenSSH/clang++"
      - "C:/src/vcpkg/installed/x64-windows-static/Program Files/Microsoft Visual Studio/2022/Community/Common7/IDE/CommonExtensions/Microsoft/CMake/CMake/bin/c++.com"
      - "C:/src/vcpkg/installed/x64-windows-static/Program Files/Microsoft Visual Studio/2022/Community/Common7/IDE/CommonExtensions/Microsoft/CMake/CMake/bin/c++.exe"
      - "C:/src/vcpkg/installed/x64-windows-static/Program Files/Microsoft Visual Studio/2022/Community/Common7/IDE/CommonExtensions/Microsoft/CMake/CMake/bin/c++"
      - "C:/src/vcpkg/installed/x64-windows-static/Program Files/Microsoft Visual Studio/2022/Community/Common7/IDE/CommonExtensions/Microsoft/CMake/CMake/bin/g++.com"
      - "C:/src/vcpkg/installed/x64-windows-static/Program Files/Microsoft Visual Studio/2022/Community/Common7/IDE/CommonExtensions/Microsoft/CMake/CMake/bin/g++.exe"
      - "C:/src/vcpkg/installed/x64-windows-static/Program Files/Microsoft Visual Studio/2022/Community/Common7/IDE/CommonExtensions/Microsoft/CMake/CMake/bin/g++"
      - "C:/src/vcpkg/installed/x64-windows-static/Program Files/Microsoft Visual Studio/2022/Community/Common7/IDE/CommonExtensions/Microsoft/CMake/CMake/bin/cl.com"
      - "C:/src/vcpkg/installed/x64-windows-static/Program Files/Microsoft Visual Studio/2022/Community/Common7/IDE/CommonExtensions/Microsoft/CMake/CMake/bin/cl.exe"
      - "C:/src/vcpkg/installed/x64-windows-static/Program Files/Microsoft Visual Studio/2022/Community/Common7/IDE/CommonExtensions/Microsoft/CMake/CMake/bin/cl"
      - "C:/src/vcpkg/installed/x64-windows-static/Program Files/Microsoft Visual Studio/2022/Community/Common7/IDE/CommonExtensions/Microsoft/CMake/CMake/bin/bcc.com"
      - "C:/src/vcpkg/installed/x64-windows-static/Program Files/Microsoft Visual Studio/2022/Community/Common7/IDE/CommonExtensions/Microsoft/CMake/CMake/bin/bcc.exe"
      - "C:/src/vcpkg/installed/x64-windows-static/Program Files/Microsoft Visual Studio/2022/Community/Common7/IDE/CommonExtensions/Microsoft/CMake/CMake/bin/bcc"
      - "C:/src/vcpkg/installed/x64-windows-static/Program Files/Microsoft Visual Studio/2022/Community/Common7/IDE/CommonExtensions/Microsoft/CMake/CMake/bin/icx.com"
      - "C:/src/vcpkg/installed/x64-windows-static/Program Files/Microsoft Visual Studio/2022/Community/Common7/IDE/CommonExtensions/Microsoft/CMake/CMake/bin/icx.exe"
      - "C:/src/vcpkg/installed/x64-windows-static/Program Files/Microsoft Visual Studio/2022/Community/Common7/IDE/CommonExtensions/Microsoft/CMake/CMake/bin/icx"
      - "C:/src/vcpkg/installed/x64-windows-static/Program Files/Microsoft Visual Studio/2022/Community/Common7/IDE/CommonExtensions/Microsoft/CMake/CMake/bin/clang++.com"
      - "C:/src/vcpkg/installed/x64-windows-static/Program Files/Microsoft Visual Studio/2022/Community/Common7/IDE/CommonExtensions/Microsoft/CMake/CMake/bin/clang++.exe"
      - "C:/src/vcpkg/installed/x64-windows-static/Program Files/Microsoft Visual Studio/2022/Community/Common7/IDE/CommonExtensions/Microsoft/CMake/CMake/bin/clang++"
      - "C:/src/vcpkg/installed/x64-windows-static/Program Files/Microsoft Visual Studio/2022/Community/Common7/IDE/CommonExtensions/Microsoft/CMake/Ninja/c++.com"
      - "C:/src/vcpkg/installed/x64-windows-static/Program Files/Microsoft Visual Studio/2022/Community/Common7/IDE/CommonExtensions/Microsoft/CMake/Ninja/c++.exe"
      - "C:/src/vcpkg/installed/x64-windows-static/Program Files/Microsoft Visual Studio/2022/Community/Common7/IDE/CommonExtensions/Microsoft/CMake/Ninja/c++"
      - "C:/src/vcpkg/installed/x64-windows-static/Program Files/Microsoft Visual Studio/2022/Community/Common7/IDE/CommonExtensions/Microsoft/CMake/Ninja/g++.com"
      - "C:/src/vcpkg/installed/x64-windows-static/Program Files/Microsoft Visual Studio/2022/Community/Common7/IDE/CommonExtensions/Microsoft/CMake/Ninja/g++.exe"
      - "C:/src/vcpkg/installed/x64-windows-static/Program Files/Microsoft Visual Studio/2022/Community/Common7/IDE/CommonExtensions/Microsoft/CMake/Ninja/g++"
      - "C:/src/vcpkg/installed/x64-windows-static/Program Files/Microsoft Visual Studio/2022/Community/Common7/IDE/CommonExtensions/Microsoft/CMake/Ninja/cl.com"
      - "C:/src/vcpkg/installed/x64-windows-static/Program Files/Microsoft Visual Studio/2022/Community/Common7/IDE/CommonExtensions/Microsoft/CMake/Ninja/cl.exe"
      - "C:/src/vcpkg/installed/x64-windows-static/Program Files/Microsoft Visual Studio/2022/Community/Common7/IDE/CommonExtensions/Microsoft/CMake/Ninja/cl"
      - "C:/src/vcpkg/installed/x64-windows-static/Program Files/Microsoft Visual Studio/2022/Community/Common7/IDE/CommonExtensions/Microsoft/CMake/Ninja/bcc.com"
      - "C:/src/vcpkg/installed/x64-windows-static/Program Files/Microsoft Visual Studio/2022/Community/Common7/IDE/CommonExtensions/Microsoft/CMake/Ninja/bcc.exe"
      - "C:/src/vcpkg/installed/x64-windows-static/Program Files/Microsoft Visual Studio/2022/Community/Common7/IDE/CommonExtensions/Microsoft/CMake/Ninja/bcc"
      - "C:/src/vcpkg/installed/x64-windows-static/Program Files/Microsoft Visual Studio/2022/Community/Common7/IDE/CommonExtensions/Microsoft/CMake/Ninja/icx.com"
      - "C:/src/vcpkg/installed/x64-windows-static/Program Files/Microsoft Visual Studio/2022/Community/Common7/IDE/CommonExtensions/Microsoft/CMake/Ninja/icx.exe"
      - "C:/src/vcpkg/installed/x64-windows-static/Program Files/Microsoft Visual Studio/2022/Community/Common7/IDE/CommonExtensions/Microsoft/CMake/Ninja/icx"
      - "C:/src/vcpkg/installed/x64-windows-static/Program Files/Microsoft Visual Studio/2022/Community/Common7/IDE/CommonExtensions/Microsoft/CMake/Ninja/clang++.com"
      - "C:/src/vcpkg/installed/x64-windows-static/Program Files/Microsoft Visual Studio/2022/Community/Common7/IDE/CommonExtensions/Microsoft/CMake/Ninja/clang++.exe"
      - "C:/src/vcpkg/installed/x64-windows-static/Program Files/Microsoft Visual Studio/2022/Community/Common7/IDE/CommonExtensions/Microsoft/CMake/Ninja/clang++"
      - "C:/src/vcpkg/installed/x64-windows-static/Program Files/Microsoft Visual Studio/2022/Community/Common7/IDE/VC/Linux/bin/ConnectionManagerExe/c++.com"
      - "C:/src/vcpkg/installed/x64-windows-static/Program Files/Microsoft Visual Studio/2022/Community/Common7/IDE/VC/Linux/bin/ConnectionManagerExe/c++.exe"
      - "C:/src/vcpkg/installed/x64-windows-static/Program Files/Microsoft Visual Studio/2022/Community/Common7/IDE/VC/Linux/bin/ConnectionManagerExe/c++"
      - "C:/src/vcpkg/installed/x64-windows-static/Program Files/Microsoft Visual Studio/2022/Community/Common7/IDE/VC/Linux/bin/ConnectionManagerExe/g++.com"
      - "C:/src/vcpkg/installed/x64-windows-static/Program Files/Microsoft Visual Studio/2022/Community/Common7/IDE/VC/Linux/bin/ConnectionManagerExe/g++.exe"
      - "C:/src/vcpkg/installed/x64-windows-static/Program Files/Microsoft Visual Studio/2022/Community/Common7/IDE/VC/Linux/bin/ConnectionManagerExe/g++"
      - "C:/src/vcpkg/installed/x64-windows-static/Program Files/Microsoft Visual Studio/2022/Community/Common7/IDE/VC/Linux/bin/ConnectionManagerExe/cl.com"
      - "C:/src/vcpkg/installed/x64-windows-static/Program Files/Microsoft Visual Studio/2022/Community/Common7/IDE/VC/Linux/bin/ConnectionManagerExe/cl.exe"
      - "C:/src/vcpkg/installed/x64-windows-static/Program Files/Microsoft Visual Studio/2022/Community/Common7/IDE/VC/Linux/bin/ConnectionManagerExe/cl"
      - "C:/src/vcpkg/installed/x64-windows-static/Program Files/Microsoft Visual Studio/2022/Community/Common7/IDE/VC/Linux/bin/ConnectionManagerExe/bcc.com"
      - "C:/src/vcpkg/installed/x64-windows-static/Program Files/Microsoft Visual Studio/2022/Community/Common7/IDE/VC/Linux/bin/ConnectionManagerExe/bcc.exe"
      - "C:/src/vcpkg/installed/x64-windows-static/Program Files/Microsoft Visual Studio/2022/Community/Common7/IDE/VC/Linux/bin/ConnectionManagerExe/bcc"
      - "C:/src/vcpkg/installed/x64-windows-static/Program Files/Microsoft Visual Studio/2022/Community/Common7/IDE/VC/Linux/bin/ConnectionManagerExe/icx.com"
      - "C:/src/vcpkg/installed/x64-windows-static/Program Files/Microsoft Visual Studio/2022/Community/Common7/IDE/VC/Linux/bin/ConnectionManagerExe/icx.exe"
      - "C:/src/vcpkg/installed/x64-windows-static/Program Files/Microsoft Visual Studio/2022/Community/Common7/IDE/VC/Linux/bin/ConnectionManagerExe/icx"
      - "C:/src/vcpkg/installed/x64-windows-static/Program Files/Microsoft Visual Studio/2022/Community/Common7/IDE/VC/Linux/bin/ConnectionManagerExe/clang++.com"
      - "C:/src/vcpkg/installed/x64-windows-static/Program Files/Microsoft Visual Studio/2022/Community/Common7/IDE/VC/Linux/bin/ConnectionManagerExe/clang++.exe"
      - "C:/src/vcpkg/installed/x64-windows-static/Program Files/Microsoft Visual Studio/2022/Community/Common7/IDE/VC/Linux/bin/ConnectionManagerExe/clang++"
      - "C:/src/vcpkg/installed/x64-windows-static/Program Files/Microsoft Visual Studio/2022/Community/VC/vcpkg/c++.com"
      - "C:/src/vcpkg/installed/x64-windows-static/Program Files/Microsoft Visual Studio/2022/Community/VC/vcpkg/c++.exe"
      - "C:/src/vcpkg/installed/x64-windows-static/Program Files/Microsoft Visual Studio/2022/Community/VC/vcpkg/c++"
      - "C:/src/vcpkg/installed/x64-windows-static/Program Files/Microsoft Visual Studio/2022/Community/VC/vcpkg/g++.com"
      - "C:/src/vcpkg/installed/x64-windows-static/Program Files/Microsoft Visual Studio/2022/Community/VC/vcpkg/g++.exe"
      - "C:/src/vcpkg/installed/x64-windows-static/Program Files/Microsoft Visual Studio/2022/Community/VC/vcpkg/g++"
      - "C:/src/vcpkg/installed/x64-windows-static/Program Files/Microsoft Visual Studio/2022/Community/VC/vcpkg/cl.com"
      - "C:/src/vcpkg/installed/x64-windows-static/Program Files/Microsoft Visual Studio/2022/Community/VC/vcpkg/cl.exe"
      - "C:/src/vcpkg/installed/x64-windows-static/Program Files/Microsoft Visual Studio/2022/Community/VC/vcpkg/cl"
      - "C:/src/vcpkg/installed/x64-windows-static/Program Files/Microsoft Visual Studio/2022/Community/VC/vcpkg/bcc.com"
      - "C:/src/vcpkg/installed/x64-windows-static/Program Files/Microsoft Visual Studio/2022/Community/VC/vcpkg/bcc.exe"
      - "C:/src/vcpkg/installed/x64-windows-static/Program Files/Microsoft Visual Studio/2022/Community/VC/vcpkg/bcc"
      - "C:/src/vcpkg/installed/x64-windows-static/Program Files/Microsoft Visual Studio/2022/Community/VC/vcpkg/icx.com"
      - "C:/src/vcpkg/installed/x64-windows-static/Program Files/Microsoft Visual Studio/2022/Community/VC/vcpkg/icx.exe"
      - "C:/src/vcpkg/installed/x64-windows-static/Program Files/Microsoft Visual Studio/2022/Community/VC/vcpkg/icx"
      - "C:/src/vcpkg/installed/x64-windows-static/Program Files/Microsoft Visual Studio/2022/Community/VC/vcpkg/clang++.com"
      - "C:/src/vcpkg/installed/x64-windows-static/Program Files/Microsoft Visual Studio/2022/Community/VC/vcpkg/clang++.exe"
      - "C:/src/vcpkg/installed/x64-windows-static/Program Files/Microsoft Visual Studio/2022/Community/VC/vcpkg/clang++"
      - "C:/src/vcpkg/installed/x64-windows-static/src/vcpkg/downloads/tools/ninja-1.13.2-windows/c++.com"
      - "C:/src/vcpkg/installed/x64-windows-static/src/vcpkg/downloads/tools/ninja-1.13.2-windows/c++.exe"
      - "C:/src/vcpkg/installed/x64-windows-static/src/vcpkg/downloads/tools/ninja-1.13.2-windows/c++"
      - "C:/src/vcpkg/installed/x64-windows-static/src/vcpkg/downloads/tools/ninja-1.13.2-windows/g++.com"
      - "C:/src/vcpkg/installed/x64-windows-static/src/vcpkg/downloads/tools/ninja-1.13.2-windows/g++.exe"
      - "C:/src/vcpkg/installed/x64-windows-static/src/vcpkg/downloads/tools/ninja-1.13.2-windows/g++"
      - "C:/src/vcpkg/installed/x64-windows-static/src/vcpkg/downloads/tools/ninja-1.13.2-windows/cl.com"
      - "C:/src/vcpkg/installed/x64-windows-static/src/vcpkg/downloads/tools/ninja-1.13.2-windows/cl.exe"
      - "C:/src/vcpkg/installed/x64-windows-static/src/vcpkg/downloads/tools/ninja-1.13.2-windows/cl"
      - "C:/src/vcpkg/installed/x64-windows-static/src/vcpkg/downloads/tools/ninja-1.13.2-windows/bcc.com"
      - "C:/src/vcpkg/installed/x64-windows-static/src/vcpkg/downloads/tools/ninja-1.13.2-windows/bcc.exe"
      - "C:/src/vcpkg/installed/x64-windows-static/src/vcpkg/downloads/tools/ninja-1.13.2-windows/bcc"
      - "C:/src/vcpkg/installed/x64-windows-static/src/vcpkg/downloads/tools/ninja-1.13.2-windows/icx.com"
      - "C:/src/vcpkg/installed/x64-windows-static/src/vcpkg/downloads/tools/ninja-1.13.2-windows/icx.exe"
      - "C:/src/vcpkg/installed/x64-windows-static/src/vcpkg/downloads/tools/ninja-1.13.2-windows/icx"
      - "C:/src/vcpkg/installed/x64-windows-static/src/vcpkg/downloads/tools/ninja-1.13.2-windows/clang++.com"
      - "C:/src/vcpkg/installed/x64-windows-static/src/vcpkg/downloads/tools/ninja-1.13.2-windows/clang++.exe"
      - "C:/src/vcpkg/installed/x64-windows-static/src/vcpkg/downloads/tools/ninja-1.13.2-windows/clang++"
      - "C:/Program Files/Microsoft Visual Studio/2022/Community/VC/Tools/MSVC/14.44.35207/bin/Hostx64/x64/c++.com"
      - "C:/Program Files/Microsoft Visual Studio/2022/Community/VC/Tools/MSVC/14.44.35207/bin/Hostx64/x64/c++.exe"
      - "C:/Program Files/Microsoft Visual Studio/2022/Community/VC/Tools/MSVC/14.44.35207/bin/Hostx64/x64/c++"
      - "C:/Program Files/Microsoft Visual Studio/2022/Community/VC/Tools/MSVC/14.44.35207/bin/Hostx64/x64/g++.com"
      - "C:/Program Files/Microsoft Visual Studio/2022/Community/VC/Tools/MSVC/14.44.35207/bin/Hostx64/x64/g++.exe"
      - "C:/Program Files/Microsoft Visual Studio/2022/Community/VC/Tools/MSVC/14.44.35207/bin/Hostx64/x64/g++"
      - "C:/Program Files/Microsoft Visual Studio/2022/Community/VC/Tools/MSVC/14.44.35207/bin/Hostx64/x64/cl.com"
    found: "C:/Program Files/Microsoft Visual Studio/2022/Community/VC/Tools/MSVC/14.44.35207/bin/Hostx64/x64/cl.exe"
    search_context:
      CMAKE_PROGRAM_PATH:
        - "C:/src/vcpkg/installed/x64-windows-static/tools"
      CMAKE_PREFIX_PATH:
        - "C:/src/vcpkg/installed/x64-windows-static/debug"
        - "C:/src/vcpkg/installed/x64-windows-static"
      ENV{PATH}:
        - "C:\\Program Files\\Microsoft Visual Studio\\2022\\Community\\VC\\Tools\\MSVC\\14.44.35207\\bin\\HostX64\\x64"
        - "C:\\Program Files\\Microsoft Visual Studio\\2022\\Community\\Common7\\IDE\\VC\\VCPackages"
        - "C:\\Program Files\\Microsoft Visual Studio\\2022\\Community\\Common7\\IDE\\CommonExtensions\\Microsoft\\TestWindow"
        - "C:\\Program Files\\Microsoft Visual Studio\\2022\\Community\\Common7\\IDE\\CommonExtensions\\Microsoft\\TeamFoundation\\Team Explorer"
        - "C:\\Program Files\\Microsoft Visual Studio\\2022\\Community\\MSBuild\\Current\\bin\\Roslyn"
        - "C:\\Program Files (x86)\\Microsoft SDKs\\Windows\\v10.0A\\bin\\NETFX 4.8 Tools\\x64\\"
        - "C:\\Program Files\\Microsoft Visual Studio\\2022\\Community\\Common7\\IDE\\CommonExtensions\\Microsoft\\FSharp\\Tools"
        - "C:\\Program Files\\Microsoft Visual Studio\\2022\\Community\\Team Tools\\DiagnosticsHub\\Collector"
        - "C:\\Program Files (x86)\\Windows Kits\\10\\bin\\10.0.26100.0\\x64"
        - "C:\\Program Files (x86)\\Windows Kits\\10\\bin\\x64"
        - "C:\\Program Files\\Microsoft Visual Studio\\2022\\Community\\MSBuild\\Current\\Bin\\amd64"
        - "C:\\Windows\\Microsoft.NET\\Framework64\\v4.0.30319"
        - "C:\\Program Files\\Microsoft Visual Studio\\2022\\Community\\Common7\\IDE\\"
        - "C:\\Program Files\\Microsoft Visual Studio\\2022\\Community\\Common7\\Tools\\"
        - "C:\\src\\vcpkg\\downloads\\tools\\powershell-core-7.6.4-windows"
        - "C:\\WINDOWS\\system32"
        - "C:\\WINDOWS"
        - "C:\\WINDOWS\\system32\\Wbem"
        - "C:\\WINDOWS\\system32\\WindowsPowerShell\\v1.0\\"
        - "C:\\WINDOWS\\system32\\OpenSSH\\"
        - "C:\\Program Files\\Microsoft Visual Studio\\2022\\Community\\Common7\\IDE\\CommonExtensions\\Microsoft\\CMake\\CMake\\bin"
        - "C:\\Program Files\\Microsoft Visual Studio\\2022\\Community\\Common7\\IDE\\CommonExtensions\\Microsoft\\CMake\\Ninja"
        - "C:\\Program Files\\Microsoft Visual Studio\\2022\\Community\\Common7\\IDE\\VC\\Linux\\bin\\ConnectionManagerExe"
        - "C:\\Program Files\\Microsoft Visual Studio\\2022\\Community\\VC\\vcpkg"
        - "C:\\src\\vcpkg\\downloads\\tools\\ninja-1.13.2-windows"
      CMAKE_INSTALL_PREFIX: "C:/src/vcpkg/packages/jsoncpp_x64-windows-static/debug"
      CMAKE_FIND_ROOT_PATH: "C:/src/vcpkg/installed/x64-windows-static/debug;C:/src/vcpkg/installed/x64-windows-static"
  -
    kind: "find-v1"
    backtrace:
      - "C:/Program Files/CMake/share/cmake-4.4/Modules/CMakeDetermineCompilerId.cmake:501 (find_file)"
      - "C:/Program Files/CMake/share/cmake-4.4/Modules/CMakeDetermineCompilerId.cmake:538 (CMAKE_DETERMINE_COMPILER_ID_WRITE)"
      - "C:/Program Files/CMake/share/cmake-4.4/Modules/CMakeDetermineCompilerId.cmake:8 (CMAKE_DETERMINE_COMPILER_ID_BUILD)"
      - "C:/Program Files/CMake/share/cmake-4.4/Modules/CMakeDetermineCompilerId.cmake:64 (__determine_compiler_id_test)"
      - "C:/Program Files/CMake/share/cmake-4.4/Modules/CMakeDetermineCXXCompiler.cmake:125 (CMAKE_DETERMINE_COMPILER_ID)"
      - "CMakeLists.txt:57 (project)"
    mode: "file"
    variable: "src_in"
    description: "Path to a file."
    settings:
      SearchFramework: "LAST"
      SearchAppBundle: "LAST"
      CMAKE_FIND_USE_CMAKE_PATH: true
      CMAKE_FIND_USE_CMAKE_ENVIRONMENT_PATH: true
      CMAKE_FIND_USE_SYSTEM_ENVIRONMENT_PATH: true
      CMAKE_FIND_USE_CMAKE_SYSTEM_PATH: true
      CMAKE_FIND_USE_INSTALL_PREFIX: true
    names:
      - "CMakeCXXCompilerId.cpp.in"
    candidate_directories:
      - "C:/Program Files/CMake/share/cmake-4.4/Modules/"
      - "C:/src/vcpkg/buildtrees/jsoncpp/src/1.9.6-29ceffc35f.clean/cmake/"
    found: "C:/Program Files/CMake/share/cmake-4.4/Modules/CMakeCXXCompilerId.cpp.in"
    search_context:
      CMAKE_PREFIX_PATH:
        - "C:/src/vcpkg/installed/x64-windows-static/debug"
        - "C:/src/vcpkg/installed/x64-windows-static"
      ENV{PATH}:
        - "C:\\Program Files\\Microsoft Visual Studio\\2022\\Community\\VC\\Tools\\MSVC\\14.44.35207\\bin\\HostX64\\x64"
        - "C:\\Program Files\\Microsoft Visual Studio\\2022\\Community\\Common7\\IDE\\VC\\VCPackages"
        - "C:\\Program Files\\Microsoft Visual Studio\\2022\\Community\\Common7\\IDE\\CommonExtensions\\Microsoft\\TestWindow"
        - "C:\\Program Files\\Microsoft Visual Studio\\2022\\Community\\Common7\\IDE\\CommonExtensions\\Microsoft\\TeamFoundation\\Team Explorer"
        - "C:\\Program Files\\Microsoft Visual Studio\\2022\\Community\\MSBuild\\Current\\bin\\Roslyn"
        - "C:\\Program Files (x86)\\Microsoft SDKs\\Windows\\v10.0A\\bin\\NETFX 4.8 Tools\\x64\\"
        - "C:\\Program Files\\Microsoft Visual Studio\\2022\\Community\\Common7\\IDE\\CommonExtensions\\Microsoft\\FSharp\\Tools"
        - "C:\\Program Files\\Microsoft Visual Studio\\2022\\Community\\Team Tools\\DiagnosticsHub\\Collector"
        - "C:\\Program Files (x86)\\Windows Kits\\10\\bin\\10.0.26100.0\\x64"
        - "C:\\Program Files (x86)\\Windows Kits\\10\\bin\\x64"
        - "C:\\Program Files\\Microsoft Visual Studio\\2022\\Community\\MSBuild\\Current\\Bin\\amd64"
        - "C:\\Windows\\Microsoft.NET\\Framework64\\v4.0.30319"
        - "C:\\Program Files\\Microsoft Visual Studio\\2022\\Community\\Common7\\IDE\\"
        - "C:\\Program Files\\Microsoft Visual Studio\\2022\\Community\\Common7\\Tools\\"
        - "C:\\src\\vcpkg\\downloads\\tools\\powershell-core-7.6.4-windows"
        - "C:\\WINDOWS\\system32"
        - "C:\\WINDOWS"
        - "C:\\WINDOWS\\system32\\Wbem"
        - "C:\\WINDOWS\\system32\\WindowsPowerShell\\v1.0\\"
        - "C:\\WINDOWS\\system32\\OpenSSH\\"
        - "C:\\Program Files\\Microsoft Visual Studio\\2022\\Community\\Common7\\IDE\\CommonExtensions\\Microsoft\\CMake\\CMake\\bin"
        - "C:\\Program Files\\Microsoft Visual Studio\\2022\\Community\\Common7\\IDE\\CommonExtensions\\Microsoft\\CMake\\Ninja"
        - "C:\\Program Files\\Microsoft Visual Studio\\2022\\Community\\Common7\\IDE\\VC\\Linux\\bin\\ConnectionManagerExe"
        - "C:\\Program Files\\Microsoft Visual Studio\\2022\\Community\\VC\\vcpkg"
        - "C:\\src\\vcpkg\\downloads\\tools\\ninja-1.13.2-windows"
      CMAKE_INSTALL_PREFIX: "C:/src/vcpkg/packages/jsoncpp_x64-windows-static/debug"
      CMAKE_FIND_ROOT_PATH: "C:/src/vcpkg/installed/x64-windows-static/debug;C:/src/vcpkg/installed/x64-windows-static"
      ENV{INCLUDE}:
        - "C:\\Program Files\\Microsoft Visual Studio\\2022\\Community\\VC\\Tools\\MSVC\\14.44.35207\\include"
        - "C:\\Program Files\\Microsoft Visual Studio\\2022\\Community\\VC\\Tools\\MSVC\\14.44.35207\\ATLMFC\\include"
        - "C:\\Program Files\\Microsoft Visual Studio\\2022\\Community\\VC\\Auxiliary\\VS\\include"
        - "C:\\Program Files (x86)\\Windows Kits\\10\\include\\10.0.26100.0\\ucrt"
        - "C:\\Program Files (x86)\\Windows Kits\\10\\\\include\\10.0.26100.0\\\\um"
        - "C:\\Program Files (x86)\\Windows Kits\\10\\\\include\\10.0.26100.0\\\\shared"
        - "C:\\Program Files (x86)\\Windows Kits\\10\\\\include\\10.0.26100.0\\\\winrt"
        - "C:\\Program Files (x86)\\Windows Kits\\10\\\\include\\10.0.26100.0\\\\cppwinrt"
        - "C:\\Program Files (x86)\\Windows Kits\\NETFXSDK\\4.8\\include\\um"
  -
    kind: "message-v1"
    backtrace:
      - "C:/Program Files/CMake/share/cmake-4.4/Modules/CMakeDetermineCompilerId.cmake:17 (message)"
      - "C:/Program Files/CMake/share/cmake-4.4/Modules/CMakeDetermineCompilerId.cmake:64 (__determine_compiler_id_test)"
      - "C:/Program Files/CMake/share/cmake-4.4/Modules/CMakeDetermineCXXCompiler.cmake:125 (CMAKE_DETERMINE_COMPILER_ID)"
      - "CMakeLists.txt:57 (project)"
    message: |
      Compiling the CXX compiler identification source file "CMakeCXXCompilerId.cpp" succeeded.
      Compiler: C:/Program Files/Microsoft Visual Studio/2022/Community/VC/Tools/MSVC/14.44.35207/bin/Hostx64/x64/cl.exe 
      Build flags: /nologo;/DWIN32;/D_WINDOWS;/utf-8;/GR;/EHsc;/MP
      Id flags:  
      
      The output was:
      0
      CMakeCXXCompilerId.cpp
      
      
      Compilation of the CXX compiler identification source "CMakeCXXCompilerId.cpp" produced "CMakeCXXCompilerId.exe"
      
      Compilation of the CXX compiler identification source "CMakeCXXCompilerId.cpp" produced "CMakeCXXCompilerId.obj"
      
      The CXX compiler identification is MSVC, found in:
        C:/src/vcpkg/buildtrees/jsoncpp/x64-windows-static-dbg/CMakeFiles/4.4.3/CompilerIdCXX/CMakeCXXCompilerId.exe
      
  -
    kind: "message-v1"
    backtrace:
      - "C:/Program Files/CMake/share/cmake-4.4/Modules/CMakeDetermineCompilerId.cmake:1379 (message)"
      - "C:/Program Files/CMake/share/cmake-4.4/Modules/CMakeDetermineCompilerId.cmake:277 (CMAKE_DETERMINE_MSVC_SHOWINCLUDES_PREFIX)"
      - "C:/Program Files/CMake/share/cmake-4.4/Modules/CMakeDetermineCXXCompiler.cmake:125 (CMAKE_DETERMINE_COMPILER_ID)"
      - "CMakeLists.txt:57 (project)"
    message: |
      Detecting CXX compiler /showIncludes prefix:
        main.c
        Note: including file: C:\\src\\vcpkg\\buildtrees\\jsoncpp\\x64-windows-static-dbg\\CMakeFiles\\ShowIncludes\\foo.h
        
      Found prefix "Note: including file: "
  -
    kind: "find-v1"
    backtrace:
      - "C:/Program Files/CMake/share/cmake-4.4/Modules/CMakeFindBinUtils.cmake:37 (find_program)"
      - "C:/Program Files/CMake/share/cmake-4.4/Modules/CMakeFindBinUtils.cmake:64 (__resolve_tool_path)"
      - "C:/Program Files/CMake/share/cmake-4.4/Modules/CMakeFindBinUtils.cmake:102 (__resolve_linker_path)"
      - "C:/Program Files/CMake/share/cmake-4.4/Modules/CMakeDetermineCXXCompiler.cmake:206 (include)"
      - "CMakeLists.txt:57 (project)"
    mode: "program"
    variable: "_CMAKE_TOOL_WITH_PATH"
    description: "Path to a program."
    settings:
      SearchFramework: "LAST"
      SearchAppBundle: "LAST"
      CMAKE_FIND_USE_CMAKE_PATH: false
      CMAKE_FIND_USE_CMAKE_ENVIRONMENT_PATH: false
      CMAKE_FIND_USE_SYSTEM_ENVIRONMENT_PATH: true
      CMAKE_FIND_USE_CMAKE_SYSTEM_PATH: true
      CMAKE_FIND_USE_INSTALL_PREFIX: true
    names:
      - "link"
    candidate_directories:
      - "C:/src/vcpkg/installed/x64-windows-static/debug/Program Files/Microsoft Visual Studio/2022/Community/VC/Tools/MSVC/14.44.35207/bin/Hostx64/x64/"
      - "C:/src/vcpkg/installed/x64-windows-static/debug/Program Files/Microsoft Visual Studio/2022/Community/Common7/IDE/VC/vcpackages/"
      - "C:/src/vcpkg/installed/x64-windows-static/debug/Program Files/Microsoft Visual Studio/2022/Community/Common7/IDE/CommonExtensions/Microsoft/TestWindow/"
      - "C:/src/vcpkg/installed/x64-windows-static/debug/Program Files/Microsoft Visual Studio/2022/Community/Common7/IDE/CommonExtensions/Microsoft/TeamFoundation/Team Explorer/"
      - "C:/src/vcpkg/installed/x64-windows-static/debug/Program Files/Microsoft Visual Studio/2022/Community/MSBuild/Current/Bin/Roslyn/"
      - "C:/src/vcpkg/installed/x64-windows-static/debug/Program Files (x86)/Microsoft SDKs/Windows/v10.0A/bin/NETFX 4.8 Tools/x64/"
      - "C:/src/vcpkg/installed/x64-windows-static/debug/Program Files/Microsoft Visual Studio/2022/Community/Common7/IDE/CommonExtensions/Microsoft/FSharp/Tools/"
      - "C:/src/vcpkg/installed/x64-windows-static/debug/Program Files/Microsoft Visual Studio/2022/Community/Team Tools/DiagnosticsHub/Collector/"
      - "C:/src/vcpkg/installed/x64-windows-static/debug/Program Files (x86)/Windows Kits/10/bin/10.0.26100.0/x64/"
      - "C:/src/vcpkg/installed/x64-windows-static/debug/Program Files (x86)/Windows Kits/10/bin/x64/"
      - "C:/src/vcpkg/installed/x64-windows-static/debug/Program Files/Microsoft Visual Studio/2022/Community/MSBuild/Current/Bin/amd64/"
      - "C:/src/vcpkg/installed/x64-windows-static/debug/Windows/Microsoft.NET/Framework64/v4.0.30319/"
      - "C:/src/vcpkg/installed/x64-windows-static/debug/Program Files/Microsoft Visual Studio/2022/Community/Common7/IDE/"
      - "C:/src/vcpkg/installed/x64-windows-static/debug/Program Files/Microsoft Visual Studio/2022/Community/Common7/Tools/"
      - "C:/src/vcpkg/installed/x64-windows-static/debug/src/vcpkg/downloads/tools/powershell-core-7.6.4-windows/"
      - "C:/src/vcpkg/installed/x64-windows-static/debug/Windows/System32/"
      - "C:/src/vcpkg/installed/x64-windows-static/debug/Windows/"
      - "C:/src/vcpkg/installed/x64-windows-static/debug/Windows/System32/wbem/"
      - "C:/src/vcpkg/installed/x64-windows-static/debug/Windows/System32/WindowsPowerShell/v1.0/"
      - "C:/src/vcpkg/installed/x64-windows-static/debug/Windows/System32/OpenSSH/"
      - "C:/src/vcpkg/installed/x64-windows-static/debug/Program Files/Microsoft Visual Studio/2022/Community/Common7/IDE/CommonExtensions/Microsoft/CMake/CMake/bin/"
      - "C:/src/vcpkg/installed/x64-windows-static/debug/Program Files/Microsoft Visual Studio/2022/Community/Common7/IDE/CommonExtensions/Microsoft/CMake/Ninja/"
      - "C:/src/vcpkg/installed/x64-windows-static/debug/Program Files/Microsoft Visual Studio/2022/Community/Common7/IDE/VC/Linux/bin/ConnectionManagerExe/"
      - "C:/src/vcpkg/installed/x64-windows-static/debug/Program Files/Microsoft Visual Studio/2022/Community/VC/vcpkg/"
      - "C:/src/vcpkg/installed/x64-windows-static/debug/src/vcpkg/downloads/tools/ninja-1.13.2-windows/"
      - "C:/src/vcpkg/installed/x64-windows-static/Program Files/Microsoft Visual Studio/2022/Community/VC/Tools/MSVC/14.44.35207/bin/Hostx64/x64/"
      - "C:/src/vcpkg/installed/x64-windows-static/Program Files/Microsoft Visual Studio/2022/Community/Common7/IDE/VC/vcpackages/"
      - "C:/src/vcpkg/installed/x64-windows-static/Program Files/Microsoft Visual Studio/2022/Community/Common7/IDE/CommonExtensions/Microsoft/TestWindow/"
      - "C:/src/vcpkg/installed/x64-windows-static/Program Files/Microsoft Visual Studio/2022/Community/Common7/IDE/CommonExtensions/Microsoft/TeamFoundation/Team Explorer/"
      - "C:/src/vcpkg/installed/x64-windows-static/Program Files/Microsoft Visual Studio/2022/Community/MSBuild/Current/Bin/Roslyn/"
      - "C:/src/vcpkg/installed/x64-windows-static/Program Files (x86)/Microsoft SDKs/Windows/v10.0A/bin/NETFX 4.8 Tools/x64/"
      - "C:/src/vcpkg/installed/x64-windows-static/Program Files/Microsoft Visual Studio/2022/Community/Common7/IDE/CommonExtensions/Microsoft/FSharp/Tools/"
      - "C:/src/vcpkg/installed/x64-windows-static/Program Files/Microsoft Visual Studio/2022/Community/Team Tools/DiagnosticsHub/Collector/"
      - "C:/src/vcpkg/installed/x64-windows-static/Program Files (x86)/Windows Kits/10/bin/10.0.26100.0/x64/"
      - "C:/src/vcpkg/installed/x64-windows-static/Program Files (x86)/Windows Kits/10/bin/x64/"
      - "C:/src/vcpkg/installed/x64-windows-static/Program Files/Microsoft Visual Studio/2022/Community/MSBuild/Current/Bin/amd64/"
      - "C:/src/vcpkg/installed/x64-windows-static/Windows/Microsoft.NET/Framework64/v4.0.30319/"
      - "C:/src/vcpkg/installed/x64-windows-static/Program Files/Microsoft Visual Studio/2022/Community/Common7/IDE/"
      - "C:/src/vcpkg/installed/x64-windows-static/Program Files/Microsoft Visual Studio/2022/Community/Common7/Tools/"
      - "C:/src/vcpkg/installed/x64-windows-static/src/vcpkg/downloads/tools/powershell-core-7.6.4-windows/"
      - "C:/src/vcpkg/installed/x64-windows-static/Windows/System32/"
      - "C:/src/vcpkg/installed/x64-windows-static/Windows/"
      - "C:/src/vcpkg/installed/x64-windows-static/Windows/System32/wbem/"
      - "C:/src/vcpkg/installed/x64-windows-static/Windows/System32/WindowsPowerShell/v1.0/"
      - "C:/src/vcpkg/installed/x64-windows-static/Windows/System32/OpenSSH/"
      - "C:/src/vcpkg/installed/x64-windows-static/Program Files/Microsoft Visual Studio/2022/Community/Common7/IDE/CommonExtensions/Microsoft/CMake/CMake/bin/"
      - "C:/src/vcpkg/installed/x64-windows-static/Program Files/Microsoft Visual Studio/2022/Community/Common7/IDE/CommonExtensions/Microsoft/CMake/Ninja/"
      - "C:/src/vcpkg/installed/x64-windows-static/Program Files/Microsoft Visual Studio/2022/Community/Common7/IDE/VC/Linux/bin/ConnectionManagerExe/"
      - "C:/src/vcpkg/installed/x64-windows-static/Program Files/Microsoft Visual Studio/2022/Community/VC/vcpkg/"
      - "C:/src/vcpkg/installed/x64-windows-static/src/vcpkg/downloads/tools/ninja-1.13.2-windows/"
      - "C:/Program Files/Microsoft Visual Studio/2022/Community/VC/Tools/MSVC/14.44.35207/bin/Hostx64/x64/"
      - "C:/Program Files/Microsoft Visual Studio/2022/Community/Common7/IDE/VC/vcpackages/"
      - "C:/Program Files/Microsoft Visual Studio/2022/Community/Common7/IDE/CommonExtensions/Microsoft/TestWindow/"
      - "C:/Program Files/Microsoft Visual Studio/2022/Community/Common7/IDE/CommonExtensions/Microsoft/TeamFoundation/Team Explorer/"
      - "C:/Program Files/Microsoft Visual Studio/2022/Community/MSBuild/Current/Bin/Roslyn/"
      - "C:/Program Files (x86)/Microsoft SDKs/Windows/v10.0A/bin/NETFX 4.8 Tools/x64/"
      - "C:/Program Files/Microsoft Visual Studio/2022/Community/Common7/IDE/CommonExtensions/Microsoft/FSharp/Tools/"
      - "C:/Program Files/Microsoft Visual Studio/2022/Community/Team Tools/DiagnosticsHub/Collector/"
      - "C:/Program Files (x86)/Windows Kits/10/bin/10.0.26100.0/x64/"
      - "C:/Program Files (x86)/Windows Kits/10/bin/x64/"
      - "C:/Program Files/Microsoft Visual Studio/2022/Community/MSBuild/Current/Bin/amd64/"
      - "C:/Windows/Microsoft.NET/Framework64/v4.0.30319/"
      - "C:/Program Files/Microsoft Visual Studio/2022/Community/Common7/IDE/"
      - "C:/Program Files/Microsoft Visual Studio/2022/Community/Common7/Tools/"
      - "C:/src/vcpkg/downloads/tools/powershell-core-7.6.4-windows/"
      - "C:/Windows/System32/"
      - "C:/Windows/"
      - "C:/Windows/System32/wbem/"
      - "C:/Windows/System32/WindowsPowerShell/v1.0/"
      - "C:/Windows/System32/OpenSSH/"
      - "C:/Program Files/Microsoft Visual Studio/2022/Community/Common7/IDE/CommonExtensions/Microsoft/CMake/CMake/bin/"
      - "C:/Program Files/Microsoft Visual Studio/2022/Community/Common7/IDE/CommonExtensions/Microsoft/CMake/Ninja/"
      - "C:/Program Files/Microsoft Visual Studio/2022/Community/Common7/IDE/VC/Linux/bin/ConnectionManagerExe/"
      - "C:/Program Files/Microsoft Visual Studio/2022/Community/VC/vcpkg/"
      - "C:/src/vcpkg/downloads/tools/ninja-1.13.2-windows/"
    searched_directories:
      - "C:/src/vcpkg/installed/x64-windows-static/debug/Program Files/Microsoft Visual Studio/2022/Community/VC/Tools/MSVC/14.44.35207/bin/Hostx64/x64/link.com"
      - "C:/src/vcpkg/installed/x64-windows-static/debug/Program Files/Microsoft Visual Studio/2022/Community/VC/Tools/MSVC/14.44.35207/bin/Hostx64/x64/link.exe"
      - "C:/src/vcpkg/installed/x64-windows-static/debug/Program Files/Microsoft Visual Studio/2022/Community/VC/Tools/MSVC/14.44.35207/bin/Hostx64/x64/link"
      - "C:/src/vcpkg/installed/x64-windows-static/debug/Program Files/Microsoft Visual Studio/2022/Community/Common7/IDE/VC/vcpackages/link.com"
      - "C:/src/vcpkg/installed/x64-windows-static/debug/Program Files/Microsoft Visual Studio/2022/Community/Common7/IDE/VC/vcpackages/link.exe"
      - "C:/src/vcpkg/installed/x64-windows-static/debug/Program Files/Microsoft Visual Studio/2022/Community/Common7/IDE/VC/vcpackages/link"
      - "C:/src/vcpkg/installed/x64-windows-static/debug/Program Files/Microsoft Visual Studio/2022/Community/Common7/IDE/CommonExtensions/Microsoft/TestWindow/link.com"
      - "C:/src/vcpkg/installed/x64-windows-static/debug/Program Files/Microsoft Visual Studio/2022/Community/Common7/IDE/CommonExtensions/Microsoft/TestWindow/link.exe"
      - "C:/src/vcpkg/installed/x64-windows-static/debug/Program Files/Microsoft Visual Studio/2022/Community/Common7/IDE/CommonExtensions/Microsoft/TestWindow/link"
      - "C:/src/vcpkg/installed/x64-windows-static/debug/Program Files/Microsoft Visual Studio/2022/Community/Common7/IDE/CommonExtensions/Microsoft/TeamFoundation/Team Explorer/link.com"
      - "C:/src/vcpkg/installed/x64-windows-static/debug/Program Files/Microsoft Visual Studio/2022/Community/Common7/IDE/CommonExtensions/Microsoft/TeamFoundation/Team Explorer/link.exe"
      - "C:/src/vcpkg/installed/x64-windows-static/debug/Program Files/Microsoft Visual Studio/2022/Community/Common7/IDE/CommonExtensions/Microsoft/TeamFoundation/Team Explorer/link"
      - "C:/src/vcpkg/installed/x64-windows-static/debug/Program Files/Microsoft Visual Studio/2022/Community/MSBuild/Current/Bin/Roslyn/link.com"
      - "C:/src/vcpkg/installed/x64-windows-static/debug/Program Files/Microsoft Visual Studio/2022/Community/MSBuild/Current/Bin/Roslyn/link.exe"
      - "C:/src/vcpkg/installed/x64-windows-static/debug/Program Files/Microsoft Visual Studio/2022/Community/MSBuild/Current/Bin/Roslyn/link"
      - "C:/src/vcpkg/installed/x64-windows-static/debug/Program Files (x86)/Microsoft SDKs/Windows/v10.0A/bin/NETFX 4.8 Tools/x64/link.com"
      - "C:/src/vcpkg/installed/x64-windows-static/debug/Program Files (x86)/Microsoft SDKs/Windows/v10.0A/bin/NETFX 4.8 Tools/x64/link.exe"
      - "C:/src/vcpkg/installed/x64-windows-static/debug/Program Files (x86)/Microsoft SDKs/Windows/v10.0A/bin/NETFX 4.8 Tools/x64/link"
      - "C:/src/vcpkg/installed/x64-windows-static/debug/Program Files/Microsoft Visual Studio/2022/Community/Common7/IDE/CommonExtensions/Microsoft/FSharp/Tools/link.com"
      - "C:/src/vcpkg/installed/x64-windows-static/debug/Program Files/Microsoft Visual Studio/2022/Community/Common7/IDE/CommonExtensions/Microsoft/FSharp/Tools/link.exe"
      - "C:/src/vcpkg/installed/x64-windows-static/debug/Program Files/Microsoft Visual Studio/2022/Community/Common7/IDE/CommonExtensions/Microsoft/FSharp/Tools/link"
      - "C:/src/vcpkg/installed/x64-windows-static/debug/Program Files/Microsoft Visual Studio/2022/Community/Team Tools/DiagnosticsHub/Collector/link.com"
      - "C:/src/vcpkg/installed/x64-windows-static/debug/Program Files/Microsoft Visual Studio/2022/Community/Team Tools/DiagnosticsHub/Collector/link.exe"
      - "C:/src/vcpkg/installed/x64-windows-static/debug/Program Files/Microsoft Visual Studio/2022/Community/Team Tools/DiagnosticsHub/Collector/link"
      - "C:/src/vcpkg/installed/x64-windows-static/debug/Program Files (x86)/Windows Kits/10/bin/10.0.26100.0/x64/link.com"
      - "C:/src/vcpkg/installed/x64-windows-static/debug/Program Files (x86)/Windows Kits/10/bin/10.0.26100.0/x64/link.exe"
      - "C:/src/vcpkg/installed/x64-windows-static/debug/Program Files (x86)/Windows Kits/10/bin/10.0.26100.0/x64/link"
      - "C:/src/vcpkg/installed/x64-windows-static/debug/Program Files (x86)/Windows Kits/10/bin/x64/link.com"
      - "C:/src/vcpkg/installed/x64-windows-static/debug/Program Files (x86)/Windows Kits/10/bin/x64/link.exe"
      - "C:/src/vcpkg/installed/x64-windows-static/debug/Program Files (x86)/Windows Kits/10/bin/x64/link"
      - "C:/src/vcpkg/installed/x64-windows-static/debug/Program Files/Microsoft Visual Studio/2022/Community/MSBuild/Current/Bin/amd64/link.com"
      - "C:/src/vcpkg/installed/x64-windows-static/debug/Program Files/Microsoft Visual Studio/2022/Community/MSBuild/Current/Bin/amd64/link.exe"
      - "C:/src/vcpkg/installed/x64-windows-static/debug/Program Files/Microsoft Visual Studio/2022/Community/MSBuild/Current/Bin/amd64/link"
      - "C:/src/vcpkg/installed/x64-windows-static/debug/Windows/Microsoft.NET/Framework64/v4.0.30319/link.com"
      - "C:/src/vcpkg/installed/x64-windows-static/debug/Windows/Microsoft.NET/Framework64/v4.0.30319/link.exe"
      - "C:/src/vcpkg/installed/x64-windows-static/debug/Windows/Microsoft.NET/Framework64/v4.0.30319/link"
      - "C:/src/vcpkg/installed/x64-windows-static/debug/Program Files/Microsoft Visual Studio/2022/Community/Common7/IDE/link.com"
      - "C:/src/vcpkg/installed/x64-windows-static/debug/Program Files/Microsoft Visual Studio/2022/Community/Common7/IDE/link.exe"
      - "C:/src/vcpkg/installed/x64-windows-static/debug/Program Files/Microsoft Visual Studio/2022/Community/Common7/IDE/link"
      - "C:/src/vcpkg/installed/x64-windows-static/debug/Program Files/Microsoft Visual Studio/2022/Community/Common7/Tools/link.com"
      - "C:/src/vcpkg/installed/x64-windows-static/debug/Program Files/Microsoft Visual Studio/2022/Community/Common7/Tools/link.exe"
      - "C:/src/vcpkg/installed/x64-windows-static/debug/Program Files/Microsoft Visual Studio/2022/Community/Common7/Tools/link"
      - "C:/src/vcpkg/installed/x64-windows-static/debug/src/vcpkg/downloads/tools/powershell-core-7.6.4-windows/link.com"
      - "C:/src/vcpkg/installed/x64-windows-static/debug/src/vcpkg/downloads/tools/powershell-core-7.6.4-windows/link.exe"
      - "C:/src/vcpkg/installed/x64-windows-static/debug/src/vcpkg/downloads/tools/powershell-core-7.6.4-windows/link"
      - "C:/src/vcpkg/installed/x64-windows-static/debug/Windows/System32/link.com"
      - "C:/src/vcpkg/installed/x64-windows-static/debug/Windows/System32/link.exe"
      - "C:/src/vcpkg/installed/x64-windows-static/debug/Windows/System32/link"
      - "C:/src/vcpkg/installed/x64-windows-static/debug/Windows/link.com"
      - "C:/src/vcpkg/installed/x64-windows-static/debug/Windows/link.exe"
      - "C:/src/vcpkg/installed/x64-windows-static/debug/Windows/link"
      - "C:/src/vcpkg/installed/x64-windows-static/debug/Windows/System32/wbem/link.com"
      - "C:/src/vcpkg/installed/x64-windows-static/debug/Windows/System32/wbem/link.exe"
      - "C:/src/vcpkg/installed/x64-windows-static/debug/Windows/System32/wbem/link"
      - "C:/src/vcpkg/installed/x64-windows-static/debug/Windows/System32/WindowsPowerShell/v1.0/link.com"
      - "C:/src/vcpkg/installed/x64-windows-static/debug/Windows/System32/WindowsPowerShell/v1.0/link.exe"
      - "C:/src/vcpkg/installed/x64-windows-static/debug/Windows/System32/WindowsPowerShell/v1.0/link"
      - "C:/src/vcpkg/installed/x64-windows-static/debug/Windows/System32/OpenSSH/link.com"
      - "C:/src/vcpkg/installed/x64-windows-static/debug/Windows/System32/OpenSSH/link.exe"
      - "C:/src/vcpkg/installed/x64-windows-static/debug/Windows/System32/OpenSSH/link"
      - "C:/src/vcpkg/installed/x64-windows-static/debug/Program Files/Microsoft Visual Studio/2022/Community/Common7/IDE/CommonExtensions/Microsoft/CMake/CMake/bin/link.com"
      - "C:/src/vcpkg/installed/x64-windows-static/debug/Program Files/Microsoft Visual Studio/2022/Community/Common7/IDE/CommonExtensions/Microsoft/CMake/CMake/bin/link.exe"
      - "C:/src/vcpkg/installed/x64-windows-static/debug/Program Files/Microsoft Visual Studio/2022/Community/Common7/IDE/CommonExtensions/Microsoft/CMake/CMake/bin/link"
      - "C:/src/vcpkg/installed/x64-windows-static/debug/Program Files/Microsoft Visual Studio/2022/Community/Common7/IDE/CommonExtensions/Microsoft/CMake/Ninja/link.com"
      - "C:/src/vcpkg/installed/x64-windows-static/debug/Program Files/Microsoft Visual Studio/2022/Community/Common7/IDE/CommonExtensions/Microsoft/CMake/Ninja/link.exe"
      - "C:/src/vcpkg/installed/x64-windows-static/debug/Program Files/Microsoft Visual Studio/2022/Community/Common7/IDE/CommonExtensions/Microsoft/CMake/Ninja/link"
      - "C:/src/vcpkg/installed/x64-windows-static/debug/Program Files/Microsoft Visual Studio/2022/Community/Common7/IDE/VC/Linux/bin/ConnectionManagerExe/link.com"
      - "C:/src/vcpkg/installed/x64-windows-static/debug/Program Files/Microsoft Visual Studio/2022/Community/Common7/IDE/VC/Linux/bin/ConnectionManagerExe/link.exe"
      - "C:/src/vcpkg/installed/x64-windows-static/debug/Program Files/Microsoft Visual Studio/2022/Community/Common7/IDE/VC/Linux/bin/ConnectionManagerExe/link"
      - "C:/src/vcpkg/installed/x64-windows-static/debug/Program Files/Microsoft Visual Studio/2022/Community/VC/vcpkg/link.com"
      - "C:/src/vcpkg/installed/x64-windows-static/debug/Program Files/Microsoft Visual Studio/2022/Community/VC/vcpkg/link.exe"
      - "C:/src/vcpkg/installed/x64-windows-static/debug/Program Files/Microsoft Visual Studio/2022/Community/VC/vcpkg/link"
      - "C:/src/vcpkg/installed/x64-windows-static/debug/src/vcpkg/downloads/tools/ninja-1.13.2-windows/link.com"
      - "C:/src/vcpkg/installed/x64-windows-static/debug/src/vcpkg/downloads/tools/ninja-1.13.2-windows/link.exe"
      - "C:/src/vcpkg/installed/x64-windows-static/debug/src/vcpkg/downloads/tools/ninja-1.13.2-windows/link"
      - "C:/src/vcpkg/installed/x64-windows-static/Program Files/Microsoft Visual Studio/2022/Community/VC/Tools/MSVC/14.44.35207/bin/Hostx64/x64/link.com"
      - "C:/src/vcpkg/installed/x64-windows-static/Program Files/Microsoft Visual Studio/2022/Community/VC/Tools/MSVC/14.44.35207/bin/Hostx64/x64/link.exe"
      - "C:/src/vcpkg/installed/x64-windows-static/Program Files/Microsoft Visual Studio/2022/Community/VC/Tools/MSVC/14.44.35207/bin/Hostx64/x64/link"
      - "C:/src/vcpkg/installed/x64-windows-static/Program Files/Microsoft Visual Studio/2022/Community/Common7/IDE/VC/vcpackages/link.com"
      - "C:/src/vcpkg/installed/x64-windows-static/Program Files/Microsoft Visual Studio/2022/Community/Common7/IDE/VC/vcpackages/link.exe"
      - "C:/src/vcpkg/installed/x64-windows-static/Program Files/Microsoft Visual Studio/2022/Community/Common7/IDE/VC/vcpackages/link"
      - "C:/src/vcpkg/installed/x64-windows-static/Program Files/Microsoft Visual Studio/2022/Community/Common7/IDE/CommonExtensions/Microsoft/TestWindow/link.com"
      - "C:/src/vcpkg/installed/x64-windows-static/Program Files/Microsoft Visual Studio/2022/Community/Common7/IDE/CommonExtensions/Microsoft/TestWindow/link.exe"
      - "C:/src/vcpkg/installed/x64-windows-static/Program Files/Microsoft Visual Studio/2022/Community/Common7/IDE/CommonExtensions/Microsoft/TestWindow/link"
      - "C:/src/vcpkg/installed/x64-windows-static/Program Files/Microsoft Visual Studio/2022/Community/Common7/IDE/CommonExtensions/Microsoft/TeamFoundation/Team Explorer/link.com"
      - "C:/src/vcpkg/installed/x64-windows-static/Program Files/Microsoft Visual Studio/2022/Community/Common7/IDE/CommonExtensions/Microsoft/TeamFoundation/Team Explorer/link.exe"
      - "C:/src/vcpkg/installed/x64-windows-static/Program Files/Microsoft Visual Studio/2022/Community/Common7/IDE/CommonExtensions/Microsoft/TeamFoundation/Team Explorer/link"
      - "C:/src/vcpkg/installed/x64-windows-static/Program Files/Microsoft Visual Studio/2022/Community/MSBuild/Current/Bin/Roslyn/link.com"
      - "C:/src/vcpkg/installed/x64-windows-static/Program Files/Microsoft Visual Studio/2022/Community/MSBuild/Current/Bin/Roslyn/link.exe"
      - "C:/src/vcpkg/installed/x64-windows-static/Program Files/Microsoft Visual Studio/2022/Community/MSBuild/Current/Bin/Roslyn/link"
      - "C:/src/vcpkg/installed/x64-windows-static/Program Files (x86)/Microsoft SDKs/Windows/v10.0A/bin/NETFX 4.8 Tools/x64/link.com"
      - "C:/src/vcpkg/installed/x64-windows-static/Program Files (x86)/Microsoft SDKs/Windows/v10.0A/bin/NETFX 4.8 Tools/x64/link.exe"
      - "C:/src/vcpkg/installed/x64-windows-static/Program Files (x86)/Microsoft SDKs/Windows/v10.0A/bin/NETFX 4.8 Tools/x64/link"
      - "C:/src/vcpkg/installed/x64-windows-static/Program Files/Microsoft Visual Studio/2022/Community/Common7/IDE/CommonExtensions/Microsoft/FSharp/Tools/link.com"
      - "C:/src/vcpkg/installed/x64-windows-static/Program Files/Microsoft Visual Studio/2022/Community/Common7/IDE/CommonExtensions/Microsoft/FSharp/Tools/link.exe"
      - "C:/src/vcpkg/installed/x64-windows-static/Program Files/Microsoft Visual Studio/2022/Community/Common7/IDE/CommonExtensions/Microsoft/FSharp/Tools/link"
      - "C:/src/vcpkg/installed/x64-windows-static/Program Files/Microsoft Visual Studio/2022/Community/Team Tools/DiagnosticsHub/Collector/link.com"
      - "C:/src/vcpkg/installed/x64-windows-static/Program Files/Microsoft Visual Studio/2022/Community/Team Tools/DiagnosticsHub/Collector/link.exe"
      - "C:/src/vcpkg/installed/x64-windows-static/Program Files/Microsoft Visual Studio/2022/Community/Team Tools/DiagnosticsHub/Collector/link"
      - "C:/src/vcpkg/installed/x64-windows-static/Program Files (x86)/Windows Kits/10/bin/10.0.26100.0/x64/link.com"
      - "C:/src/vcpkg/installed/x64-windows-static/Program Files (x86)/Windows Kits/10/bin/10.0.26100.0/x64/link.exe"
      - "C:/src/vcpkg/installed/x64-windows-static/Program Files (x86)/Windows Kits/10/bin/10.0.26100.0/x64/link"
      - "C:/src/vcpkg/installed/x64-windows-static/Program Files (x86)/Windows Kits/10/bin/x64/link.com"
      - "C:/src/vcpkg/installed/x64-windows-static/Program Files (x86)/Windows Kits/10/bin/x64/link.exe"
      - "C:/src/vcpkg/installed/x64-windows-static/Program Files (x86)/Windows Kits/10/bin/x64/link"
      - "C:/src/vcpkg/installed/x64-windows-static/Program Files/Microsoft Visual Studio/2022/Community/MSBuild/Current/Bin/amd64/link.com"
      - "C:/src/vcpkg/installed/x64-windows-static/Program Files/Microsoft Visual Studio/2022/Community/MSBuild/Current/Bin/amd64/link.exe"
      - "C:/src/vcpkg/installed/x64-windows-static/Program Files/Microsoft Visual Studio/2022/Community/MSBuild/Current/Bin/amd64/link"
      - "C:/src/vcpkg/installed/x64-windows-static/Windows/Microsoft.NET/Framework64/v4.0.30319/link.com"
      - "C:/src/vcpkg/installed/x64-windows-static/Windows/Microsoft.NET/Framework64/v4.0.30319/link.exe"
      - "C:/src/vcpkg/installed/x64-windows-static/Windows/Microsoft.NET/Framework64/v4.0.30319/link"
      - "C:/src/vcpkg/installed/x64-windows-static/Program Files/Microsoft Visual Studio/2022/Community/Common7/IDE/link.com"
      - "C:/src/vcpkg/installed/x64-windows-static/Program Files/Microsoft Visual Studio/2022/Community/Common7/IDE/link.exe"
      - "C:/src/vcpkg/installed/x64-windows-static/Program Files/Microsoft Visual Studio/2022/Community/Common7/IDE/link"
      - "C:/src/vcpkg/installed/x64-windows-static/Program Files/Microsoft Visual Studio/2022/Community/Common7/Tools/link.com"
      - "C:/src/vcpkg/installed/x64-windows-static/Program Files/Microsoft Visual Studio/2022/Community/Common7/Tools/link.exe"
      - "C:/src/vcpkg/installed/x64-windows-static/Program Files/Microsoft Visual Studio/2022/Community/Common7/Tools/link"
      - "C:/src/vcpkg/installed/x64-windows-static/src/vcpkg/downloads/tools/powershell-core-7.6.4-windows/link.com"
      - "C:/src/vcpkg/installed/x64-windows-static/src/vcpkg/downloads/tools/powershell-core-7.6.4-windows/link.exe"
      - "C:/src/vcpkg/installed/x64-windows-static/src/vcpkg/downloads/tools/powershell-core-7.6.4-windows/link"
      - "C:/src/vcpkg/installed/x64-windows-static/Windows/System32/link.com"
      - "C:/src/vcpkg/installed/x64-windows-static/Windows/System32/link.exe"
      - "C:/src/vcpkg/installed/x64-windows-static/Windows/System32/link"
      - "C:/src/vcpkg/installed/x64-windows-static/Windows/link.com"
      - "C:/src/vcpkg/installed/x64-windows-static/Windows/link.exe"
      - "C:/src/vcpkg/installed/x64-windows-static/Windows/link"
      - "C:/src/vcpkg/installed/x64-windows-static/Windows/System32/wbem/link.com"
      - "C:/src/vcpkg/installed/x64-windows-static/Windows/System32/wbem/link.exe"
      - "C:/src/vcpkg/installed/x64-windows-static/Windows/System32/wbem/link"
      - "C:/src/vcpkg/installed/x64-windows-static/Windows/System32/WindowsPowerShell/v1.0/link.com"
      - "C:/src/vcpkg/installed/x64-windows-static/Windows/System32/WindowsPowerShell/v1.0/link.exe"
      - "C:/src/vcpkg/installed/x64-windows-static/Windows/System32/WindowsPowerShell/v1.0/link"
      - "C:/src/vcpkg/installed/x64-windows-static/Windows/System32/OpenSSH/link.com"
      - "C:/src/vcpkg/installed/x64-windows-static/Windows/System32/OpenSSH/link.exe"
      - "C:/src/vcpkg/installed/x64-windows-static/Windows/System32/OpenSSH/link"
      - "C:/src/vcpkg/installed/x64-windows-static/Program Files/Microsoft Visual Studio/2022/Community/Common7/IDE/CommonExtensions/Microsoft/CMake/CMake/bin/link.com"
      - "C:/src/vcpkg/installed/x64-windows-static/Program Files/Microsoft Visual Studio/2022/Community/Common7/IDE/CommonExtensions/Microsoft/CMake/CMake/bin/link.exe"
      - "C:/src/vcpkg/installed/x64-windows-static/Program Files/Microsoft Visual Studio/2022/Community/Common7/IDE/CommonExtensions/Microsoft/CMake/CMake/bin/link"
      - "C:/src/vcpkg/installed/x64-windows-static/Program Files/Microsoft Visual Studio/2022/Community/Common7/IDE/CommonExtensions/Microsoft/CMake/Ninja/link.com"
      - "C:/src/vcpkg/installed/x64-windows-static/Program Files/Microsoft Visual Studio/2022/Community/Common7/IDE/CommonExtensions/Microsoft/CMake/Ninja/link.exe"
      - "C:/src/vcpkg/installed/x64-windows-static/Program Files/Microsoft Visual Studio/2022/Community/Common7/IDE/CommonExtensions/Microsoft/CMake/Ninja/link"
      - "C:/src/vcpkg/installed/x64-windows-static/Program Files/Microsoft Visual Studio/2022/Community/Common7/IDE/VC/Linux/bin/ConnectionManagerExe/link.com"
      - "C:/src/vcpkg/installed/x64-windows-static/Program Files/Microsoft Visual Studio/2022/Community/Common7/IDE/VC/Linux/bin/ConnectionManagerExe/link.exe"
      - "C:/src/vcpkg/installed/x64-windows-static/Program Files/Microsoft Visual Studio/2022/Community/Common7/IDE/VC/Linux/bin/ConnectionManagerExe/link"
      - "C:/src/vcpkg/installed/x64-windows-static/Program Files/Microsoft Visual Studio/2022/Community/VC/vcpkg/link.com"
      - "C:/src/vcpkg/installed/x64-windows-static/Program Files/Microsoft Visual Studio/2022/Community/VC/vcpkg/link.exe"
      - "C:/src/vcpkg/installed/x64-windows-static/Program Files/Microsoft Visual Studio/2022/Community/VC/vcpkg/link"
      - "C:/src/vcpkg/installed/x64-windows-static/src/vcpkg/downloads/tools/ninja-1.13.2-windows/link.com"
      - "C:/src/vcpkg/installed/x64-windows-static/src/vcpkg/downloads/tools/ninja-1.13.2-windows/link.exe"
      - "C:/src/vcpkg/installed/x64-windows-static/src/vcpkg/downloads/tools/ninja-1.13.2-windows/link"
      - "C:/Program Files/Microsoft Visual Studio/2022/Community/VC/Tools/MSVC/14.44.35207/bin/Hostx64/x64/link.com"
    found: "C:/Program Files/Microsoft Visual Studio/2022/Community/VC/Tools/MSVC/14.44.35207/bin/Hostx64/x64/link.exe"
    search_context:
      CMAKE_PROGRAM_PATH:
        - "C:/src/vcpkg/installed/x64-windows-static/tools"
      CMAKE_PREFIX_PATH:
        - "C:/src/vcpkg/installed/x64-windows-static/debug"
        - "C:/src/vcpkg/installed/x64-windows-static"
      ENV{PATH}:
        - "C:\\Program Files\\Microsoft Visual Studio\\2022\\Community\\VC\\Tools\\MSVC\\14.44.35207\\bin\\HostX64\\x64"
        - "C:\\Program Files\\Microsoft Visual Studio\\2022\\Community\\Common7\\IDE\\VC\\VCPackages"
        - "C:\\Program Files\\Microsoft Visual Studio\\2022\\Community\\Common7\\IDE\\CommonExtensions\\Microsoft\\TestWindow"
        - "C:\\Program Files\\Microsoft Visual Studio\\2022\\Community\\Common7\\IDE\\CommonExtensions\\Microsoft\\TeamFoundation\\Team Explorer"
        - "C:\\Program Files\\Microsoft Visual Studio\\2022\\Community\\MSBuild\\Current\\bin\\Roslyn"
        - "C:\\Program Files (x86)\\Microsoft SDKs\\Windows\\v10.0A\\bin\\NETFX 4.8 Tools\\x64\\"
        - "C:\\Program Files\\Microsoft Visual Studio\\2022\\Community\\Common7\\IDE\\CommonExtensions\\Microsoft\\FSharp\\Tools"
        - "C:\\Program Files\\Microsoft Visual Studio\\2022\\Community\\Team Tools\\DiagnosticsHub\\Collector"
        - "C:\\Program Files (x86)\\Windows Kits\\10\\bin\\10.0.26100.0\\x64"
        - "C:\\Program Files (x86)\\Windows Kits\\10\\bin\\x64"
        - "C:\\Program Files\\Microsoft Visual Studio\\2022\\Community\\MSBuild\\Current\\Bin\\amd64"
        - "C:\\Windows\\Microsoft.NET\\Framework64\\v4.0.30319"
        - "C:\\Program Files\\Microsoft Visual Studio\\2022\\Community\\Common7\\IDE\\"
        - "C:\\Program Files\\Microsoft Visual Studio\\2022\\Community\\Common7\\Tools\\"
        - "C:\\src\\vcpkg\\downloads\\tools\\powershell-core-7.6.4-windows"
        - "C:\\WINDOWS\\system32"
        - "C:\\WINDOWS"
        - "C:\\WINDOWS\\system32\\Wbem"
        - "C:\\WINDOWS\\system32\\WindowsPowerShell\\v1.0\\"
        - "C:\\WINDOWS\\system32\\OpenSSH\\"
        - "C:\\Program Files\\Microsoft Visual Studio\\2022\\Community\\Common7\\IDE\\CommonExtensions\\Microsoft\\CMake\\CMake\\bin"
        - "C:\\Program Files\\Microsoft Visual Studio\\2022\\Community\\Common7\\IDE\\CommonExtensions\\Microsoft\\CMake\\Ninja"
        - "C:\\Program Files\\Microsoft Visual Studio\\2022\\Community\\Common7\\IDE\\VC\\Linux\\bin\\ConnectionManagerExe"
        - "C:\\Program Files\\Microsoft Visual Studio\\2022\\Community\\VC\\vcpkg"
        - "C:\\src\\vcpkg\\downloads\\tools\\ninja-1.13.2-windows"
      CMAKE_INSTALL_PREFIX: "C:/src/vcpkg/packages/jsoncpp_x64-windows-static/debug"
      CMAKE_FIND_ROOT_PATH: "C:/src/vcpkg/installed/x64-windows-static/debug;C:/src/vcpkg/installed/x64-windows-static"
  -
    kind: "find-v1"
    backtrace:
      - "C:/Program Files/CMake/share/cmake-4.4/Modules/CMakeFindBinUtils.cmake:37 (find_program)"
      - "C:/Program Files/CMake/share/cmake-4.4/Modules/CMakeFindBinUtils.cmake:64 (__resolve_tool_path)"
      - "C:/Program Files/CMake/share/cmake-4.4/Modules/CMakeFindBinUtils.cmake:103 (__resolve_linker_path)"
      - "C:/Program Files/CMake/share/cmake-4.4/Modules/CMakeDetermineCXXCompiler.cmake:206 (include)"
      - "CMakeLists.txt:57 (project)"
    mode: "program"
    variable: "_CMAKE_TOOL_WITH_PATH"
    description: "Path to a program."
    settings:
      SearchFramework: "LAST"
      SearchAppBundle: "LAST"
      CMAKE_FIND_USE_CMAKE_PATH: false
      CMAKE_FIND_USE_CMAKE_ENVIRONMENT_PATH: false
      CMAKE_FIND_USE_SYSTEM_ENVIRONMENT_PATH: true
      CMAKE_FIND_USE_CMAKE_SYSTEM_PATH: true
      CMAKE_FIND_USE_INSTALL_PREFIX: true
    names:
      - "lld-link"
    candidate_directories:
      - "C:/src/vcpkg/installed/x64-windows-static/debug/Program Files/Microsoft Visual Studio/2022/Community/VC/Tools/MSVC/14.44.35207/bin/Hostx64/x64/"
      - "C:/src/vcpkg/installed/x64-windows-static/debug/Program Files/Microsoft Visual Studio/2022/Community/Common7/IDE/VC/vcpackages/"
      - "C:/src/vcpkg/installed/x64-windows-static/debug/Program Files/Microsoft Visual Studio/2022/Community/Common7/IDE/CommonExtensions/Microsoft/TestWindow/"
      - "C:/src/vcpkg/installed/x64-windows-static/debug/Program Files/Microsoft Visual Studio/2022/Community/Common7/IDE/CommonExtensions/Microsoft/TeamFoundation/Team Explorer/"
      - "C:/src/vcpkg/installed/x64-windows-static/debug/Program Files/Microsoft Visual Studio/2022/Community/MSBuild/Current/Bin/Roslyn/"
      - "C:/src/vcpkg/installed/x64-windows-static/debug/Program Files (x86)/Microsoft SDKs/Windows/v10.0A/bin/NETFX 4.8 Tools/x64/"
      - "C:/src/vcpkg/installed/x64-windows-static/debug/Program Files/Microsoft Visual Studio/2022/Community/Common7/IDE/CommonExtensions/Microsoft/FSharp/Tools/"
      - "C:/src/vcpkg/installed/x64-windows-static/debug/Program Files/Microsoft Visual Studio/2022/Community/Team Tools/DiagnosticsHub/Collector/"
      - "C:/src/vcpkg/installed/x64-windows-static/debug/Program Files (x86)/Windows Kits/10/bin/10.0.26100.0/x64/"
      - "C:/src/vcpkg/installed/x64-windows-static/debug/Program Files (x86)/Windows Kits/10/bin/x64/"
      - "C:/src/vcpkg/installed/x64-windows-static/debug/Program Files/Microsoft Visual Studio/2022/Community/MSBuild/Current/Bin/amd64/"
      - "C:/src/vcpkg/installed/x64-windows-static/debug/Windows/Microsoft.NET/Framework64/v4.0.30319/"
      - "C:/src/vcpkg/installed/x64-windows-static/debug/Program Files/Microsoft Visual Studio/2022/Community/Common7/IDE/"
      - "C:/src/vcpkg/installed/x64-windows-static/debug/Program Files/Microsoft Visual Studio/2022/Community/Common7/Tools/"
      - "C:/src/vcpkg/installed/x64-windows-static/debug/src/vcpkg/downloads/tools/powershell-core-7.6.4-windows/"
      - "C:/src/vcpkg/installed/x64-windows-static/debug/Windows/System32/"
      - "C:/src/vcpkg/installed/x64-windows-static/debug/Windows/"
      - "C:/src/vcpkg/installed/x64-windows-static/debug/Windows/System32/wbem/"
      - "C:/src/vcpkg/installed/x64-windows-static/debug/Windows/System32/WindowsPowerShell/v1.0/"
      - "C:/src/vcpkg/installed/x64-windows-static/debug/Windows/System32/OpenSSH/"
      - "C:/src/vcpkg/installed/x64-windows-static/debug/Program Files/Microsoft Visual Studio/2022/Community/Common7/IDE/CommonExtensions/Microsoft/CMake/CMake/bin/"
      - "C:/src/vcpkg/installed/x64-windows-static/debug/Program Files/Microsoft Visual Studio/2022/Community/Common7/IDE/CommonExtensions/Microsoft/CMake/Ninja/"
      - "C:/src/vcpkg/installed/x64-windows-static/debug/Program Files/Microsoft Visual Studio/2022/Community/Common7/IDE/VC/Linux/bin/ConnectionManagerExe/"
      - "C:/src/vcpkg/installed/x64-windows-static/debug/Program Files/Microsoft Visual Studio/2022/Community/VC/vcpkg/"
      - "C:/src/vcpkg/installed/x64-windows-static/debug/src/vcpkg/downloads/tools/ninja-1.13.2-windows/"
      - "C:/src/vcpkg/installed/x64-windows-static/Program Files/Microsoft Visual Studio/2022/Community/VC/Tools/MSVC/14.44.35207/bin/Hostx64/x64/"
      - "C:/src/vcpkg/installed/x64-windows-static/Program Files/Microsoft Visual Studio/2022/Community/Common7/IDE/VC/vcpackages/"
      - "C:/src/vcpkg/installed/x64-windows-static/Program Files/Microsoft Visual Studio/2022/Community/Common7/IDE/CommonExtensions/Microsoft/TestWindow/"
      - "C:/src/vcpkg/installed/x64-windows-static/Program Files/Microsoft Visual Studio/2022/Community/Common7/IDE/CommonExtensions/Microsoft/TeamFoundation/Team Explorer/"
      - "C:/src/vcpkg/installed/x64-windows-static/Program Files/Microsoft Visual Studio/2022/Community/MSBuild/Current/Bin/Roslyn/"
      - "C:/src/vcpkg/installed/x64-windows-static/Program Files (x86)/Microsoft SDKs/Windows/v10.0A/bin/NETFX 4.8 Tools/x64/"
      - "C:/src/vcpkg/installed/x64-windows-static/Program Files/Microsoft Visual Studio/2022/Community/Common7/IDE/CommonExtensions/Microsoft/FSharp/Tools/"
      - "C:/src/vcpkg/installed/x64-windows-static/Program Files/Microsoft Visual Studio/2022/Community/Team Tools/DiagnosticsHub/Collector/"
      - "C:/src/vcpkg/installed/x64-windows-static/Program Files (x86)/Windows Kits/10/bin/10.0.26100.0/x64/"
      - "C:/src/vcpkg/installed/x64-windows-static/Program Files (x86)/Windows Kits/10/bin/x64/"
      - "C:/src/vcpkg/installed/x64-windows-static/Program Files/Microsoft Visual Studio/2022/Community/MSBuild/Current/Bin/amd64/"
      - "C:/src/vcpkg/installed/x64-windows-static/Windows/Microsoft.NET/Framework64/v4.0.30319/"
      - "C:/src/vcpkg/installed/x64-windows-static/Program Files/Microsoft Visual Studio/2022/Community/Common7/IDE/"
      - "C:/src/vcpkg/installed/x64-windows-static/Program Files/Microsoft Visual Studio/2022/Community/Common7/Tools/"
      - "C:/src/vcpkg/installed/x64-windows-static/src/vcpkg/downloads/tools/powershell-core-7.6.4-windows/"
      - "C:/src/vcpkg/installed/x64-windows-static/Windows/System32/"
      - "C:/src/vcpkg/installed/x64-windows-static/Windows/"
      - "C:/src/vcpkg/installed/x64-windows-static/Windows/System32/wbem/"
      - "C:/src/vcpkg/installed/x64-windows-static/Windows/System32/WindowsPowerShell/v1.0/"
      - "C:/src/vcpkg/installed/x64-windows-static/Windows/System32/OpenSSH/"
      - "C:/src/vcpkg/installed/x64-windows-static/Program Files/Microsoft Visual Studio/2022/Community/Common7/IDE/CommonExtensions/Microsoft/CMake/CMake/bin/"
      - "C:/src/vcpkg/installed/x64-windows-static/Program Files/Microsoft Visual Studio/2022/Community/Common7/IDE/CommonExtensions/Microsoft/CMake/Ninja/"
      - "C:/src/vcpkg/installed/x64-windows-static/Program Files/Microsoft Visual Studio/2022/Community/Common7/IDE/VC/Linux/bin/ConnectionManagerExe/"
      - "C:/src/vcpkg/installed/x64-windows-static/Program Files/Microsoft Visual Studio/2022/Community/VC/vcpkg/"
      - "C:/src/vcpkg/installed/x64-windows-static/src/vcpkg/downloads/tools/ninja-1.13.2-windows/"
      - "C:/Program Files/Microsoft Visual Studio/2022/Community/VC/Tools/MSVC/14.44.35207/bin/Hostx64/x64/"
      - "C:/Program Files/Microsoft Visual Studio/2022/Community/Common7/IDE/VC/vcpackages/"
      - "C:/Program Files/Microsoft Visual Studio/2022/Community/Common7/IDE/CommonExtensions/Microsoft/TestWindow/"
      - "C:/Program Files/Microsoft Visual Studio/2022/Community/Common7/IDE/CommonExtensions/Microsoft/TeamFoundation/Team Explorer/"
      - "C:/Program Files/Microsoft Visual Studio/2022/Community/MSBuild/Current/Bin/Roslyn/"
      - "C:/Program Files (x86)/Microsoft SDKs/Windows/v10.0A/bin/NETFX 4.8 Tools/x64/"
      - "C:/Program Files/Microsoft Visual Studio/2022/Community/Common7/IDE/CommonExtensions/Microsoft/FSharp/Tools/"
      - "C:/Program Files/Microsoft Visual Studio/2022/Community/Team Tools/DiagnosticsHub/Collector/"
      - "C:/Program Files (x86)/Windows Kits/10/bin/10.0.26100.0/x64/"
      - "C:/Program Files (x86)/Windows Kits/10/bin/x64/"
      - "C:/Program Files/Microsoft Visual Studio/2022/Community/MSBuild/Current/Bin/amd64/"
      - "C:/Windows/Microsoft.NET/Framework64/v4.0.30319/"
      - "C:/Program Files/Microsoft Visual Studio/2022/Community/Common7/IDE/"
      - "C:/Program Files/Microsoft Visual Studio/2022/Community/Common7/Tools/"
      - "C:/src/vcpkg/downloads/tools/powershell-core-7.6.4-windows/"
      - "C:/Windows/System32/"
      - "C:/Windows/"
      - "C:/Windows/System32/wbem/"
      - "C:/Windows/System32/WindowsPowerShell/v1.0/"
      - "C:/Windows/System32/OpenSSH/"
      - "C:/Program Files/Microsoft Visual Studio/2022/Community/Common7/IDE/CommonExtensions/Microsoft/CMake/CMake/bin/"
      - "C:/Program Files/Microsoft Visual Studio/2022/Community/Common7/IDE/CommonExtensions/Microsoft/CMake/Ninja/"
      - "C:/Program Files/Microsoft Visual Studio/2022/Community/Common7/IDE/VC/Linux/bin/ConnectionManagerExe/"
      - "C:/Program Files/Microsoft Visual Studio/2022/Community/VC/vcpkg/"
      - "C:/src/vcpkg/downloads/tools/ninja-1.13.2-windows/"
    searched_directories:
      - "C:/src/vcpkg/installed/x64-windows-static/debug/Program Files/Microsoft Visual Studio/2022/Community/VC/Tools/MSVC/14.44.35207/bin/Hostx64/x64/lld-link.com"
      - "C:/src/vcpkg/installed/x64-windows-static/debug/Program Files/Microsoft Visual Studio/2022/Community/VC/Tools/MSVC/14.44.35207/bin/Hostx64/x64/lld-link.exe"
      - "C:/src/vcpkg/installed/x64-windows-static/debug/Program Files/Microsoft Visual Studio/2022/Community/VC/Tools/MSVC/14.44.35207/bin/Hostx64/x64/lld-link"
      - "C:/src/vcpkg/installed/x64-windows-static/debug/Program Files/Microsoft Visual Studio/2022/Community/Common7/IDE/VC/vcpackages/lld-link.com"
      - "C:/src/vcpkg/installed/x64-windows-static/debug/Program Files/Microsoft Visual Studio/2022/Community/Common7/IDE/VC/vcpackages/lld-link.exe"
      - "C:/src/vcpkg/installed/x64-windows-static/debug/Program Files/Microsoft Visual Studio/2022/Community/Common7/IDE/VC/vcpackages/lld-link"
      - "C:/src/vcpkg/installed/x64-windows-static/debug/Program Files/Microsoft Visual Studio/2022/Community/Common7/IDE/CommonExtensions/Microsoft/TestWindow/lld-link.com"
      - "C:/src/vcpkg/installed/x64-windows-static/debug/Program Files/Microsoft Visual Studio/2022/Community/Common7/IDE/CommonExtensions/Microsoft/TestWindow/lld-link.exe"
      - "C:/src/vcpkg/installed/x64-windows-static/debug/Program Files/Microsoft Visual Studio/2022/Community/Common7/IDE/CommonExtensions/Microsoft/TestWindow/lld-link"
      - "C:/src/vcpkg/installed/x64-windows-static/debug/Program Files/Microsoft Visual Studio/2022/Community/Common7/IDE/CommonExtensions/Microsoft/TeamFoundation/Team Explorer/lld-link.com"
      - "C:/src/vcpkg/installed/x64-windows-static/debug/Program Files/Microsoft Visual Studio/2022/Community/Common7/IDE/CommonExtensions/Microsoft/TeamFoundation/Team Explorer/lld-link.exe"
      - "C:/src/vcpkg/installed/x64-windows-static/debug/Program Files/Microsoft Visual Studio/2022/Community/Common7/IDE/CommonExtensions/Microsoft/TeamFoundation/Team Explorer/lld-link"
      - "C:/src/vcpkg/installed/x64-windows-static/debug/Program Files/Microsoft Visual Studio/2022/Community/MSBuild/Current/Bin/Roslyn/lld-link.com"
      - "C:/src/vcpkg/installed/x64-windows-static/debug/Program Files/Microsoft Visual Studio/2022/Community/MSBuild/Current/Bin/Roslyn/lld-link.exe"
      - "C:/src/vcpkg/installed/x64-windows-static/debug/Program Files/Microsoft Visual Studio/2022/Community/MSBuild/Current/Bin/Roslyn/lld-link"
      - "C:/src/vcpkg/installed/x64-windows-static/debug/Program Files (x86)/Microsoft SDKs/Windows/v10.0A/bin/NETFX 4.8 Tools/x64/lld-link.com"
      - "C:/src/vcpkg/installed/x64-windows-static/debug/Program Files (x86)/Microsoft SDKs/Windows/v10.0A/bin/NETFX 4.8 Tools/x64/lld-link.exe"
      - "C:/src/vcpkg/installed/x64-windows-static/debug/Program Files (x86)/Microsoft SDKs/Windows/v10.0A/bin/NETFX 4.8 Tools/x64/lld-link"
      - "C:/src/vcpkg/installed/x64-windows-static/debug/Program Files/Microsoft Visual Studio/2022/Community/Common7/IDE/CommonExtensions/Microsoft/FSharp/Tools/lld-link.com"
      - "C:/src/vcpkg/installed/x64-windows-static/debug/Program Files/Microsoft Visual Studio/2022/Community/Common7/IDE/CommonExtensions/Microsoft/FSharp/Tools/lld-link.exe"
      - "C:/src/vcpkg/installed/x64-windows-static/debug/Program Files/Microsoft Visual Studio/2022/Community/Common7/IDE/CommonExtensions/Microsoft/FSharp/Tools/lld-link"
      - "C:/src/vcpkg/installed/x64-windows-static/debug/Program Files/Microsoft Visual Studio/2022/Community/Team Tools/DiagnosticsHub/Collector/lld-link.com"
      - "C:/src/vcpkg/installed/x64-windows-static/debug/Program Files/Microsoft Visual Studio/2022/Community/Team Tools/DiagnosticsHub/Collector/lld-link.exe"
      - "C:/src/vcpkg/installed/x64-windows-static/debug/Program Files/Microsoft Visual Studio/2022/Community/Team Tools/DiagnosticsHub/Collector/lld-link"
      - "C:/src/vcpkg/installed/x64-windows-static/debug/Program Files (x86)/Windows Kits/10/bin/10.0.26100.0/x64/lld-link.com"
      - "C:/src/vcpkg/installed/x64-windows-static/debug/Program Files (x86)/Windows Kits/10/bin/10.0.26100.0/x64/lld-link.exe"
      - "C:/src/vcpkg/installed/x64-windows-static/debug/Program Files (x86)/Windows Kits/10/bin/10.0.26100.0/x64/lld-link"
      - "C:/src/vcpkg/installed/x64-windows-static/debug/Program Files (x86)/Windows Kits/10/bin/x64/lld-link.com"
      - "C:/src/vcpkg/installed/x64-windows-static/debug/Program Files (x86)/Windows Kits/10/bin/x64/lld-link.exe"
      - "C:/src/vcpkg/installed/x64-windows-static/debug/Program Files (x86)/Windows Kits/10/bin/x64/lld-link"
      - "C:/src/vcpkg/installed/x64-windows-static/debug/Program Files/Microsoft Visual Studio/2022/Community/MSBuild/Current/Bin/amd64/lld-link.com"
      - "C:/src/vcpkg/installed/x64-windows-static/debug/Program Files/Microsoft Visual Studio/2022/Community/MSBuild/Current/Bin/amd64/lld-link.exe"
      - "C:/src/vcpkg/installed/x64-windows-static/debug/Program Files/Microsoft Visual Studio/2022/Community/MSBuild/Current/Bin/amd64/lld-link"
      - "C:/src/vcpkg/installed/x64-windows-static/debug/Windows/Microsoft.NET/Framework64/v4.0.30319/lld-link.com"
      - "C:/src/vcpkg/installed/x64-windows-static/debug/Windows/Microsoft.NET/Framework64/v4.0.30319/lld-link.exe"
      - "C:/src/vcpkg/installed/x64-windows-static/debug/Windows/Microsoft.NET/Framework64/v4.0.30319/lld-link"
      - "C:/src/vcpkg/installed/x64-windows-static/debug/Program Files/Microsoft Visual Studio/2022/Community/Common7/IDE/lld-link.com"
      - "C:/src/vcpkg/installed/x64-windows-static/debug/Program Files/Microsoft Visual Studio/2022/Community/Common7/IDE/lld-link.exe"
      - "C:/src/vcpkg/installed/x64-windows-static/debug/Program Files/Microsoft Visual Studio/2022/Community/Common7/IDE/lld-link"
      - "C:/src/vcpkg/installed/x64-windows-static/debug/Program Files/Microsoft Visual Studio/2022/Community/Common7/Tools/lld-link.com"
      - "C:/src/vcpkg/installed/x64-windows-static/debug/Program Files/Microsoft Visual Studio/2022/Community/Common7/Tools/lld-link.exe"
      - "C:/src/vcpkg/installed/x64-windows-static/debug/Program Files/Microsoft Visual Studio/2022/Community/Common7/Tools/lld-link"
      - "C:/src/vcpkg/installed/x64-windows-static/debug/src/vcpkg/downloads/tools/powershell-core-7.6.4-windows/lld-link.com"
      - "C:/src/vcpkg/installed/x64-windows-static/debug/src/vcpkg/downloads/tools/powershell-core-7.6.4-windows/lld-link.exe"
      - "C:/src/vcpkg/installed/x64-windows-static/debug/src/vcpkg/downloads/tools/powershell-core-7.6.4-windows/lld-link"
      - "C:/src/vcpkg/installed/x64-windows-static/debug/Windows/System32/lld-link.com"
      - "C:/src/vcpkg/installed/x64-windows-static/debug/Windows/System32/lld-link.exe"
      - "C:/src/vcpkg/installed/x64-windows-static/debug/Windows/System32/lld-link"
      - "C:/src/vcpkg/installed/x64-windows-static/debug/Windows/lld-link.com"
      - "C:/src/vcpkg/installed/x64-windows-static/debug/Windows/lld-link.exe"
      - "C:/src/vcpkg/installed/x64-windows-static/debug/Windows/lld-link"
      - "C:/src/vcpkg/installed/x64-windows-static/debug/Windows/System32/wbem/lld-link.com"
      - "C:/src/vcpkg/installed/x64-windows-static/debug/Windows/System32/wbem/lld-link.exe"
      - "C:/src/vcpkg/installed/x64-windows-static/debug/Windows/System32/wbem/lld-link"
      - "C:/src/vcpkg/installed/x64-windows-static/debug/Windows/System32/WindowsPowerShell/v1.0/lld-link.com"
      - "C:/src/vcpkg/installed/x64-windows-static/debug/Windows/System32/WindowsPowerShell/v1.0/lld-link.exe"
      - "C:/src/vcpkg/installed/x64-windows-static/debug/Windows/System32/WindowsPowerShell/v1.0/lld-link"
      - "C:/src/vcpkg/installed/x64-windows-static/debug/Windows/System32/OpenSSH/lld-link.com"
      - "C:/src/vcpkg/installed/x64-windows-static/debug/Windows/System32/OpenSSH/lld-link.exe"
      - "C:/src/vcpkg/installed/x64-windows-static/debug/Windows/System32/OpenSSH/lld-link"
      - "C:/src/vcpkg/installed/x64-windows-static/debug/Program Files/Microsoft Visual Studio/2022/Community/Common7/IDE/CommonExtensions/Microsoft/CMake/CMake/bin/lld-link.com"
      - "C:/src/vcpkg/installed/x64-windows-static/debug/Program Files/Microsoft Visual Studio/2022/Community/Common7/IDE/CommonExtensions/Microsoft/CMake/CMake/bin/lld-link.exe"
      - "C:/src/vcpkg/installed/x64-windows-static/debug/Program Files/Microsoft Visual Studio/2022/Community/Common7/IDE/CommonExtensions/Microsoft/CMake/CMake/bin/lld-link"
      - "C:/src/vcpkg/installed/x64-windows-static/debug/Program Files/Microsoft Visual Studio/2022/Community/Common7/IDE/CommonExtensions/Microsoft/CMake/Ninja/lld-link.com"
      - "C:/src/vcpkg/installed/x64-windows-static/debug/Program Files/Microsoft Visual Studio/2022/Community/Common7/IDE/CommonExtensions/Microsoft/CMake/Ninja/lld-link.exe"
      - "C:/src/vcpkg/installed/x64-windows-static/debug/Program Files/Microsoft Visual Studio/2022/Community/Common7/IDE/CommonExtensions/Microsoft/CMake/Ninja/lld-link"
      - "C:/src/vcpkg/installed/x64-windows-static/debug/Program Files/Microsoft Visual Studio/2022/Community/Common7/IDE/VC/Linux/bin/ConnectionManagerExe/lld-link.com"
      - "C:/src/vcpkg/installed/x64-windows-static/debug/Program Files/Microsoft Visual Studio/2022/Community/Common7/IDE/VC/Linux/bin/ConnectionManagerExe/lld-link.exe"
      - "C:/src/vcpkg/installed/x64-windows-static/debug/Program Files/Microsoft Visual Studio/2022/Community/Common7/IDE/VC/Linux/bin/ConnectionManagerExe/lld-link"
      - "C:/src/vcpkg/installed/x64-windows-static/debug/Program Files/Microsoft Visual Studio/2022/Community/VC/vcpkg/lld-link.com"
      - "C:/src/vcpkg/installed/x64-windows-static/debug/Program Files/Microsoft Visual Studio/2022/Community/VC/vcpkg/lld-link.exe"
      - "C:/src/vcpkg/installed/x64-windows-static/debug/Program Files/Microsoft Visual Studio/2022/Community/VC/vcpkg/lld-link"
      - "C:/src/vcpkg/installed/x64-windows-static/debug/src/vcpkg/downloads/tools/ninja-1.13.2-windows/lld-link.com"
      - "C:/src/vcpkg/installed/x64-windows-static/debug/src/vcpkg/downloads/tools/ninja-1.13.2-windows/lld-link.exe"
      - "C:/src/vcpkg/installed/x64-windows-static/debug/src/vcpkg/downloads/tools/ninja-1.13.2-windows/lld-link"
      - "C:/src/vcpkg/installed/x64-windows-static/Program Files/Microsoft Visual Studio/2022/Community/VC/Tools/MSVC/14.44.35207/bin/Hostx64/x64/lld-link.com"
      - "C:/src/vcpkg/installed/x64-windows-static/Program Files/Microsoft Visual Studio/2022/Community/VC/Tools/MSVC/14.44.35207/bin/Hostx64/x64/lld-link.exe"
      - "C:/src/vcpkg/installed/x64-windows-static/Program Files/Microsoft Visual Studio/2022/Community/VC/Tools/MSVC/14.44.35207/bin/Hostx64/x64/lld-link"
      - "C:/src/vcpkg/installed/x64-windows-static/Program Files/Microsoft Visual Studio/2022/Community/Common7/IDE/VC/vcpackages/lld-link.com"
      - "C:/src/vcpkg/installed/x64-windows-static/Program Files/Microsoft Visual Studio/2022/Community/Common7/IDE/VC/vcpackages/lld-link.exe"
      - "C:/src/vcpkg/installed/x64-windows-static/Program Files/Microsoft Visual Studio/2022/Community/Common7/IDE/VC/vcpackages/lld-link"
      - "C:/src/vcpkg/installed/x64-windows-static/Program Files/Microsoft Visual Studio/2022/Community/Common7/IDE/CommonExtensions/Microsoft/TestWindow/lld-link.com"
      - "C:/src/vcpkg/installed/x64-windows-static/Program Files/Microsoft Visual Studio/2022/Community/Common7/IDE/CommonExtensions/Microsoft/TestWindow/lld-link.exe"
      - "C:/src/vcpkg/installed/x64-windows-static/Program Files/Microsoft Visual Studio/2022/Community/Common7/IDE/CommonExtensions/Microsoft/TestWindow/lld-link"
      - "C:/src/vcpkg/installed/x64-windows-static/Program Files/Microsoft Visual Studio/2022/Community/Common7/IDE/CommonExtensions/Microsoft/TeamFoundation/Team Explorer/lld-link.com"
      - "C:/src/vcpkg/installed/x64-windows-static/Program Files/Microsoft Visual Studio/2022/Community/Common7/IDE/CommonExtensions/Microsoft/TeamFoundation/Team Explorer/lld-link.exe"
      - "C:/src/vcpkg/installed/x64-windows-static/Program Files/Microsoft Visual Studio/2022/Community/Common7/IDE/CommonExtensions/Microsoft/TeamFoundation/Team Explorer/lld-link"
      - "C:/src/vcpkg/installed/x64-windows-static/Program Files/Microsoft Visual Studio/2022/Community/MSBuild/Current/Bin/Roslyn/lld-link.com"
      - "C:/src/vcpkg/installed/x64-windows-static/Program Files/Microsoft Visual Studio/2022/Community/MSBuild/Current/Bin/Roslyn/lld-link.exe"
      - "C:/src/vcpkg/installed/x64-windows-static/Program Files/Microsoft Visual Studio/2022/Community/MSBuild/Current/Bin/Roslyn/lld-link"
      - "C:/src/vcpkg/installed/x64-windows-static/Program Files (x86)/Microsoft SDKs/Windows/v10.0A/bin/NETFX 4.8 Tools/x64/lld-link.com"
      - "C:/src/vcpkg/installed/x64-windows-static/Program Files (x86)/Microsoft SDKs/Windows/v10.0A/bin/NETFX 4.8 Tools/x64/lld-link.exe"
      - "C:/src/vcpkg/installed/x64-windows-static/Program Files (x86)/Microsoft SDKs/Windows/v10.0A/bin/NETFX 4.8 Tools/x64/lld-link"
      - "C:/src/vcpkg/installed/x64-windows-static/Program Files/Microsoft Visual Studio/2022/Community/Common7/IDE/CommonExtensions/Microsoft/FSharp/Tools/lld-link.com"
      - "C:/src/vcpkg/installed/x64-windows-static/Program Files/Microsoft Visual Studio/2022/Community/Common7/IDE/CommonExtensions/Microsoft/FSharp/Tools/lld-link.exe"
      - "C:/src/vcpkg/installed/x64-windows-static/Program Files/Microsoft Visual Studio/2022/Community/Common7/IDE/CommonExtensions/Microsoft/FSharp/Tools/lld-link"
      - "C:/src/vcpkg/installed/x64-windows-static/Program Files/Microsoft Visual Studio/2022/Community/Team Tools/DiagnosticsHub/Collector/lld-link.com"
      - "C:/src/vcpkg/installed/x64-windows-static/Program Files/Microsoft Visual Studio/2022/Community/Team Tools/DiagnosticsHub/Collector/lld-link.exe"
      - "C:/src/vcpkg/installed/x64-windows-static/Program Files/Microsoft Visual Studio/2022/Community/Team Tools/DiagnosticsHub/Collector/lld-link"
      - "C:/src/vcpkg/installed/x64-windows-static/Program Files (x86)/Windows Kits/10/bin/10.0.26100.0/x64/lld-link.com"
      - "C:/src/vcpkg/installed/x64-windows-static/Program Files (x86)/Windows Kits/10/bin/10.0.26100.0/x64/lld-link.exe"
      - "C:/src/vcpkg/installed/x64-windows-static/Program Files (x86)/Windows Kits/10/bin/10.0.26100.0/x64/lld-link"
      - "C:/src/vcpkg/installed/x64-windows-static/Program Files (x86)/Windows Kits/10/bin/x64/lld-link.com"
      - "C:/src/vcpkg/installed/x64-windows-static/Program Files (x86)/Windows Kits/10/bin/x64/lld-link.exe"
      - "C:/src/vcpkg/installed/x64-windows-static/Program Files (x86)/Windows Kits/10/bin/x64/lld-link"
      - "C:/src/vcpkg/installed/x64-windows-static/Program Files/Microsoft Visual Studio/2022/Community/MSBuild/Current/Bin/amd64/lld-link.com"
      - "C:/src/vcpkg/installed/x64-windows-static/Program Files/Microsoft Visual Studio/2022/Community/MSBuild/Current/Bin/amd64/lld-link.exe"
      - "C:/src/vcpkg/installed/x64-windows-static/Program Files/Microsoft Visual Studio/2022/Community/MSBuild/Current/Bin/amd64/lld-link"
      - "C:/src/vcpkg/installed/x64-windows-static/Windows/Microsoft.NET/Framework64/v4.0.30319/lld-link.com"
      - "C:/src/vcpkg/installed/x64-windows-static/Windows/Microsoft.NET/Framework64/v4.0.30319/lld-link.exe"
      - "C:/src/vcpkg/installed/x64-windows-static/Windows/Microsoft.NET/Framework64/v4.0.30319/lld-link"
      - "C:/src/vcpkg/installed/x64-windows-static/Program Files/Microsoft Visual Studio/2022/Community/Common7/IDE/lld-link.com"
      - "C:/src/vcpkg/installed/x64-windows-static/Program Files/Microsoft Visual Studio/2022/Community/Common7/IDE/lld-link.exe"
      - "C:/src/vcpkg/installed/x64-windows-static/Program Files/Microsoft Visual Studio/2022/Community/Common7/IDE/lld-link"
      - "C:/src/vcpkg/installed/x64-windows-static/Program Files/Microsoft Visual Studio/2022/Community/Common7/Tools/lld-link.com"
      - "C:/src/vcpkg/installed/x64-windows-static/Program Files/Microsoft Visual Studio/2022/Community/Common7/Tools/lld-link.exe"
      - "C:/src/vcpkg/installed/x64-windows-static/Program Files/Microsoft Visual Studio/2022/Community/Common7/Tools/lld-link"
      - "C:/src/vcpkg/installed/x64-windows-static/src/vcpkg/downloads/tools/powershell-core-7.6.4-windows/lld-link.com"
      - "C:/src/vcpkg/installed/x64-windows-static/src/vcpkg/downloads/tools/powershell-core-7.6.4-windows/lld-link.exe"
      - "C:/src/vcpkg/installed/x64-windows-static/src/vcpkg/downloads/tools/powershell-core-7.6.4-windows/lld-link"
      - "C:/src/vcpkg/installed/x64-windows-static/Windows/System32/lld-link.com"
      - "C:/src/vcpkg/installed/x64-windows-static/Windows/System32/lld-link.exe"
      - "C:/src/vcpkg/installed/x64-windows-static/Windows/System32/lld-link"
      - "C:/src/vcpkg/installed/x64-windows-static/Windows/lld-link.com"
      - "C:/src/vcpkg/installed/x64-windows-static/Windows/lld-link.exe"
      - "C:/src/vcpkg/installed/x64-windows-static/Windows/lld-link"
      - "C:/src/vcpkg/installed/x64-windows-static/Windows/System32/wbem/lld-link.com"
      - "C:/src/vcpkg/installed/x64-windows-static/Windows/System32/wbem/lld-link.exe"
      - "C:/src/vcpkg/installed/x64-windows-static/Windows/System32/wbem/lld-link"
      - "C:/src/vcpkg/installed/x64-windows-static/Windows/System32/WindowsPowerShell/v1.0/lld-link.com"
      - "C:/src/vcpkg/installed/x64-windows-static/Windows/System32/WindowsPowerShell/v1.0/lld-link.exe"
      - "C:/src/vcpkg/installed/x64-windows-static/Windows/System32/WindowsPowerShell/v1.0/lld-link"
      - "C:/src/vcpkg/installed/x64-windows-static/Windows/System32/OpenSSH/lld-link.com"
      - "C:/src/vcpkg/installed/x64-windows-static/Windows/System32/OpenSSH/lld-link.exe"
      - "C:/src/vcpkg/installed/x64-windows-static/Windows/System32/OpenSSH/lld-link"
      - "C:/src/vcpkg/installed/x64-windows-static/Program Files/Microsoft Visual Studio/2022/Community/Common7/IDE/CommonExtensions/Microsoft/CMake/CMake/bin/lld-link.com"
      - "C:/src/vcpkg/installed/x64-windows-static/Program Files/Microsoft Visual Studio/2022/Community/Common7/IDE/CommonExtensions/Microsoft/CMake/CMake/bin/lld-link.exe"
      - "C:/src/vcpkg/installed/x64-windows-static/Program Files/Microsoft Visual Studio/2022/Community/Common7/IDE/CommonExtensions/Microsoft/CMake/CMake/bin/lld-link"
      - "C:/src/vcpkg/installed/x64-windows-static/Program Files/Microsoft Visual Studio/2022/Community/Common7/IDE/CommonExtensions/Microsoft/CMake/Ninja/lld-link.com"
      - "C:/src/vcpkg/installed/x64-windows-static/Program Files/Microsoft Visual Studio/2022/Community/Common7/IDE/CommonExtensions/Microsoft/CMake/Ninja/lld-link.exe"
      - "C:/src/vcpkg/installed/x64-windows-static/Program Files/Microsoft Visual Studio/2022/Community/Common7/IDE/CommonExtensions/Microsoft/CMake/Ninja/lld-link"
      - "C:/src/vcpkg/installed/x64-windows-static/Program Files/Microsoft Visual Studio/2022/Community/Common7/IDE/VC/Linux/bin/ConnectionManagerExe/lld-link.com"
      - "C:/src/vcpkg/installed/x64-windows-static/Program Files/Microsoft Visual Studio/2022/Community/Common7/IDE/VC/Linux/bin/ConnectionManagerExe/lld-link.exe"
      - "C:/src/vcpkg/installed/x64-windows-static/Program Files/Microsoft Visual Studio/2022/Community/Common7/IDE/VC/Linux/bin/ConnectionManagerExe/lld-link"
      - "C:/src/vcpkg/installed/x64-windows-static/Program Files/Microsoft Visual Studio/2022/Community/VC/vcpkg/lld-link.com"
      - "C:/src/vcpkg/installed/x64-windows-static/Program Files/Microsoft Visual Studio/2022/Community/VC/vcpkg/lld-link.exe"
      - "C:/src/vcpkg/installed/x64-windows-static/Program Files/Microsoft Visual Studio/2022/Community/VC/vcpkg/lld-link"
      - "C:/src/vcpkg/installed/x64-windows-static/src/vcpkg/downloads/tools/ninja-1.13.2-windows/lld-link.com"
      - "C:/src/vcpkg/installed/x64-windows-static/src/vcpkg/downloads/tools/ninja-1.13.2-windows/lld-link.exe"
      - "C:/src/vcpkg/installed/x64-windows-static/src/vcpkg/downloads/tools/ninja-1.13.2-windows/lld-link"
      - "C:/Program Files/Microsoft Visual Studio/2022/Community/VC/Tools/MSVC/14.44.35207/bin/Hostx64/x64/lld-link.com"
      - "C:/Program Files/Microsoft Visual Studio/2022/Community/VC/Tools/MSVC/14.44.35207/bin/Hostx64/x64/lld-link.exe"
      - "C:/Program Files/Microsoft Visual Studio/2022/Community/VC/Tools/MSVC/14.44.35207/bin/Hostx64/x64/lld-link"
      - "C:/Program Files/Microsoft Visual Studio/2022/Community/Common7/IDE/VC/vcpackages/lld-link.com"
      - "C:/Program Files/Microsoft Visual Studio/2022/Community/Common7/IDE/VC/vcpackages/lld-link.exe"
      - "C:/Program Files/Microsoft Visual Studio/2022/Community/Common7/IDE/VC/vcpackages/lld-link"
      - "C:/Program Files/Microsoft Visual Studio/2022/Community/Common7/IDE/CommonExtensions/Microsoft/TestWindow/lld-link.com"
      - "C:/Program Files/Microsoft Visual Studio/2022/Community/Common7/IDE/CommonExtensions/Microsoft/TestWindow/lld-link.exe"
      - "C:/Program Files/Microsoft Visual Studio/2022/Community/Common7/IDE/CommonExtensions/Microsoft/TestWindow/lld-link"
      - "C:/Program Files/Microsoft Visual Studio/2022/Community/Common7/IDE/CommonExtensions/Microsoft/TeamFoundation/Team Explorer/lld-link.com"
      - "C:/Program Files/Microsoft Visual Studio/2022/Community/Common7/IDE/CommonExtensions/Microsoft/TeamFoundation/Team Explorer/lld-link.exe"
      - "C:/Program Files/Microsoft Visual Studio/2022/Community/Common7/IDE/CommonExtensions/Microsoft/TeamFoundation/Team Explorer/lld-link"
      - "C:/Program Files/Microsoft Visual Studio/2022/Community/MSBuild/Current/Bin/Roslyn/lld-link.com"
      - "C:/Program Files/Microsoft Visual Studio/2022/Community/MSBuild/Current/Bin/Roslyn/lld-link.exe"
      - "C:/Program Files/Microsoft Visual Studio/2022/Community/MSBuild/Current/Bin/Roslyn/lld-link"
      - "C:/Program Files (x86)/Microsoft SDKs/Windows/v10.0A/bin/NETFX 4.8 Tools/x64/lld-link.com"
      - "C:/Program Files (x86)/Microsoft SDKs/Windows/v10.0A/bin/NETFX 4.8 Tools/x64/lld-link.exe"
      - "C:/Program Files (x86)/Microsoft SDKs/Windows/v10.0A/bin/NETFX 4.8 Tools/x64/lld-link"
      - "C:/Program Files/Microsoft Visual Studio/2022/Community/Common7/IDE/CommonExtensions/Microsoft/FSharp/Tools/lld-link.com"
      - "C:/Program Files/Microsoft Visual Studio/2022/Community/Common7/IDE/CommonExtensions/Microsoft/FSharp/Tools/lld-link.exe"
      - "C:/Program Files/Microsoft Visual Studio/2022/Community/Common7/IDE/CommonExtensions/Microsoft/FSharp/Tools/lld-link"
      - "C:/Program Files/Microsoft Visual Studio/2022/Community/Team Tools/DiagnosticsHub/Collector/lld-link.com"
      - "C:/Program Files/Microsoft Visual Studio/2022/Community/Team Tools/DiagnosticsHub/Collector/lld-link.exe"
      - "C:/Program Files/Microsoft Visual Studio/2022/Community/Team Tools/DiagnosticsHub/Collector/lld-link"
      - "C:/Program Files (x86)/Windows Kits/10/bin/10.0.26100.0/x64/lld-link.com"
      - "C:/Program Files (x86)/Windows Kits/10/bin/10.0.26100.0/x64/lld-link.exe"
      - "C:/Program Files (x86)/Windows Kits/10/bin/10.0.26100.0/x64/lld-link"
      - "C:/Program Files (x86)/Windows Kits/10/bin/x64/lld-link.com"
      - "C:/Program Files (x86)/Windows Kits/10/bin/x64/lld-link.exe"
      - "C:/Program Files (x86)/Windows Kits/10/bin/x64/lld-link"
      - "C:/Program Files/Microsoft Visual Studio/2022/Community/MSBuild/Current/Bin/amd64/lld-link.com"
      - "C:/Program Files/Microsoft Visual Studio/2022/Community/MSBuild/Current/Bin/amd64/lld-link.exe"
      - "C:/Program Files/Microsoft Visual Studio/2022/Community/MSBuild/Current/Bin/amd64/lld-link"
      - "C:/Windows/Microsoft.NET/Framework64/v4.0.30319/lld-link.com"
      - "C:/Windows/Microsoft.NET/Framework64/v4.0.30319/lld-link.exe"
      - "C:/Windows/Microsoft.NET/Framework64/v4.0.30319/lld-link"
      - "C:/Program Files/Microsoft Visual Studio/2022/Community/Common7/IDE/lld-link.com"
      - "C:/Program Files/Microsoft Visual Studio/2022/Community/Common7/IDE/lld-link.exe"
      - "C:/Program Files/Microsoft Visual Studio/2022/Community/Common7/IDE/lld-link"
      - "C:/Program Files/Microsoft Visual Studio/2022/Community/Common7/Tools/lld-link.com"
      - "C:/Program Files/Microsoft Visual Studio/2022/Community/Common7/Tools/lld-link.exe"
      - "C:/Program Files/Microsoft Visual Studio/2022/Community/Common7/Tools/lld-link"
      - "C:/src/vcpkg/downloads/tools/powershell-core-7.6.4-windows/lld-link.com"
      - "C:/src/vcpkg/downloads/tools/powershell-core-7.6.4-windows/lld-link.exe"
      - "C:/src/vcpkg/downloads/tools/powershell-core-7.6.4-windows/lld-link"
      - "C:/Windows/System32/lld-link.com"
      - "C:/Windows/System32/lld-link.exe"
      - "C:/Windows/System32/lld-link"
      - "C:/Windows/lld-link.com"
      - "C:/Windows/lld-link.exe"
      - "C:/Windows/lld-link"
      - "C:/Windows/System32/wbem/lld-link.com"
      - "C:/Windows/System32/wbem/lld-link.exe"
      - "C:/Windows/System32/wbem/lld-link"
      - "C:/Windows/System32/WindowsPowerShell/v1.0/lld-link.com"
      - "C:/Windows/System32/WindowsPowerShell/v1.0/lld-link.exe"
      - "C:/Windows/System32/WindowsPowerShell/v1.0/lld-link"
      - "C:/Windows/System32/OpenSSH/lld-link.com"
      - "C:/Windows/System32/OpenSSH/lld-link.exe"
      - "C:/Windows/System32/OpenSSH/lld-link"
      - "C:/Program Files/Microsoft Visual Studio/2022/Community/Common7/IDE/CommonExtensions/Microsoft/CMake/CMake/bin/lld-link.com"
      - "C:/Program Files/Microsoft Visual Studio/2022/Community/Common7/IDE/CommonExtensions/Microsoft/CMake/CMake/bin/lld-link.exe"
      - "C:/Program Files/Microsoft Visual Studio/2022/Community/Common7/IDE/CommonExtensions/Microsoft/CMake/CMake/bin/lld-link"
      - "C:/Program Files/Microsoft Visual Studio/2022/Community/Common7/IDE/CommonExtensions/Microsoft/CMake/Ninja/lld-link.com"
      - "C:/Program Files/Microsoft Visual Studio/2022/Community/Common7/IDE/CommonExtensions/Microsoft/CMake/Ninja/lld-link.exe"
      - "C:/Program Files/Microsoft Visual Studio/2022/Community/Common7/IDE/CommonExtensions/Microsoft/CMake/Ninja/lld-link"
      - "C:/Program Files/Microsoft Visual Studio/2022/Community/Common7/IDE/VC/Linux/bin/ConnectionManagerExe/lld-link.com"
      - "C:/Program Files/Microsoft Visual Studio/2022/Community/Common7/IDE/VC/Linux/bin/ConnectionManagerExe/lld-link.exe"
      - "C:/Program Files/Microsoft Visual Studio/2022/Community/Common7/IDE/VC/Linux/bin/ConnectionManagerExe/lld-link"
      - "C:/Program Files/Microsoft Visual Studio/2022/Community/VC/vcpkg/lld-link.com"
      - "C:/Program Files/Microsoft Visual Studio/2022/Community/VC/vcpkg/lld-link.exe"
      - "C:/Program Files/Microsoft Visual Studio/2022/Community/VC/vcpkg/lld-link"
      - "C:/src/vcpkg/downloads/tools/ninja-1.13.2-windows/lld-link.com"
      - "C:/src/vcpkg/downloads/tools/ninja-1.13.2-windows/lld-link.exe"
      - "C:/src/vcpkg/downloads/tools/ninja-1.13.2-windows/lld-link"
    found: false
    search_context:
      CMAKE_PROGRAM_PATH:
        - "C:/src/vcpkg/installed/x64-windows-static/tools"
      CMAKE_PREFIX_PATH:
        - "C:/src/vcpkg/installed/x64-windows-static/debug"
        - "C:/src/vcpkg/installed/x64-windows-static"
      ENV{PATH}:
        - "C:\\Program Files\\Microsoft Visual Studio\\2022\\Community\\VC\\Tools\\MSVC\\14.44.35207\\bin\\HostX64\\x64"
        - "C:\\Program Files\\Microsoft Visual Studio\\2022\\Community\\Common7\\IDE\\VC\\VCPackages"
        - "C:\\Program Files\\Microsoft Visual Studio\\2022\\Community\\Common7\\IDE\\CommonExtensions\\Microsoft\\TestWindow"
        - "C:\\Program Files\\Microsoft Visual Studio\\2022\\Community\\Common7\\IDE\\CommonExtensions\\Microsoft\\TeamFoundation\\Team Explorer"
        - "C:\\Program Files\\Microsoft Visual Studio\\2022\\Community\\MSBuild\\Current\\bin\\Roslyn"
        - "C:\\Program Files (x86)\\Microsoft SDKs\\Windows\\v10.0A\\bin\\NETFX 4.8 Tools\\x64\\"
        - "C:\\Program Files\\Microsoft Visual Studio\\2022\\Community\\Common7\\IDE\\CommonExtensions\\Microsoft\\FSharp\\Tools"
        - "C:\\Program Files\\Microsoft Visual Studio\\2022\\Community\\Team Tools\\DiagnosticsHub\\Collector"
        - "C:\\Program Files (x86)\\Windows Kits\\10\\bin\\10.0.26100.0\\x64"
        - "C:\\Program Files (x86)\\Windows Kits\\10\\bin\\x64"
        - "C:\\Program Files\\Microsoft Visual Studio\\2022\\Community\\MSBuild\\Current\\Bin\\amd64"
        - "C:\\Windows\\Microsoft.NET\\Framework64\\v4.0.30319"
        - "C:\\Program Files\\Microsoft Visual Studio\\2022\\Community\\Common7\\IDE\\"
        - "C:\\Program Files\\Microsoft Visual Studio\\2022\\Community\\Common7\\Tools\\"
        - "C:\\src\\vcpkg\\downloads\\tools\\powershell-core-7.6.4-windows"
        - "C:\\WINDOWS\\system32"
        - "C:\\WINDOWS"
        - "C:\\WINDOWS\\system32\\Wbem"
        - "C:\\WINDOWS\\system32\\WindowsPowerShell\\v1.0\\"
        - "C:\\WINDOWS\\system32\\OpenSSH\\"
        - "C:\\Program Files\\Microsoft Visual Studio\\2022\\Community\\Common7\\IDE\\CommonExtensions\\Microsoft\\CMake\\CMake\\bin"
        - "C:\\Program Files\\Microsoft Visual Studio\\2022\\Community\\Common7\\IDE\\CommonExtensions\\Microsoft\\CMake\\Ninja"
        - "C:\\Program Files\\Microsoft Visual Studio\\2022\\Community\\Common7\\IDE\\VC\\Linux\\bin\\ConnectionManagerExe"
        - "C:\\Program Files\\Microsoft Visual Studio\\2022\\Community\\VC\\vcpkg"
        - "C:\\src\\vcpkg\\downloads\\tools\\ninja-1.13.2-windows"
      CMAKE_INSTALL_PREFIX: "C:/src/vcpkg/packages/jsoncpp_x64-windows-static/debug"
      CMAKE_FIND_ROOT_PATH: "C:/src/vcpkg/installed/x64-windows-static/debug;C:/src/vcpkg/installed/x64-windows-static"
  -
    kind: "find-v1"
    backtrace:
      - "C:/Program Files/CMake/share/cmake-4.4/Modules/CMakeFindBinUtils.cmake:247 (find_program)"
      - "C:/Program Files/CMake/share/cmake-4.4/Modules/CMakeDetermineCXXCompiler.cmake:206 (include)"
      - "CMakeLists.txt:57 (project)"
    mode: "program"
    variable: "CMAKE_LINKER"
    description: "Path to a program."
    settings:
      SearchFramework: "LAST"
      SearchAppBundle: "LAST"
      CMAKE_FIND_USE_CMAKE_PATH: false
      CMAKE_FIND_USE_CMAKE_ENVIRONMENT_PATH: false
      CMAKE_FIND_USE_SYSTEM_ENVIRONMENT_PATH: true
      CMAKE_FIND_USE_CMAKE_SYSTEM_PATH: true
      CMAKE_FIND_USE_INSTALL_PREFIX: true
    names:
      - "link"
    candidate_directories:
      - "C:/src/vcpkg/installed/x64-windows-static/debug/Program Files/Microsoft Visual Studio/2022/Community/VC/Tools/MSVC/14.44.35207/bin/Hostx64/x64/"
      - "C:/src/vcpkg/installed/x64-windows-static/debug/Program Files/Microsoft Visual Studio/2022/Community/Common7/IDE/VC/vcpackages/"
      - "C:/src/vcpkg/installed/x64-windows-static/debug/Program Files/Microsoft Visual Studio/2022/Community/Common7/IDE/CommonExtensions/Microsoft/TestWindow/"
      - "C:/src/vcpkg/installed/x64-windows-static/debug/Program Files/Microsoft Visual Studio/2022/Community/Common7/IDE/CommonExtensions/Microsoft/TeamFoundation/Team Explorer/"
      - "C:/src/vcpkg/installed/x64-windows-static/debug/Program Files/Microsoft Visual Studio/2022/Community/MSBuild/Current/Bin/Roslyn/"
      - "C:/src/vcpkg/installed/x64-windows-static/debug/Program Files (x86)/Microsoft SDKs/Windows/v10.0A/bin/NETFX 4.8 Tools/x64/"
      - "C:/src/vcpkg/installed/x64-windows-static/debug/Program Files/Microsoft Visual Studio/2022/Community/Common7/IDE/CommonExtensions/Microsoft/FSharp/Tools/"
      - "C:/src/vcpkg/installed/x64-windows-static/debug/Program Files/Microsoft Visual Studio/2022/Community/Team Tools/DiagnosticsHub/Collector/"
      - "C:/src/vcpkg/installed/x64-windows-static/debug/Program Files (x86)/Windows Kits/10/bin/10.0.26100.0/x64/"
      - "C:/src/vcpkg/installed/x64-windows-static/debug/Program Files (x86)/Windows Kits/10/bin/x64/"
      - "C:/src/vcpkg/installed/x64-windows-static/debug/Program Files/Microsoft Visual Studio/2022/Community/MSBuild/Current/Bin/amd64/"
      - "C:/src/vcpkg/installed/x64-windows-static/debug/Windows/Microsoft.NET/Framework64/v4.0.30319/"
      - "C:/src/vcpkg/installed/x64-windows-static/debug/Program Files/Microsoft Visual Studio/2022/Community/Common7/IDE/"
      - "C:/src/vcpkg/installed/x64-windows-static/debug/Program Files/Microsoft Visual Studio/2022/Community/Common7/Tools/"
      - "C:/src/vcpkg/installed/x64-windows-static/debug/src/vcpkg/downloads/tools/powershell-core-7.6.4-windows/"
      - "C:/src/vcpkg/installed/x64-windows-static/debug/Windows/System32/"
      - "C:/src/vcpkg/installed/x64-windows-static/debug/Windows/"
      - "C:/src/vcpkg/installed/x64-windows-static/debug/Windows/System32/wbem/"
      - "C:/src/vcpkg/installed/x64-windows-static/debug/Windows/System32/WindowsPowerShell/v1.0/"
      - "C:/src/vcpkg/installed/x64-windows-static/debug/Windows/System32/OpenSSH/"
      - "C:/src/vcpkg/installed/x64-windows-static/debug/Program Files/Microsoft Visual Studio/2022/Community/Common7/IDE/CommonExtensions/Microsoft/CMake/CMake/bin/"
      - "C:/src/vcpkg/installed/x64-windows-static/debug/Program Files/Microsoft Visual Studio/2022/Community/Common7/IDE/CommonExtensions/Microsoft/CMake/Ninja/"
      - "C:/src/vcpkg/installed/x64-windows-static/debug/Program Files/Microsoft Visual Studio/2022/Community/Common7/IDE/VC/Linux/bin/ConnectionManagerExe/"
      - "C:/src/vcpkg/installed/x64-windows-static/debug/Program Files/Microsoft Visual Studio/2022/Community/VC/vcpkg/"
      - "C:/src/vcpkg/installed/x64-windows-static/debug/src/vcpkg/downloads/tools/ninja-1.13.2-windows/"
      - "C:/src/vcpkg/installed/x64-windows-static/Program Files/Microsoft Visual Studio/2022/Community/VC/Tools/MSVC/14.44.35207/bin/Hostx64/x64/"
      - "C:/src/vcpkg/installed/x64-windows-static/Program Files/Microsoft Visual Studio/2022/Community/Common7/IDE/VC/vcpackages/"
      - "C:/src/vcpkg/installed/x64-windows-static/Program Files/Microsoft Visual Studio/2022/Community/Common7/IDE/CommonExtensions/Microsoft/TestWindow/"
      - "C:/src/vcpkg/installed/x64-windows-static/Program Files/Microsoft Visual Studio/2022/Community/Common7/IDE/CommonExtensions/Microsoft/TeamFoundation/Team Explorer/"
      - "C:/src/vcpkg/installed/x64-windows-static/Program Files/Microsoft Visual Studio/2022/Community/MSBuild/Current/Bin/Roslyn/"
      - "C:/src/vcpkg/installed/x64-windows-static/Program Files (x86)/Microsoft SDKs/Windows/v10.0A/bin/NETFX 4.8 Tools/x64/"
      - "C:/src/vcpkg/installed/x64-windows-static/Program Files/Microsoft Visual Studio/2022/Community/Common7/IDE/CommonExtensions/Microsoft/FSharp/Tools/"
      - "C:/src/vcpkg/installed/x64-windows-static/Program Files/Microsoft Visual Studio/2022/Community/Team Tools/DiagnosticsHub/Collector/"
      - "C:/src/vcpkg/installed/x64-windows-static/Program Files (x86)/Windows Kits/10/bin/10.0.26100.0/x64/"
      - "C:/src/vcpkg/installed/x64-windows-static/Program Files (x86)/Windows Kits/10/bin/x64/"
      - "C:/src/vcpkg/installed/x64-windows-static/Program Files/Microsoft Visual Studio/2022/Community/MSBuild/Current/Bin/amd64/"
      - "C:/src/vcpkg/installed/x64-windows-static/Windows/Microsoft.NET/Framework64/v4.0.30319/"
      - "C:/src/vcpkg/installed/x64-windows-static/Program Files/Microsoft Visual Studio/2022/Community/Common7/IDE/"
      - "C:/src/vcpkg/installed/x64-windows-static/Program Files/Microsoft Visual Studio/2022/Community/Common7/Tools/"
      - "C:/src/vcpkg/installed/x64-windows-static/src/vcpkg/downloads/tools/powershell-core-7.6.4-windows/"
      - "C:/src/vcpkg/installed/x64-windows-static/Windows/System32/"
      - "C:/src/vcpkg/installed/x64-windows-static/Windows/"
      - "C:/src/vcpkg/installed/x64-windows-static/Windows/System32/wbem/"
      - "C:/src/vcpkg/installed/x64-windows-static/Windows/System32/WindowsPowerShell/v1.0/"
      - "C:/src/vcpkg/installed/x64-windows-static/Windows/System32/OpenSSH/"
      - "C:/src/vcpkg/installed/x64-windows-static/Program Files/Microsoft Visual Studio/2022/Community/Common7/IDE/CommonExtensions/Microsoft/CMake/CMake/bin/"
      - "C:/src/vcpkg/installed/x64-windows-static/Program Files/Microsoft Visual Studio/2022/Community/Common7/IDE/CommonExtensions/Microsoft/CMake/Ninja/"
      - "C:/src/vcpkg/installed/x64-windows-static/Program Files/Microsoft Visual Studio/2022/Community/Common7/IDE/VC/Linux/bin/ConnectionManagerExe/"
      - "C:/src/vcpkg/installed/x64-windows-static/Program Files/Microsoft Visual Studio/2022/Community/VC/vcpkg/"
      - "C:/src/vcpkg/installed/x64-windows-static/src/vcpkg/downloads/tools/ninja-1.13.2-windows/"
      - "C:/Program Files/Microsoft Visual Studio/2022/Community/VC/Tools/MSVC/14.44.35207/bin/Hostx64/x64/"
      - "C:/Program Files/Microsoft Visual Studio/2022/Community/Common7/IDE/VC/vcpackages/"
      - "C:/Program Files/Microsoft Visual Studio/2022/Community/Common7/IDE/CommonExtensions/Microsoft/TestWindow/"
      - "C:/Program Files/Microsoft Visual Studio/2022/Community/Common7/IDE/CommonExtensions/Microsoft/TeamFoundation/Team Explorer/"
      - "C:/Program Files/Microsoft Visual Studio/2022/Community/MSBuild/Current/Bin/Roslyn/"
      - "C:/Program Files (x86)/Microsoft SDKs/Windows/v10.0A/bin/NETFX 4.8 Tools/x64/"
      - "C:/Program Files/Microsoft Visual Studio/2022/Community/Common7/IDE/CommonExtensions/Microsoft/FSharp/Tools/"
      - "C:/Program Files/Microsoft Visual Studio/2022/Community/Team Tools/DiagnosticsHub/Collector/"
      - "C:/Program Files (x86)/Windows Kits/10/bin/10.0.26100.0/x64/"
      - "C:/Program Files (x86)/Windows Kits/10/bin/x64/"
      - "C:/Program Files/Microsoft Visual Studio/2022/Community/MSBuild/Current/Bin/amd64/"
      - "C:/Windows/Microsoft.NET/Framework64/v4.0.30319/"
      - "C:/Program Files/Microsoft Visual Studio/2022/Community/Common7/IDE/"
      - "C:/Program Files/Microsoft Visual Studio/2022/Community/Common7/Tools/"
      - "C:/src/vcpkg/downloads/tools/powershell-core-7.6.4-windows/"
      - "C:/Windows/System32/"
      - "C:/Windows/"
      - "C:/Windows/System32/wbem/"
      - "C:/Windows/System32/WindowsPowerShell/v1.0/"
      - "C:/Windows/System32/OpenSSH/"
      - "C:/Program Files/Microsoft Visual Studio/2022/Community/Common7/IDE/CommonExtensions/Microsoft/CMake/CMake/bin/"
      - "C:/Program Files/Microsoft Visual Studio/2022/Community/Common7/IDE/CommonExtensions/Microsoft/CMake/Ninja/"
      - "C:/Program Files/Microsoft Visual Studio/2022/Community/Common7/IDE/VC/Linux/bin/ConnectionManagerExe/"
      - "C:/Program Files/Microsoft Visual Studio/2022/Community/VC/vcpkg/"
      - "C:/src/vcpkg/downloads/tools/ninja-1.13.2-windows/"
    searched_directories:
      - "C:/src/vcpkg/installed/x64-windows-static/debug/Program Files/Microsoft Visual Studio/2022/Community/VC/Tools/MSVC/14.44.35207/bin/Hostx64/x64/link.com"
      - "C:/src/vcpkg/installed/x64-windows-static/debug/Program Files/Microsoft Visual Studio/2022/Community/VC/Tools/MSVC/14.44.35207/bin/Hostx64/x64/link.exe"
      - "C:/src/vcpkg/installed/x64-windows-static/debug/Program Files/Microsoft Visual Studio/2022/Community/VC/Tools/MSVC/14.44.35207/bin/Hostx64/x64/link"
      - "C:/src/vcpkg/installed/x64-windows-static/debug/Program Files/Microsoft Visual Studio/2022/Community/Common7/IDE/VC/vcpackages/link.com"
      - "C:/src/vcpkg/installed/x64-windows-static/debug/Program Files/Microsoft Visual Studio/2022/Community/Common7/IDE/VC/vcpackages/link.exe"
      - "C:/src/vcpkg/installed/x64-windows-static/debug/Program Files/Microsoft Visual Studio/2022/Community/Common7/IDE/VC/vcpackages/link"
      - "C:/src/vcpkg/installed/x64-windows-static/debug/Program Files/Microsoft Visual Studio/2022/Community/Common7/IDE/CommonExtensions/Microsoft/TestWindow/link.com"
      - "C:/src/vcpkg/installed/x64-windows-static/debug/Program Files/Microsoft Visual Studio/2022/Community/Common7/IDE/CommonExtensions/Microsoft/TestWindow/link.exe"
      - "C:/src/vcpkg/installed/x64-windows-static/debug/Program Files/Microsoft Visual Studio/2022/Community/Common7/IDE/CommonExtensions/Microsoft/TestWindow/link"
      - "C:/src/vcpkg/installed/x64-windows-static/debug/Program Files/Microsoft Visual Studio/2022/Community/Common7/IDE/CommonExtensions/Microsoft/TeamFoundation/Team Explorer/link.com"
      - "C:/src/vcpkg/installed/x64-windows-static/debug/Program Files/Microsoft Visual Studio/2022/Community/Common7/IDE/CommonExtensions/Microsoft/TeamFoundation/Team Explorer/link.exe"
      - "C:/src/vcpkg/installed/x64-windows-static/debug/Program Files/Microsoft Visual Studio/2022/Community/Common7/IDE/CommonExtensions/Microsoft/TeamFoundation/Team Explorer/link"
      - "C:/src/vcpkg/installed/x64-windows-static/debug/Program Files/Microsoft Visual Studio/2022/Community/MSBuild/Current/Bin/Roslyn/link.com"
      - "C:/src/vcpkg/installed/x64-windows-static/debug/Program Files/Microsoft Visual Studio/2022/Community/MSBuild/Current/Bin/Roslyn/link.exe"
      - "C:/src/vcpkg/installed/x64-windows-static/debug/Program Files/Microsoft Visual Studio/2022/Community/MSBuild/Current/Bin/Roslyn/link"
      - "C:/src/vcpkg/installed/x64-windows-static/debug/Program Files (x86)/Microsoft SDKs/Windows/v10.0A/bin/NETFX 4.8 Tools/x64/link.com"
      - "C:/src/vcpkg/installed/x64-windows-static/debug/Program Files (x86)/Microsoft SDKs/Windows/v10.0A/bin/NETFX 4.8 Tools/x64/link.exe"
      - "C:/src/vcpkg/installed/x64-windows-static/debug/Program Files (x86)/Microsoft SDKs/Windows/v10.0A/bin/NETFX 4.8 Tools/x64/link"
      - "C:/src/vcpkg/installed/x64-windows-static/debug/Program Files/Microsoft Visual Studio/2022/Community/Common7/IDE/CommonExtensions/Microsoft/FSharp/Tools/link.com"
      - "C:/src/vcpkg/installed/x64-windows-static/debug/Program Files/Microsoft Visual Studio/2022/Community/Common7/IDE/CommonExtensions/Microsoft/FSharp/Tools/link.exe"
      - "C:/src/vcpkg/installed/x64-windows-static/debug/Program Files/Microsoft Visual Studio/2022/Community/Common7/IDE/CommonExtensions/Microsoft/FSharp/Tools/link"
      - "C:/src/vcpkg/installed/x64-windows-static/debug/Program Files/Microsoft Visual Studio/2022/Community/Team Tools/DiagnosticsHub/Collector/link.com"
      - "C:/src/vcpkg/installed/x64-windows-static/debug/Program Files/Microsoft Visual Studio/2022/Community/Team Tools/DiagnosticsHub/Collector/link.exe"
      - "C:/src/vcpkg/installed/x64-windows-static/debug/Program Files/Microsoft Visual Studio/2022/Community/Team Tools/DiagnosticsHub/Collector/link"
      - "C:/src/vcpkg/installed/x64-windows-static/debug/Program Files (x86)/Windows Kits/10/bin/10.0.26100.0/x64/link.com"
      - "C:/src/vcpkg/installed/x64-windows-static/debug/Program Files (x86)/Windows Kits/10/bin/10.0.26100.0/x64/link.exe"
      - "C:/src/vcpkg/installed/x64-windows-static/debug/Program Files (x86)/Windows Kits/10/bin/10.0.26100.0/x64/link"
      - "C:/src/vcpkg/installed/x64-windows-static/debug/Program Files (x86)/Windows Kits/10/bin/x64/link.com"
      - "C:/src/vcpkg/installed/x64-windows-static/debug/Program Files (x86)/Windows Kits/10/bin/x64/link.exe"
      - "C:/src/vcpkg/installed/x64-windows-static/debug/Program Files (x86)/Windows Kits/10/bin/x64/link"
      - "C:/src/vcpkg/installed/x64-windows-static/debug/Program Files/Microsoft Visual Studio/2022/Community/MSBuild/Current/Bin/amd64/link.com"
      - "C:/src/vcpkg/installed/x64-windows-static/debug/Program Files/Microsoft Visual Studio/2022/Community/MSBuild/Current/Bin/amd64/link.exe"
      - "C:/src/vcpkg/installed/x64-windows-static/debug/Program Files/Microsoft Visual Studio/2022/Community/MSBuild/Current/Bin/amd64/link"
      - "C:/src/vcpkg/installed/x64-windows-static/debug/Windows/Microsoft.NET/Framework64/v4.0.30319/link.com"
      - "C:/src/vcpkg/installed/x64-windows-static/debug/Windows/Microsoft.NET/Framework64/v4.0.30319/link.exe"
      - "C:/src/vcpkg/installed/x64-windows-static/debug/Windows/Microsoft.NET/Framework64/v4.0.30319/link"
      - "C:/src/vcpkg/installed/x64-windows-static/debug/Program Files/Microsoft Visual Studio/2022/Community/Common7/IDE/link.com"
      - "C:/src/vcpkg/installed/x64-windows-static/debug/Program Files/Microsoft Visual Studio/2022/Community/Common7/IDE/link.exe"
      - "C:/src/vcpkg/installed/x64-windows-static/debug/Program Files/Microsoft Visual Studio/2022/Community/Common7/IDE/link"
      - "C:/src/vcpkg/installed/x64-windows-static/debug/Program Files/Microsoft Visual Studio/2022/Community/Common7/Tools/link.com"
      - "C:/src/vcpkg/installed/x64-windows-static/debug/Program Files/Microsoft Visual Studio/2022/Community/Common7/Tools/link.exe"
      - "C:/src/vcpkg/installed/x64-windows-static/debug/Program Files/Microsoft Visual Studio/2022/Community/Common7/Tools/link"
      - "C:/src/vcpkg/installed/x64-windows-static/debug/src/vcpkg/downloads/tools/powershell-core-7.6.4-windows/link.com"
      - "C:/src/vcpkg/installed/x64-windows-static/debug/src/vcpkg/downloads/tools/powershell-core-7.6.4-windows/link.exe"
      - "C:/src/vcpkg/installed/x64-windows-static/debug/src/vcpkg/downloads/tools/powershell-core-7.6.4-windows/link"
      - "C:/src/vcpkg/installed/x64-windows-static/debug/Windows/System32/link.com"
      - "C:/src/vcpkg/installed/x64-windows-static/debug/Windows/System32/link.exe"
      - "C:/src/vcpkg/installed/x64-windows-static/debug/Windows/System32/link"
      - "C:/src/vcpkg/installed/x64-windows-static/debug/Windows/link.com"
      - "C:/src/vcpkg/installed/x64-windows-static/debug/Windows/link.exe"
      - "C:/src/vcpkg/installed/x64-windows-static/debug/Windows/link"
      - "C:/src/vcpkg/installed/x64-windows-static/debug/Windows/System32/wbem/link.com"
      - "C:/src/vcpkg/installed/x64-windows-static/debug/Windows/System32/wbem/link.exe"
      - "C:/src/vcpkg/installed/x64-windows-static/debug/Windows/System32/wbem/link"
      - "C:/src/vcpkg/installed/x64-windows-static/debug/Windows/System32/WindowsPowerShell/v1.0/link.com"
      - "C:/src/vcpkg/installed/x64-windows-static/debug/Windows/System32/WindowsPowerShell/v1.0/link.exe"
      - "C:/src/vcpkg/installed/x64-windows-static/debug/Windows/System32/WindowsPowerShell/v1.0/link"
      - "C:/src/vcpkg/installed/x64-windows-static/debug/Windows/System32/OpenSSH/link.com"
      - "C:/src/vcpkg/installed/x64-windows-static/debug/Windows/System32/OpenSSH/link.exe"
      - "C:/src/vcpkg/installed/x64-windows-static/debug/Windows/System32/OpenSSH/link"
      - "C:/src/vcpkg/installed/x64-windows-static/debug/Program Files/Microsoft Visual Studio/2022/Community/Common7/IDE/CommonExtensions/Microsoft/CMake/CMake/bin/link.com"
      - "C:/src/vcpkg/installed/x64-windows-static/debug/Program Files/Microsoft Visual Studio/2022/Community/Common7/IDE/CommonExtensions/Microsoft/CMake/CMake/bin/link.exe"
      - "C:/src/vcpkg/installed/x64-windows-static/debug/Program Files/Microsoft Visual Studio/2022/Community/Common7/IDE/CommonExtensions/Microsoft/CMake/CMake/bin/link"
      - "C:/src/vcpkg/installed/x64-windows-static/debug/Program Files/Microsoft Visual Studio/2022/Community/Common7/IDE/CommonExtensions/Microsoft/CMake/Ninja/link.com"
      - "C:/src/vcpkg/installed/x64-windows-static/debug/Program Files/Microsoft Visual Studio/2022/Community/Common7/IDE/CommonExtensions/Microsoft/CMake/Ninja/link.exe"
      - "C:/src/vcpkg/installed/x64-windows-static/debug/Program Files/Microsoft Visual Studio/2022/Community/Common7/IDE/CommonExtensions/Microsoft/CMake/Ninja/link"
      - "C:/src/vcpkg/installed/x64-windows-static/debug/Program Files/Microsoft Visual Studio/2022/Community/Common7/IDE/VC/Linux/bin/ConnectionManagerExe/link.com"
      - "C:/src/vcpkg/installed/x64-windows-static/debug/Program Files/Microsoft Visual Studio/2022/Community/Common7/IDE/VC/Linux/bin/ConnectionManagerExe/link.exe"
      - "C:/src/vcpkg/installed/x64-windows-static/debug/Program Files/Microsoft Visual Studio/2022/Community/Common7/IDE/VC/Linux/bin/ConnectionManagerExe/link"
      - "C:/src/vcpkg/installed/x64-windows-static/debug/Program Files/Microsoft Visual Studio/2022/Community/VC/vcpkg/link.com"
      - "C:/src/vcpkg/installed/x64-windows-static/debug/Program Files/Microsoft Visual Studio/2022/Community/VC/vcpkg/link.exe"
      - "C:/src/vcpkg/installed/x64-windows-static/debug/Program Files/Microsoft Visual Studio/2022/Community/VC/vcpkg/link"
      - "C:/src/vcpkg/installed/x64-windows-static/debug/src/vcpkg/downloads/tools/ninja-1.13.2-windows/link.com"
      - "C:/src/vcpkg/installed/x64-windows-static/debug/src/vcpkg/downloads/tools/ninja-1.13.2-windows/link.exe"
      - "C:/src/vcpkg/installed/x64-windows-static/debug/src/vcpkg/downloads/tools/ninja-1.13.2-windows/link"
      - "C:/src/vcpkg/installed/x64-windows-static/Program Files/Microsoft Visual Studio/2022/Community/VC/Tools/MSVC/14.44.35207/bin/Hostx64/x64/link.com"
      - "C:/src/vcpkg/installed/x64-windows-static/Program Files/Microsoft Visual Studio/2022/Community/VC/Tools/MSVC/14.44.35207/bin/Hostx64/x64/link.exe"
      - "C:/src/vcpkg/installed/x64-windows-static/Program Files/Microsoft Visual Studio/2022/Community/VC/Tools/MSVC/14.44.35207/bin/Hostx64/x64/link"
      - "C:/src/vcpkg/installed/x64-windows-static/Program Files/Microsoft Visual Studio/2022/Community/Common7/IDE/VC/vcpackages/link.com"
      - "C:/src/vcpkg/installed/x64-windows-static/Program Files/Microsoft Visual Studio/2022/Community/Common7/IDE/VC/vcpackages/link.exe"
      - "C:/src/vcpkg/installed/x64-windows-static/Program Files/Microsoft Visual Studio/2022/Community/Common7/IDE/VC/vcpackages/link"
      - "C:/src/vcpkg/installed/x64-windows-static/Program Files/Microsoft Visual Studio/2022/Community/Common7/IDE/CommonExtensions/Microsoft/TestWindow/link.com"
      - "C:/src/vcpkg/installed/x64-windows-static/Program Files/Microsoft Visual Studio/2022/Community/Common7/IDE/CommonExtensions/Microsoft/TestWindow/link.exe"
      - "C:/src/vcpkg/installed/x64-windows-static/Program Files/Microsoft Visual Studio/2022/Community/Common7/IDE/CommonExtensions/Microsoft/TestWindow/link"
      - "C:/src/vcpkg/installed/x64-windows-static/Program Files/Microsoft Visual Studio/2022/Community/Common7/IDE/CommonExtensions/Microsoft/TeamFoundation/Team Explorer/link.com"
      - "C:/src/vcpkg/installed/x64-windows-static/Program Files/Microsoft Visual Studio/2022/Community/Common7/IDE/CommonExtensions/Microsoft/TeamFoundation/Team Explorer/link.exe"
      - "C:/src/vcpkg/installed/x64-windows-static/Program Files/Microsoft Visual Studio/2022/Community/Common7/IDE/CommonExtensions/Microsoft/TeamFoundation/Team Explorer/link"
      - "C:/src/vcpkg/installed/x64-windows-static/Program Files/Microsoft Visual Studio/2022/Community/MSBuild/Current/Bin/Roslyn/link.com"
      - "C:/src/vcpkg/installed/x64-windows-static/Program Files/Microsoft Visual Studio/2022/Community/MSBuild/Current/Bin/Roslyn/link.exe"
      - "C:/src/vcpkg/installed/x64-windows-static/Program Files/Microsoft Visual Studio/2022/Community/MSBuild/Current/Bin/Roslyn/link"
      - "C:/src/vcpkg/installed/x64-windows-static/Program Files (x86)/Microsoft SDKs/Windows/v10.0A/bin/NETFX 4.8 Tools/x64/link.com"
      - "C:/src/vcpkg/installed/x64-windows-static/Program Files (x86)/Microsoft SDKs/Windows/v10.0A/bin/NETFX 4.8 Tools/x64/link.exe"
      - "C:/src/vcpkg/installed/x64-windows-static/Program Files (x86)/Microsoft SDKs/Windows/v10.0A/bin/NETFX 4.8 Tools/x64/link"
      - "C:/src/vcpkg/installed/x64-windows-static/Program Files/Microsoft Visual Studio/2022/Community/Common7/IDE/CommonExtensions/Microsoft/FSharp/Tools/link.com"
      - "C:/src/vcpkg/installed/x64-windows-static/Program Files/Microsoft Visual Studio/2022/Community/Common7/IDE/CommonExtensions/Microsoft/FSharp/Tools/link.exe"
      - "C:/src/vcpkg/installed/x64-windows-static/Program Files/Microsoft Visual Studio/2022/Community/Common7/IDE/CommonExtensions/Microsoft/FSharp/Tools/link"
      - "C:/src/vcpkg/installed/x64-windows-static/Program Files/Microsoft Visual Studio/2022/Community/Team Tools/DiagnosticsHub/Collector/link.com"
      - "C:/src/vcpkg/installed/x64-windows-static/Program Files/Microsoft Visual Studio/2022/Community/Team Tools/DiagnosticsHub/Collector/link.exe"
      - "C:/src/vcpkg/installed/x64-windows-static/Program Files/Microsoft Visual Studio/2022/Community/Team Tools/DiagnosticsHub/Collector/link"
      - "C:/src/vcpkg/installed/x64-windows-static/Program Files (x86)/Windows Kits/10/bin/10.0.26100.0/x64/link.com"
      - "C:/src/vcpkg/installed/x64-windows-static/Program Files (x86)/Windows Kits/10/bin/10.0.26100.0/x64/link.exe"
      - "C:/src/vcpkg/installed/x64-windows-static/Program Files (x86)/Windows Kits/10/bin/10.0.26100.0/x64/link"
      - "C:/src/vcpkg/installed/x64-windows-static/Program Files (x86)/Windows Kits/10/bin/x64/link.com"
      - "C:/src/vcpkg/installed/x64-windows-static/Program Files (x86)/Windows Kits/10/bin/x64/link.exe"
      - "C:/src/vcpkg/installed/x64-windows-static/Program Files (x86)/Windows Kits/10/bin/x64/link"
      - "C:/src/vcpkg/installed/x64-windows-static/Program Files/Microsoft Visual Studio/2022/Community/MSBuild/Current/Bin/amd64/link.com"
      - "C:/src/vcpkg/installed/x64-windows-static/Program Files/Microsoft Visual Studio/2022/Community/MSBuild/Current/Bin/amd64/link.exe"
      - "C:/src/vcpkg/installed/x64-windows-static/Program Files/Microsoft Visual Studio/2022/Community/MSBuild/Current/Bin/amd64/link"
      - "C:/src/vcpkg/installed/x64-windows-static/Windows/Microsoft.NET/Framework64/v4.0.30319/link.com"
      - "C:/src/vcpkg/installed/x64-windows-static/Windows/Microsoft.NET/Framework64/v4.0.30319/link.exe"
      - "C:/src/vcpkg/installed/x64-windows-static/Windows/Microsoft.NET/Framework64/v4.0.30319/link"
      - "C:/src/vcpkg/installed/x64-windows-static/Program Files/Microsoft Visual Studio/2022/Community/Common7/IDE/link.com"
      - "C:/src/vcpkg/installed/x64-windows-static/Program Files/Microsoft Visual Studio/2022/Community/Common7/IDE/link.exe"
      - "C:/src/vcpkg/installed/x64-windows-static/Program Files/Microsoft Visual Studio/2022/Community/Common7/IDE/link"
      - "C:/src/vcpkg/installed/x64-windows-static/Program Files/Microsoft Visual Studio/2022/Community/Common7/Tools/link.com"
      - "C:/src/vcpkg/installed/x64-windows-static/Program Files/Microsoft Visual Studio/2022/Community/Common7/Tools/link.exe"
      - "C:/src/vcpkg/installed/x64-windows-static/Program Files/Microsoft Visual Studio/2022/Community/Common7/Tools/link"
      - "C:/src/vcpkg/installed/x64-windows-static/src/vcpkg/downloads/tools/powershell-core-7.6.4-windows/link.com"
      - "C:/src/vcpkg/installed/x64-windows-static/src/vcpkg/downloads/tools/powershell-core-7.6.4-windows/link.exe"
      - "C:/src/vcpkg/installed/x64-windows-static/src/vcpkg/downloads/tools/powershell-core-7.6.4-windows/link"
      - "C:/src/vcpkg/installed/x64-windows-static/Windows/System32/link.com"
      - "C:/src/vcpkg/installed/x64-windows-static/Windows/System32/link.exe"
      - "C:/src/vcpkg/installed/x64-windows-static/Windows/System32/link"
      - "C:/src/vcpkg/installed/x64-windows-static/Windows/link.com"
      - "C:/src/vcpkg/installed/x64-windows-static/Windows/link.exe"
      - "C:/src/vcpkg/installed/x64-windows-static/Windows/link"
      - "C:/src/vcpkg/installed/x64-windows-static/Windows/System32/wbem/link.com"
      - "C:/src/vcpkg/installed/x64-windows-static/Windows/System32/wbem/link.exe"
      - "C:/src/vcpkg/installed/x64-windows-static/Windows/System32/wbem/link"
      - "C:/src/vcpkg/installed/x64-windows-static/Windows/System32/WindowsPowerShell/v1.0/link.com"
      - "C:/src/vcpkg/installed/x64-windows-static/Windows/System32/WindowsPowerShell/v1.0/link.exe"
      - "C:/src/vcpkg/installed/x64-windows-static/Windows/System32/WindowsPowerShell/v1.0/link"
      - "C:/src/vcpkg/installed/x64-windows-static/Windows/System32/OpenSSH/link.com"
      - "C:/src/vcpkg/installed/x64-windows-static/Windows/System32/OpenSSH/link.exe"
      - "C:/src/vcpkg/installed/x64-windows-static/Windows/System32/OpenSSH/link"
      - "C:/src/vcpkg/installed/x64-windows-static/Program Files/Microsoft Visual Studio/2022/Community/Common7/IDE/CommonExtensions/Microsoft/CMake/CMake/bin/link.com"
      - "C:/src/vcpkg/installed/x64-windows-static/Program Files/Microsoft Visual Studio/2022/Community/Common7/IDE/CommonExtensions/Microsoft/CMake/CMake/bin/link.exe"
      - "C:/src/vcpkg/installed/x64-windows-static/Program Files/Microsoft Visual Studio/2022/Community/Common7/IDE/CommonExtensions/Microsoft/CMake/CMake/bin/link"
      - "C:/src/vcpkg/installed/x64-windows-static/Program Files/Microsoft Visual Studio/2022/Community/Common7/IDE/CommonExtensions/Microsoft/CMake/Ninja/link.com"
      - "C:/src/vcpkg/installed/x64-windows-static/Program Files/Microsoft Visual Studio/2022/Community/Common7/IDE/CommonExtensions/Microsoft/CMake/Ninja/link.exe"
      - "C:/src/vcpkg/installed/x64-windows-static/Program Files/Microsoft Visual Studio/2022/Community/Common7/IDE/CommonExtensions/Microsoft/CMake/Ninja/link"
      - "C:/src/vcpkg/installed/x64-windows-static/Program Files/Microsoft Visual Studio/2022/Community/Common7/IDE/VC/Linux/bin/ConnectionManagerExe/link.com"
      - "C:/src/vcpkg/installed/x64-windows-static/Program Files/Microsoft Visual Studio/2022/Community/Common7/IDE/VC/Linux/bin/ConnectionManagerExe/link.exe"
      - "C:/src/vcpkg/installed/x64-windows-static/Program Files/Microsoft Visual Studio/2022/Community/Common7/IDE/VC/Linux/bin/ConnectionManagerExe/link"
      - "C:/src/vcpkg/installed/x64-windows-static/Program Files/Microsoft Visual Studio/2022/Community/VC/vcpkg/link.com"
      - "C:/src/vcpkg/installed/x64-windows-static/Program Files/Microsoft Visual Studio/2022/Community/VC/vcpkg/link.exe"
      - "C:/src/vcpkg/installed/x64-windows-static/Program Files/Microsoft Visual Studio/2022/Community/VC/vcpkg/link"
      - "C:/src/vcpkg/installed/x64-windows-static/src/vcpkg/downloads/tools/ninja-1.13.2-windows/link.com"
      - "C:/src/vcpkg/installed/x64-windows-static/src/vcpkg/downloads/tools/ninja-1.13.2-windows/link.exe"
      - "C:/src/vcpkg/installed/x64-windows-static/src/vcpkg/downloads/tools/ninja-1.13.2-windows/link"
      - "C:/Program Files/Microsoft Visual Studio/2022/Community/VC/Tools/MSVC/14.44.35207/bin/Hostx64/x64/link.com"
    found: "C:/Program Files/Microsoft Visual Studio/2022/Community/VC/Tools/MSVC/14.44.35207/bin/Hostx64/x64/link.exe"
    search_context:
      CMAKE_PROGRAM_PATH:
        - "C:/src/vcpkg/installed/x64-windows-static/tools"
      CMAKE_PREFIX_PATH:
        - "C:/src/vcpkg/installed/x64-windows-static/debug"
        - "C:/src/vcpkg/installed/x64-windows-static"
      ENV{PATH}:
        - "C:\\Program Files\\Microsoft Visual Studio\\2022\\Community\\VC\\Tools\\MSVC\\14.44.35207\\bin\\HostX64\\x64"
        - "C:\\Program Files\\Microsoft Visual Studio\\2022\\Community\\Common7\\IDE\\VC\\VCPackages"
        - "C:\\Program Files\\Microsoft Visual Studio\\2022\\Community\\Common7\\IDE\\CommonExtensions\\Microsoft\\TestWindow"
        - "C:\\Program Files\\Microsoft Visual Studio\\2022\\Community\\Common7\\IDE\\CommonExtensions\\Microsoft\\TeamFoundation\\Team Explorer"
        - "C:\\Program Files\\Microsoft Visual Studio\\2022\\Community\\MSBuild\\Current\\bin\\Roslyn"
        - "C:\\Program Files (x86)\\Microsoft SDKs\\Windows\\v10.0A\\bin\\NETFX 4.8 Tools\\x64\\"
        - "C:\\Program Files\\Microsoft Visual Studio\\2022\\Community\\Common7\\IDE\\CommonExtensions\\Microsoft\\FSharp\\Tools"
        - "C:\\Program Files\\Microsoft Visual Studio\\2022\\Community\\Team Tools\\DiagnosticsHub\\Collector"
        - "C:\\Program Files (x86)\\Windows Kits\\10\\bin\\10.0.26100.0\\x64"
        - "C:\\Program Files (x86)\\Windows Kits\\10\\bin\\x64"
        - "C:\\Program Files\\Microsoft Visual Studio\\2022\\Community\\MSBuild\\Current\\Bin\\amd64"
        - "C:\\Windows\\Microsoft.NET\\Framework64\\v4.0.30319"
        - "C:\\Program Files\\Microsoft Visual Studio\\2022\\Community\\Common7\\IDE\\"
        - "C:\\Program Files\\Microsoft Visual Studio\\2022\\Community\\Common7\\Tools\\"
        - "C:\\src\\vcpkg\\downloads\\tools\\powershell-core-7.6.4-windows"
        - "C:\\WINDOWS\\system32"
        - "C:\\WINDOWS"
        - "C:\\WINDOWS\\system32\\Wbem"
        - "C:\\WINDOWS\\system32\\WindowsPowerShell\\v1.0\\"
        - "C:\\WINDOWS\\system32\\OpenSSH\\"
        - "C:\\Program Files\\Microsoft Visual Studio\\2022\\Community\\Common7\\IDE\\CommonExtensions\\Microsoft\\CMake\\CMake\\bin"
        - "C:\\Program Files\\Microsoft Visual Studio\\2022\\Community\\Common7\\IDE\\CommonExtensions\\Microsoft\\CMake\\Ninja"
        - "C:\\Program Files\\Microsoft Visual Studio\\2022\\Community\\Common7\\IDE\\VC\\Linux\\bin\\ConnectionManagerExe"
        - "C:\\Program Files\\Microsoft Visual Studio\\2022\\Community\\VC\\vcpkg"
        - "C:\\src\\vcpkg\\downloads\\tools\\ninja-1.13.2-windows"
      CMAKE_INSTALL_PREFIX: "C:/src/vcpkg/packages/jsoncpp_x64-windows-static/debug"
      CMAKE_FIND_ROOT_PATH: "C:/src/vcpkg/installed/x64-windows-static/debug;C:/src/vcpkg/installed/x64-windows-static"
  -
    kind: "find-v1"
    backtrace:
      - "C:/Program Files/CMake/share/cmake-4.4/Modules/CMakeFindBinUtils.cmake:247 (find_program)"
      - "C:/Program Files/CMake/share/cmake-4.4/Modules/CMakeDetermineCXXCompiler.cmake:206 (include)"
      - "CMakeLists.txt:57 (project)"
    mode: "program"
    variable: "CMAKE_MT"
    description: "Path to a program."
    settings:
      SearchFramework: "LAST"
      SearchAppBundle: "LAST"
      CMAKE_FIND_USE_CMAKE_PATH: false
      CMAKE_FIND_USE_CMAKE_ENVIRONMENT_PATH: false
      CMAKE_FIND_USE_SYSTEM_ENVIRONMENT_PATH: true
      CMAKE_FIND_USE_CMAKE_SYSTEM_PATH: true
      CMAKE_FIND_USE_INSTALL_PREFIX: true
    names:
      - "mt"
    candidate_directories:
      - "C:/src/vcpkg/installed/x64-windows-static/debug/Program Files/Microsoft Visual Studio/2022/Community/VC/Tools/MSVC/14.44.35207/bin/Hostx64/x64/"
      - "C:/src/vcpkg/installed/x64-windows-static/debug/Program Files/Microsoft Visual Studio/2022/Community/Common7/IDE/VC/vcpackages/"
      - "C:/src/vcpkg/installed/x64-windows-static/debug/Program Files/Microsoft Visual Studio/2022/Community/Common7/IDE/CommonExtensions/Microsoft/TestWindow/"
      - "C:/src/vcpkg/installed/x64-windows-static/debug/Program Files/Microsoft Visual Studio/2022/Community/Common7/IDE/CommonExtensions/Microsoft/TeamFoundation/Team Explorer/"
      - "C:/src/vcpkg/installed/x64-windows-static/debug/Program Files/Microsoft Visual Studio/2022/Community/MSBuild/Current/Bin/Roslyn/"
      - "C:/src/vcpkg/installed/x64-windows-static/debug/Program Files (x86)/Microsoft SDKs/Windows/v10.0A/bin/NETFX 4.8 Tools/x64/"
      - "C:/src/vcpkg/installed/x64-windows-static/debug/Program Files/Microsoft Visual Studio/2022/Community/Common7/IDE/CommonExtensions/Microsoft/FSharp/Tools/"
      - "C:/src/vcpkg/installed/x64-windows-static/debug/Program Files/Microsoft Visual Studio/2022/Community/Team Tools/DiagnosticsHub/Collector/"
      - "C:/src/vcpkg/installed/x64-windows-static/debug/Program Files (x86)/Windows Kits/10/bin/10.0.26100.0/x64/"
      - "C:/src/vcpkg/installed/x64-windows-static/debug/Program Files (x86)/Windows Kits/10/bin/x64/"
      - "C:/src/vcpkg/installed/x64-windows-static/debug/Program Files/Microsoft Visual Studio/2022/Community/MSBuild/Current/Bin/amd64/"
      - "C:/src/vcpkg/installed/x64-windows-static/debug/Windows/Microsoft.NET/Framework64/v4.0.30319/"
      - "C:/src/vcpkg/installed/x64-windows-static/debug/Program Files/Microsoft Visual Studio/2022/Community/Common7/IDE/"
      - "C:/src/vcpkg/installed/x64-windows-static/debug/Program Files/Microsoft Visual Studio/2022/Community/Common7/Tools/"
      - "C:/src/vcpkg/installed/x64-windows-static/debug/src/vcpkg/downloads/tools/powershell-core-7.6.4-windows/"
      - "C:/src/vcpkg/installed/x64-windows-static/debug/Windows/System32/"
      - "C:/src/vcpkg/installed/x64-windows-static/debug/Windows/"
      - "C:/src/vcpkg/installed/x64-windows-static/debug/Windows/System32/wbem/"
      - "C:/src/vcpkg/installed/x64-windows-static/debug/Windows/System32/WindowsPowerShell/v1.0/"
      - "C:/src/vcpkg/installed/x64-windows-static/debug/Windows/System32/OpenSSH/"
      - "C:/src/vcpkg/installed/x64-windows-static/debug/Program Files/Microsoft Visual Studio/2022/Community/Common7/IDE/CommonExtensions/Microsoft/CMake/CMake/bin/"
      - "C:/src/vcpkg/installed/x64-windows-static/debug/Program Files/Microsoft Visual Studio/2022/Community/Common7/IDE/CommonExtensions/Microsoft/CMake/Ninja/"
      - "C:/src/vcpkg/installed/x64-windows-static/debug/Program Files/Microsoft Visual Studio/2022/Community/Common7/IDE/VC/Linux/bin/ConnectionManagerExe/"
      - "C:/src/vcpkg/installed/x64-windows-static/debug/Program Files/Microsoft Visual Studio/2022/Community/VC/vcpkg/"
      - "C:/src/vcpkg/installed/x64-windows-static/debug/src/vcpkg/downloads/tools/ninja-1.13.2-windows/"
      - "C:/src/vcpkg/installed/x64-windows-static/Program Files/Microsoft Visual Studio/2022/Community/VC/Tools/MSVC/14.44.35207/bin/Hostx64/x64/"
      - "C:/src/vcpkg/installed/x64-windows-static/Program Files/Microsoft Visual Studio/2022/Community/Common7/IDE/VC/vcpackages/"
      - "C:/src/vcpkg/installed/x64-windows-static/Program Files/Microsoft Visual Studio/2022/Community/Common7/IDE/CommonExtensions/Microsoft/TestWindow/"
      - "C:/src/vcpkg/installed/x64-windows-static/Program Files/Microsoft Visual Studio/2022/Community/Common7/IDE/CommonExtensions/Microsoft/TeamFoundation/Team Explorer/"
      - "C:/src/vcpkg/installed/x64-windows-static/Program Files/Microsoft Visual Studio/2022/Community/MSBuild/Current/Bin/Roslyn/"
      - "C:/src/vcpkg/installed/x64-windows-static/Program Files (x86)/Microsoft SDKs/Windows/v10.0A/bin/NETFX 4.8 Tools/x64/"
      - "C:/src/vcpkg/installed/x64-windows-static/Program Files/Microsoft Visual Studio/2022/Community/Common7/IDE/CommonExtensions/Microsoft/FSharp/Tools/"
      - "C:/src/vcpkg/installed/x64-windows-static/Program Files/Microsoft Visual Studio/2022/Community/Team Tools/DiagnosticsHub/Collector/"
      - "C:/src/vcpkg/installed/x64-windows-static/Program Files (x86)/Windows Kits/10/bin/10.0.26100.0/x64/"
      - "C:/src/vcpkg/installed/x64-windows-static/Program Files (x86)/Windows Kits/10/bin/x64/"
      - "C:/src/vcpkg/installed/x64-windows-static/Program Files/Microsoft Visual Studio/2022/Community/MSBuild/Current/Bin/amd64/"
      - "C:/src/vcpkg/installed/x64-windows-static/Windows/Microsoft.NET/Framework64/v4.0.30319/"
      - "C:/src/vcpkg/installed/x64-windows-static/Program Files/Microsoft Visual Studio/2022/Community/Common7/IDE/"
      - "C:/src/vcpkg/installed/x64-windows-static/Program Files/Microsoft Visual Studio/2022/Community/Common7/Tools/"
      - "C:/src/vcpkg/installed/x64-windows-static/src/vcpkg/downloads/tools/powershell-core-7.6.4-windows/"
      - "C:/src/vcpkg/installed/x64-windows-static/Windows/System32/"
      - "C:/src/vcpkg/installed/x64-windows-static/Windows/"
      - "C:/src/vcpkg/installed/x64-windows-static/Windows/System32/wbem/"
      - "C:/src/vcpkg/installed/x64-windows-static/Windows/System32/WindowsPowerShell/v1.0/"
      - "C:/src/vcpkg/installed/x64-windows-static/Windows/System32/OpenSSH/"
      - "C:/src/vcpkg/installed/x64-windows-static/Program Files/Microsoft Visual Studio/2022/Community/Common7/IDE/CommonExtensions/Microsoft/CMake/CMake/bin/"
      - "C:/src/vcpkg/installed/x64-windows-static/Program Files/Microsoft Visual Studio/2022/Community/Common7/IDE/CommonExtensions/Microsoft/CMake/Ninja/"
      - "C:/src/vcpkg/installed/x64-windows-static/Program Files/Microsoft Visual Studio/2022/Community/Common7/IDE/VC/Linux/bin/ConnectionManagerExe/"
      - "C:/src/vcpkg/installed/x64-windows-static/Program Files/Microsoft Visual Studio/2022/Community/VC/vcpkg/"
      - "C:/src/vcpkg/installed/x64-windows-static/src/vcpkg/downloads/tools/ninja-1.13.2-windows/"
      - "C:/Program Files/Microsoft Visual Studio/2022/Community/VC/Tools/MSVC/14.44.35207/bin/Hostx64/x64/"
      - "C:/Program Files/Microsoft Visual Studio/2022/Community/Common7/IDE/VC/vcpackages/"
      - "C:/Program Files/Microsoft Visual Studio/2022/Community/Common7/IDE/CommonExtensions/Microsoft/TestWindow/"
      - "C:/Program Files/Microsoft Visual Studio/2022/Community/Common7/IDE/CommonExtensions/Microsoft/TeamFoundation/Team Explorer/"
      - "C:/Program Files/Microsoft Visual Studio/2022/Community/MSBuild/Current/Bin/Roslyn/"
      - "C:/Program Files (x86)/Microsoft SDKs/Windows/v10.0A/bin/NETFX 4.8 Tools/x64/"
      - "C:/Program Files/Microsoft Visual Studio/2022/Community/Common7/IDE/CommonExtensions/Microsoft/FSharp/Tools/"
      - "C:/Program Files/Microsoft Visual Studio/2022/Community/Team Tools/DiagnosticsHub/Collector/"
      - "C:/Program Files (x86)/Windows Kits/10/bin/10.0.26100.0/x64/"
      - "C:/Program Files (x86)/Windows Kits/10/bin/x64/"
      - "C:/Program Files/Microsoft Visual Studio/2022/Community/MSBuild/Current/Bin/amd64/"
      - "C:/Windows/Microsoft.NET/Framework64/v4.0.30319/"
      - "C:/Program Files/Microsoft Visual Studio/2022/Community/Common7/IDE/"
      - "C:/Program Files/Microsoft Visual Studio/2022/Community/Common7/Tools/"
      - "C:/src/vcpkg/downloads/tools/powershell-core-7.6.4-windows/"
      - "C:/Windows/System32/"
      - "C:/Windows/"
      - "C:/Windows/System32/wbem/"
      - "C:/Windows/System32/WindowsPowerShell/v1.0/"
      - "C:/Windows/System32/OpenSSH/"
      - "C:/Program Files/Microsoft Visual Studio/2022/Community/Common7/IDE/CommonExtensions/Microsoft/CMake/CMake/bin/"
      - "C:/Program Files/Microsoft Visual Studio/2022/Community/Common7/IDE/CommonExtensions/Microsoft/CMake/Ninja/"
      - "C:/Program Files/Microsoft Visual Studio/2022/Community/Common7/IDE/VC/Linux/bin/ConnectionManagerExe/"
      - "C:/Program Files/Microsoft Visual Studio/2022/Community/VC/vcpkg/"
      - "C:/src/vcpkg/downloads/tools/ninja-1.13.2-windows/"
    searched_directories:
      - "C:/src/vcpkg/installed/x64-windows-static/debug/Program Files/Microsoft Visual Studio/2022/Community/VC/Tools/MSVC/14.44.35207/bin/Hostx64/x64/mt.com"
      - "C:/src/vcpkg/installed/x64-windows-static/debug/Program Files/Microsoft Visual Studio/2022/Community/VC/Tools/MSVC/14.44.35207/bin/Hostx64/x64/mt.exe"
      - "C:/src/vcpkg/installed/x64-windows-static/debug/Program Files/Microsoft Visual Studio/2022/Community/VC/Tools/MSVC/14.44.35207/bin/Hostx64/x64/mt"
      - "C:/src/vcpkg/installed/x64-windows-static/debug/Program Files/Microsoft Visual Studio/2022/Community/Common7/IDE/VC/vcpackages/mt.com"
      - "C:/src/vcpkg/installed/x64-windows-static/debug/Program Files/Microsoft Visual Studio/2022/Community/Common7/IDE/VC/vcpackages/mt.exe"
      - "C:/src/vcpkg/installed/x64-windows-static/debug/Program Files/Microsoft Visual Studio/2022/Community/Common7/IDE/VC/vcpackages/mt"
      - "C:/src/vcpkg/installed/x64-windows-static/debug/Program Files/Microsoft Visual Studio/2022/Community/Common7/IDE/CommonExtensions/Microsoft/TestWindow/mt.com"
      - "C:/src/vcpkg/installed/x64-windows-static/debug/Program Files/Microsoft Visual Studio/2022/Community/Common7/IDE/CommonExtensions/Microsoft/TestWindow/mt.exe"
      - "C:/src/vcpkg/installed/x64-windows-static/debug/Program Files/Microsoft Visual Studio/2022/Community/Common7/IDE/CommonExtensions/Microsoft/TestWindow/mt"
      - "C:/src/vcpkg/installed/x64-windows-static/debug/Program Files/Microsoft Visual Studio/2022/Community/Common7/IDE/CommonExtensions/Microsoft/TeamFoundation/Team Explorer/mt.com"
      - "C:/src/vcpkg/installed/x64-windows-static/debug/Program Files/Microsoft Visual Studio/2022/Community/Common7/IDE/CommonExtensions/Microsoft/TeamFoundation/Team Explorer/mt.exe"
      - "C:/src/vcpkg/installed/x64-windows-static/debug/Program Files/Microsoft Visual Studio/2022/Community/Common7/IDE/CommonExtensions/Microsoft/TeamFoundation/Team Explorer/mt"
      - "C:/src/vcpkg/installed/x64-windows-static/debug/Program Files/Microsoft Visual Studio/2022/Community/MSBuild/Current/Bin/Roslyn/mt.com"
      - "C:/src/vcpkg/installed/x64-windows-static/debug/Program Files/Microsoft Visual Studio/2022/Community/MSBuild/Current/Bin/Roslyn/mt.exe"
      - "C:/src/vcpkg/installed/x64-windows-static/debug/Program Files/Microsoft Visual Studio/2022/Community/MSBuild/Current/Bin/Roslyn/mt"
      - "C:/src/vcpkg/installed/x64-windows-static/debug/Program Files (x86)/Microsoft SDKs/Windows/v10.0A/bin/NETFX 4.8 Tools/x64/mt.com"
      - "C:/src/vcpkg/installed/x64-windows-static/debug/Program Files (x86)/Microsoft SDKs/Windows/v10.0A/bin/NETFX 4.8 Tools/x64/mt.exe"
      - "C:/src/vcpkg/installed/x64-windows-static/debug/Program Files (x86)/Microsoft SDKs/Windows/v10.0A/bin/NETFX 4.8 Tools/x64/mt"
      - "C:/src/vcpkg/installed/x64-windows-static/debug/Program Files/Microsoft Visual Studio/2022/Community/Common7/IDE/CommonExtensions/Microsoft/FSharp/Tools/mt.com"
      - "C:/src/vcpkg/installed/x64-windows-static/debug/Program Files/Microsoft Visual Studio/2022/Community/Common7/IDE/CommonExtensions/Microsoft/FSharp/Tools/mt.exe"
      - "C:/src/vcpkg/installed/x64-windows-static/debug/Program Files/Microsoft Visual Studio/2022/Community/Common7/IDE/CommonExtensions/Microsoft/FSharp/Tools/mt"
      - "C:/src/vcpkg/installed/x64-windows-static/debug/Program Files/Microsoft Visual Studio/2022/Community/Team Tools/DiagnosticsHub/Collector/mt.com"
      - "C:/src/vcpkg/installed/x64-windows-static/debug/Program Files/Microsoft Visual Studio/2022/Community/Team Tools/DiagnosticsHub/Collector/mt.exe"
      - "C:/src/vcpkg/installed/x64-windows-static/debug/Program Files/Microsoft Visual Studio/2022/Community/Team Tools/DiagnosticsHub/Collector/mt"
      - "C:/src/vcpkg/installed/x64-windows-static/debug/Program Files (x86)/Windows Kits/10/bin/10.0.26100.0/x64/mt.com"
      - "C:/src/vcpkg/installed/x64-windows-static/debug/Program Files (x86)/Windows Kits/10/bin/10.0.26100.0/x64/mt.exe"
      - "C:/src/vcpkg/installed/x64-windows-static/debug/Program Files (x86)/Windows Kits/10/bin/10.0.26100.0/x64/mt"
      - "C:/src/vcpkg/installed/x64-windows-static/debug/Program Files (x86)/Windows Kits/10/bin/x64/mt.com"
      - "C:/src/vcpkg/installed/x64-windows-static/debug/Program Files (x86)/Windows Kits/10/bin/x64/mt.exe"
      - "C:/src/vcpkg/installed/x64-windows-static/debug/Program Files (x86)/Windows Kits/10/bin/x64/mt"
      - "C:/src/vcpkg/installed/x64-windows-static/debug/Program Files/Microsoft Visual Studio/2022/Community/MSBuild/Current/Bin/amd64/mt.com"
      - "C:/src/vcpkg/installed/x64-windows-static/debug/Program Files/Microsoft Visual Studio/2022/Community/MSBuild/Current/Bin/amd64/mt.exe"
      - "C:/src/vcpkg/installed/x64-windows-static/debug/Program Files/Microsoft Visual Studio/2022/Community/MSBuild/Current/Bin/amd64/mt"
      - "C:/src/vcpkg/installed/x64-windows-static/debug/Windows/Microsoft.NET/Framework64/v4.0.30319/mt.com"
      - "C:/src/vcpkg/installed/x64-windows-static/debug/Windows/Microsoft.NET/Framework64/v4.0.30319/mt.exe"
      - "C:/src/vcpkg/installed/x64-windows-static/debug/Windows/Microsoft.NET/Framework64/v4.0.30319/mt"
      - "C:/src/vcpkg/installed/x64-windows-static/debug/Program Files/Microsoft Visual Studio/2022/Community/Common7/IDE/mt.com"
      - "C:/src/vcpkg/installed/x64-windows-static/debug/Program Files/Microsoft Visual Studio/2022/Community/Common7/IDE/mt.exe"
      - "C:/src/vcpkg/installed/x64-windows-static/debug/Program Files/Microsoft Visual Studio/2022/Community/Common7/IDE/mt"
      - "C:/src/vcpkg/installed/x64-windows-static/debug/Program Files/Microsoft Visual Studio/2022/Community/Common7/Tools/mt.com"
      - "C:/src/vcpkg/installed/x64-windows-static/debug/Program Files/Microsoft Visual Studio/2022/Community/Common7/Tools/mt.exe"
      - "C:/src/vcpkg/installed/x64-windows-static/debug/Program Files/Microsoft Visual Studio/2022/Community/Common7/Tools/mt"
      - "C:/src/vcpkg/installed/x64-windows-static/debug/src/vcpkg/downloads/tools/powershell-core-7.6.4-windows/mt.com"
      - "C:/src/vcpkg/installed/x64-windows-static/debug/src/vcpkg/downloads/tools/powershell-core-7.6.4-windows/mt.exe"
      - "C:/src/vcpkg/installed/x64-windows-static/debug/src/vcpkg/downloads/tools/powershell-core-7.6.4-windows/mt"
      - "C:/src/vcpkg/installed/x64-windows-static/debug/Windows/System32/mt.com"
      - "C:/src/vcpkg/installed/x64-windows-static/debug/Windows/System32/mt.exe"
      - "C:/src/vcpkg/installed/x64-windows-static/debug/Windows/System32/mt"
      - "C:/src/vcpkg/installed/x64-windows-static/debug/Windows/mt.com"
      - "C:/src/vcpkg/installed/x64-windows-static/debug/Windows/mt.exe"
      - "C:/src/vcpkg/installed/x64-windows-static/debug/Windows/mt"
      - "C:/src/vcpkg/installed/x64-windows-static/debug/Windows/System32/wbem/mt.com"
      - "C:/src/vcpkg/installed/x64-windows-static/debug/Windows/System32/wbem/mt.exe"
      - "C:/src/vcpkg/installed/x64-windows-static/debug/Windows/System32/wbem/mt"
      - "C:/src/vcpkg/installed/x64-windows-static/debug/Windows/System32/WindowsPowerShell/v1.0/mt.com"
      - "C:/src/vcpkg/installed/x64-windows-static/debug/Windows/System32/WindowsPowerShell/v1.0/mt.exe"
      - "C:/src/vcpkg/installed/x64-windows-static/debug/Windows/System32/WindowsPowerShell/v1.0/mt"
      - "C:/src/vcpkg/installed/x64-windows-static/debug/Windows/System32/OpenSSH/mt.com"
      - "C:/src/vcpkg/installed/x64-windows-static/debug/Windows/System32/OpenSSH/mt.exe"
      - "C:/src/vcpkg/installed/x64-windows-static/debug/Windows/System32/OpenSSH/mt"
      - "C:/src/vcpkg/installed/x64-windows-static/debug/Program Files/Microsoft Visual Studio/2022/Community/Common7/IDE/CommonExtensions/Microsoft/CMake/CMake/bin/mt.com"
      - "C:/src/vcpkg/installed/x64-windows-static/debug/Program Files/Microsoft Visual Studio/2022/Community/Common7/IDE/CommonExtensions/Microsoft/CMake/CMake/bin/mt.exe"
      - "C:/src/vcpkg/installed/x64-windows-static/debug/Program Files/Microsoft Visual Studio/2022/Community/Common7/IDE/CommonExtensions/Microsoft/CMake/CMake/bin/mt"
      - "C:/src/vcpkg/installed/x64-windows-static/debug/Program Files/Microsoft Visual Studio/2022/Community/Common7/IDE/CommonExtensions/Microsoft/CMake/Ninja/mt.com"
      - "C:/src/vcpkg/installed/x64-windows-static/debug/Program Files/Microsoft Visual Studio/2022/Community/Common7/IDE/CommonExtensions/Microsoft/CMake/Ninja/mt.exe"
      - "C:/src/vcpkg/installed/x64-windows-static/debug/Program Files/Microsoft Visual Studio/2022/Community/Common7/IDE/CommonExtensions/Microsoft/CMake/Ninja/mt"
      - "C:/src/vcpkg/installed/x64-windows-static/debug/Program Files/Microsoft Visual Studio/2022/Community/Common7/IDE/VC/Linux/bin/ConnectionManagerExe/mt.com"
      - "C:/src/vcpkg/installed/x64-windows-static/debug/Program Files/Microsoft Visual Studio/2022/Community/Common7/IDE/VC/Linux/bin/ConnectionManagerExe/mt.exe"
      - "C:/src/vcpkg/installed/x64-windows-static/debug/Program Files/Microsoft Visual Studio/2022/Community/Common7/IDE/VC/Linux/bin/ConnectionManagerExe/mt"
      - "C:/src/vcpkg/installed/x64-windows-static/debug/Program Files/Microsoft Visual Studio/2022/Community/VC/vcpkg/mt.com"
      - "C:/src/vcpkg/installed/x64-windows-static/debug/Program Files/Microsoft Visual Studio/2022/Community/VC/vcpkg/mt.exe"
      - "C:/src/vcpkg/installed/x64-windows-static/debug/Program Files/Microsoft Visual Studio/2022/Community/VC/vcpkg/mt"
      - "C:/src/vcpkg/installed/x64-windows-static/debug/src/vcpkg/downloads/tools/ninja-1.13.2-windows/mt.com"
      - "C:/src/vcpkg/installed/x64-windows-static/debug/src/vcpkg/downloads/tools/ninja-1.13.2-windows/mt.exe"
      - "C:/src/vcpkg/installed/x64-windows-static/debug/src/vcpkg/downloads/tools/ninja-1.13.2-windows/mt"
      - "C:/src/vcpkg/installed/x64-windows-static/Program Files/Microsoft Visual Studio/2022/Community/VC/Tools/MSVC/14.44.35207/bin/Hostx64/x64/mt.com"
      - "C:/src/vcpkg/installed/x64-windows-static/Program Files/Microsoft Visual Studio/2022/Community/VC/Tools/MSVC/14.44.35207/bin/Hostx64/x64/mt.exe"
      - "C:/src/vcpkg/installed/x64-windows-static/Program Files/Microsoft Visual Studio/2022/Community/VC/Tools/MSVC/14.44.35207/bin/Hostx64/x64/mt"
      - "C:/src/vcpkg/installed/x64-windows-static/Program Files/Microsoft Visual Studio/2022/Community/Common7/IDE/VC/vcpackages/mt.com"
      - "C:/src/vcpkg/installed/x64-windows-static/Program Files/Microsoft Visual Studio/2022/Community/Common7/IDE/VC/vcpackages/mt.exe"
      - "C:/src/vcpkg/installed/x64-windows-static/Program Files/Microsoft Visual Studio/2022/Community/Common7/IDE/VC/vcpackages/mt"
      - "C:/src/vcpkg/installed/x64-windows-static/Program Files/Microsoft Visual Studio/2022/Community/Common7/IDE/CommonExtensions/Microsoft/TestWindow/mt.com"
      - "C:/src/vcpkg/installed/x64-windows-static/Program Files/Microsoft Visual Studio/2022/Community/Common7/IDE/CommonExtensions/Microsoft/TestWindow/mt.exe"
      - "C:/src/vcpkg/installed/x64-windows-static/Program Files/Microsoft Visual Studio/2022/Community/Common7/IDE/CommonExtensions/Microsoft/TestWindow/mt"
      - "C:/src/vcpkg/installed/x64-windows-static/Program Files/Microsoft Visual Studio/2022/Community/Common7/IDE/CommonExtensions/Microsoft/TeamFoundation/Team Explorer/mt.com"
      - "C:/src/vcpkg/installed/x64-windows-static/Program Files/Microsoft Visual Studio/2022/Community/Common7/IDE/CommonExtensions/Microsoft/TeamFoundation/Team Explorer/mt.exe"
      - "C:/src/vcpkg/installed/x64-windows-static/Program Files/Microsoft Visual Studio/2022/Community/Common7/IDE/CommonExtensions/Microsoft/TeamFoundation/Team Explorer/mt"
      - "C:/src/vcpkg/installed/x64-windows-static/Program Files/Microsoft Visual Studio/2022/Community/MSBuild/Current/Bin/Roslyn/mt.com"
      - "C:/src/vcpkg/installed/x64-windows-static/Program Files/Microsoft Visual Studio/2022/Community/MSBuild/Current/Bin/Roslyn/mt.exe"
      - "C:/src/vcpkg/installed/x64-windows-static/Program Files/Microsoft Visual Studio/2022/Community/MSBuild/Current/Bin/Roslyn/mt"
      - "C:/src/vcpkg/installed/x64-windows-static/Program Files (x86)/Microsoft SDKs/Windows/v10.0A/bin/NETFX 4.8 Tools/x64/mt.com"
      - "C:/src/vcpkg/installed/x64-windows-static/Program Files (x86)/Microsoft SDKs/Windows/v10.0A/bin/NETFX 4.8 Tools/x64/mt.exe"
      - "C:/src/vcpkg/installed/x64-windows-static/Program Files (x86)/Microsoft SDKs/Windows/v10.0A/bin/NETFX 4.8 Tools/x64/mt"
      - "C:/src/vcpkg/installed/x64-windows-static/Program Files/Microsoft Visual Studio/2022/Community/Common7/IDE/CommonExtensions/Microsoft/FSharp/Tools/mt.com"
      - "C:/src/vcpkg/installed/x64-windows-static/Program Files/Microsoft Visual Studio/2022/Community/Common7/IDE/CommonExtensions/Microsoft/FSharp/Tools/mt.exe"
      - "C:/src/vcpkg/installed/x64-windows-static/Program Files/Microsoft Visual Studio/2022/Community/Common7/IDE/CommonExtensions/Microsoft/FSharp/Tools/mt"
      - "C:/src/vcpkg/installed/x64-windows-static/Program Files/Microsoft Visual Studio/2022/Community/Team Tools/DiagnosticsHub/Collector/mt.com"
      - "C:/src/vcpkg/installed/x64-windows-static/Program Files/Microsoft Visual Studio/2022/Community/Team Tools/DiagnosticsHub/Collector/mt.exe"
      - "C:/src/vcpkg/installed/x64-windows-static/Program Files/Microsoft Visual Studio/2022/Community/Team Tools/DiagnosticsHub/Collector/mt"
      - "C:/src/vcpkg/installed/x64-windows-static/Program Files (x86)/Windows Kits/10/bin/10.0.26100.0/x64/mt.com"
      - "C:/src/vcpkg/installed/x64-windows-static/Program Files (x86)/Windows Kits/10/bin/10.0.26100.0/x64/mt.exe"
      - "C:/src/vcpkg/installed/x64-windows-static/Program Files (x86)/Windows Kits/10/bin/10.0.26100.0/x64/mt"
      - "C:/src/vcpkg/installed/x64-windows-static/Program Files (x86)/Windows Kits/10/bin/x64/mt.com"
      - "C:/src/vcpkg/installed/x64-windows-static/Program Files (x86)/Windows Kits/10/bin/x64/mt.exe"
      - "C:/src/vcpkg/installed/x64-windows-static/Program Files (x86)/Windows Kits/10/bin/x64/mt"
      - "C:/src/vcpkg/installed/x64-windows-static/Program Files/Microsoft Visual Studio/2022/Community/MSBuild/Current/Bin/amd64/mt.com"
      - "C:/src/vcpkg/installed/x64-windows-static/Program Files/Microsoft Visual Studio/2022/Community/MSBuild/Current/Bin/amd64/mt.exe"
      - "C:/src/vcpkg/installed/x64-windows-static/Program Files/Microsoft Visual Studio/2022/Community/MSBuild/Current/Bin/amd64/mt"
      - "C:/src/vcpkg/installed/x64-windows-static/Windows/Microsoft.NET/Framework64/v4.0.30319/mt.com"
      - "C:/src/vcpkg/installed/x64-windows-static/Windows/Microsoft.NET/Framework64/v4.0.30319/mt.exe"
      - "C:/src/vcpkg/installed/x64-windows-static/Windows/Microsoft.NET/Framework64/v4.0.30319/mt"
      - "C:/src/vcpkg/installed/x64-windows-static/Program Files/Microsoft Visual Studio/2022/Community/Common7/IDE/mt.com"
      - "C:/src/vcpkg/installed/x64-windows-static/Program Files/Microsoft Visual Studio/2022/Community/Common7/IDE/mt.exe"
      - "C:/src/vcpkg/installed/x64-windows-static/Program Files/Microsoft Visual Studio/2022/Community/Common7/IDE/mt"
      - "C:/src/vcpkg/installed/x64-windows-static/Program Files/Microsoft Visual Studio/2022/Community/Common7/Tools/mt.com"
      - "C:/src/vcpkg/installed/x64-windows-static/Program Files/Microsoft Visual Studio/2022/Community/Common7/Tools/mt.exe"
      - "C:/src/vcpkg/installed/x64-windows-static/Program Files/Microsoft Visual Studio/2022/Community/Common7/Tools/mt"
      - "C:/src/vcpkg/installed/x64-windows-static/src/vcpkg/downloads/tools/powershell-core-7.6.4-windows/mt.com"
      - "C:/src/vcpkg/installed/x64-windows-static/src/vcpkg/downloads/tools/powershell-core-7.6.4-windows/mt.exe"
      - "C:/src/vcpkg/installed/x64-windows-static/src/vcpkg/downloads/tools/powershell-core-7.6.4-windows/mt"
      - "C:/src/vcpkg/installed/x64-windows-static/Windows/System32/mt.com"
      - "C:/src/vcpkg/installed/x64-windows-static/Windows/System32/mt.exe"
      - "C:/src/vcpkg/installed/x64-windows-static/Windows/System32/mt"
      - "C:/src/vcpkg/installed/x64-windows-static/Windows/mt.com"
      - "C:/src/vcpkg/installed/x64-windows-static/Windows/mt.exe"
      - "C:/src/vcpkg/installed/x64-windows-static/Windows/mt"
      - "C:/src/vcpkg/installed/x64-windows-static/Windows/System32/wbem/mt.com"
      - "C:/src/vcpkg/installed/x64-windows-static/Windows/System32/wbem/mt.exe"
      - "C:/src/vcpkg/installed/x64-windows-static/Windows/System32/wbem/mt"
      - "C:/src/vcpkg/installed/x64-windows-static/Windows/System32/WindowsPowerShell/v1.0/mt.com"
      - "C:/src/vcpkg/installed/x64-windows-static/Windows/System32/WindowsPowerShell/v1.0/mt.exe"
      - "C:/src/vcpkg/installed/x64-windows-static/Windows/System32/WindowsPowerShell/v1.0/mt"
      - "C:/src/vcpkg/installed/x64-windows-static/Windows/System32/OpenSSH/mt.com"
      - "C:/src/vcpkg/installed/x64-windows-static/Windows/System32/OpenSSH/mt.exe"
      - "C:/src/vcpkg/installed/x64-windows-static/Windows/System32/OpenSSH/mt"
      - "C:/src/vcpkg/installed/x64-windows-static/Program Files/Microsoft Visual Studio/2022/Community/Common7/IDE/CommonExtensions/Microsoft/CMake/CMake/bin/mt.com"
      - "C:/src/vcpkg/installed/x64-windows-static/Program Files/Microsoft Visual Studio/2022/Community/Common7/IDE/CommonExtensions/Microsoft/CMake/CMake/bin/mt.exe"
      - "C:/src/vcpkg/installed/x64-windows-static/Program Files/Microsoft Visual Studio/2022/Community/Common7/IDE/CommonExtensions/Microsoft/CMake/CMake/bin/mt"
      - "C:/src/vcpkg/installed/x64-windows-static/Program Files/Microsoft Visual Studio/2022/Community/Common7/IDE/CommonExtensions/Microsoft/CMake/Ninja/mt.com"
      - "C:/src/vcpkg/installed/x64-windows-static/Program Files/Microsoft Visual Studio/2022/Community/Common7/IDE/CommonExtensions/Microsoft/CMake/Ninja/mt.exe"
      - "C:/src/vcpkg/installed/x64-windows-static/Program Files/Microsoft Visual Studio/2022/Community/Common7/IDE/CommonExtensions/Microsoft/CMake/Ninja/mt"
      - "C:/src/vcpkg/installed/x64-windows-static/Program Files/Microsoft Visual Studio/2022/Community/Common7/IDE/VC/Linux/bin/ConnectionManagerExe/mt.com"
      - "C:/src/vcpkg/installed/x64-windows-static/Program Files/Microsoft Visual Studio/2022/Community/Common7/IDE/VC/Linux/bin/ConnectionManagerExe/mt.exe"
      - "C:/src/vcpkg/installed/x64-windows-static/Program Files/Microsoft Visual Studio/2022/Community/Common7/IDE/VC/Linux/bin/ConnectionManagerExe/mt"
      - "C:/src/vcpkg/installed/x64-windows-static/Program Files/Microsoft Visual Studio/2022/Community/VC/vcpkg/mt.com"
      - "C:/src/vcpkg/installed/x64-windows-static/Program Files/Microsoft Visual Studio/2022/Community/VC/vcpkg/mt.exe"
      - "C:/src/vcpkg/installed/x64-windows-static/Program Files/Microsoft Visual Studio/2022/Community/VC/vcpkg/mt"
      - "C:/src/vcpkg/installed/x64-windows-static/src/vcpkg/downloads/tools/ninja-1.13.2-windows/mt.com"
      - "C:/src/vcpkg/installed/x64-windows-static/src/vcpkg/downloads/tools/ninja-1.13.2-windows/mt.exe"
      - "C:/src/vcpkg/installed/x64-windows-static/src/vcpkg/downloads/tools/ninja-1.13.2-windows/mt"
      - "C:/Program Files/Microsoft Visual Studio/2022/Community/VC/Tools/MSVC/14.44.35207/bin/Hostx64/x64/mt.com"
      - "C:/Program Files/Microsoft Visual Studio/2022/Community/VC/Tools/MSVC/14.44.35207/bin/Hostx64/x64/mt.exe"
      - "C:/Program Files/Microsoft Visual Studio/2022/Community/VC/Tools/MSVC/14.44.35207/bin/Hostx64/x64/mt"
      - "C:/Program Files/Microsoft Visual Studio/2022/Community/Common7/IDE/VC/vcpackages/mt.com"
      - "C:/Program Files/Microsoft Visual Studio/2022/Community/Common7/IDE/VC/vcpackages/mt.exe"
      - "C:/Program Files/Microsoft Visual Studio/2022/Community/Common7/IDE/VC/vcpackages/mt"
      - "C:/Program Files/Microsoft Visual Studio/2022/Community/Common7/IDE/CommonExtensions/Microsoft/TestWindow/mt.com"
      - "C:/Program Files/Microsoft Visual Studio/2022/Community/Common7/IDE/CommonExtensions/Microsoft/TestWindow/mt.exe"
      - "C:/Program Files/Microsoft Visual Studio/2022/Community/Common7/IDE/CommonExtensions/Microsoft/TestWindow/mt"
      - "C:/Program Files/Microsoft Visual Studio/2022/Community/Common7/IDE/CommonExtensions/Microsoft/TeamFoundation/Team Explorer/mt.com"
      - "C:/Program Files/Microsoft Visual Studio/2022/Community/Common7/IDE/CommonExtensions/Microsoft/TeamFoundation/Team Explorer/mt.exe"
      - "C:/Program Files/Microsoft Visual Studio/2022/Community/Common7/IDE/CommonExtensions/Microsoft/TeamFoundation/Team Explorer/mt"
      - "C:/Program Files/Microsoft Visual Studio/2022/Community/MSBuild/Current/Bin/Roslyn/mt.com"
      - "C:/Program Files/Microsoft Visual Studio/2022/Community/MSBuild/Current/Bin/Roslyn/mt.exe"
      - "C:/Program Files/Microsoft Visual Studio/2022/Community/MSBuild/Current/Bin/Roslyn/mt"
      - "C:/Program Files (x86)/Microsoft SDKs/Windows/v10.0A/bin/NETFX 4.8 Tools/x64/mt.com"
      - "C:/Program Files (x86)/Microsoft SDKs/Windows/v10.0A/bin/NETFX 4.8 Tools/x64/mt.exe"
      - "C:/Program Files (x86)/Microsoft SDKs/Windows/v10.0A/bin/NETFX 4.8 Tools/x64/mt"
      - "C:/Program Files/Microsoft Visual Studio/2022/Community/Common7/IDE/CommonExtensions/Microsoft/FSharp/Tools/mt.com"
      - "C:/Program Files/Microsoft Visual Studio/2022/Community/Common7/IDE/CommonExtensions/Microsoft/FSharp/Tools/mt.exe"
      - "C:/Program Files/Microsoft Visual Studio/2022/Community/Common7/IDE/CommonExtensions/Microsoft/FSharp/Tools/mt"
      - "C:/Program Files/Microsoft Visual Studio/2022/Community/Team Tools/DiagnosticsHub/Collector/mt.com"
      - "C:/Program Files/Microsoft Visual Studio/2022/Community/Team Tools/DiagnosticsHub/Collector/mt.exe"
      - "C:/Program Files/Microsoft Visual Studio/2022/Community/Team Tools/DiagnosticsHub/Collector/mt"
      - "C:/Program Files (x86)/Windows Kits/10/bin/10.0.26100.0/x64/mt.com"
    found: "C:/Program Files (x86)/Windows Kits/10/bin/10.0.26100.0/x64/mt.exe"
    search_context:
      CMAKE_PROGRAM_PATH:
        - "C:/src/vcpkg/installed/x64-windows-static/tools"
      CMAKE_PREFIX_PATH:
        - "C:/src/vcpkg/installed/x64-windows-static/debug"
        - "C:/src/vcpkg/installed/x64-windows-static"
      ENV{PATH}:
        - "C:\\Program Files\\Microsoft Visual Studio\\2022\\Community\\VC\\Tools\\MSVC\\14.44.35207\\bin\\HostX64\\x64"
        - "C:\\Program Files\\Microsoft Visual Studio\\2022\\Community\\Common7\\IDE\\VC\\VCPackages"
        - "C:\\Program Files\\Microsoft Visual Studio\\2022\\Community\\Common7\\IDE\\CommonExtensions\\Microsoft\\TestWindow"
        - "C:\\Program Files\\Microsoft Visual Studio\\2022\\Community\\Common7\\IDE\\CommonExtensions\\Microsoft\\TeamFoundation\\Team Explorer"
        - "C:\\Program Files\\Microsoft Visual Studio\\2022\\Community\\MSBuild\\Current\\bin\\Roslyn"
        - "C:\\Program Files (x86)\\Microsoft SDKs\\Windows\\v10.0A\\bin\\NETFX 4.8 Tools\\x64\\"
        - "C:\\Program Files\\Microsoft Visual Studio\\2022\\Community\\Common7\\IDE\\CommonExtensions\\Microsoft\\FSharp\\Tools"
        - "C:\\Program Files\\Microsoft Visual Studio\\2022\\Community\\Team Tools\\DiagnosticsHub\\Collector"
        - "C:\\Program Files (x86)\\Windows Kits\\10\\bin\\10.0.26100.0\\x64"
        - "C:\\Program Files (x86)\\Windows Kits\\10\\bin\\x64"
        - "C:\\Program Files\\Microsoft Visual Studio\\2022\\Community\\MSBuild\\Current\\Bin\\amd64"
        - "C:\\Windows\\Microsoft.NET\\Framework64\\v4.0.30319"
        - "C:\\Program Files\\Microsoft Visual Studio\\2022\\Community\\Common7\\IDE\\"
        - "C:\\Program Files\\Microsoft Visual Studio\\2022\\Community\\Common7\\Tools\\"
        - "C:\\src\\vcpkg\\downloads\\tools\\powershell-core-7.6.4-windows"
        - "C:\\WINDOWS\\system32"
        - "C:\\WINDOWS"
        - "C:\\WINDOWS\\system32\\Wbem"
        - "C:\\WINDOWS\\system32\\WindowsPowerShell\\v1.0\\"
        - "C:\\WINDOWS\\system32\\OpenSSH\\"
        - "C:\\Program Files\\Microsoft Visual Studio\\2022\\Community\\Common7\\IDE\\CommonExtensions\\Microsoft\\CMake\\CMake\\bin"
        - "C:\\Program Files\\Microsoft Visual Studio\\2022\\Community\\Common7\\IDE\\CommonExtensions\\Microsoft\\CMake\\Ninja"
        - "C:\\Program Files\\Microsoft Visual Studio\\2022\\Community\\Common7\\IDE\\VC\\Linux\\bin\\ConnectionManagerExe"
        - "C:\\Program Files\\Microsoft Visual Studio\\2022\\Community\\VC\\vcpkg"
        - "C:\\src\\vcpkg\\downloads\\tools\\ninja-1.13.2-windows"
      CMAKE_INSTALL_PREFIX: "C:/src/vcpkg/packages/jsoncpp_x64-windows-static/debug"
      CMAKE_FIND_ROOT_PATH: "C:/src/vcpkg/installed/x64-windows-static/debug;C:/src/vcpkg/installed/x64-windows-static"
  -
    kind: "find-v1"
    backtrace:
      - "C:/Program Files/CMake/share/cmake-4.4/Modules/CMakeFindBinUtils.cmake:247 (find_program)"
      - "C:/Program Files/CMake/share/cmake-4.4/Modules/CMakeDetermineCXXCompiler.cmake:206 (include)"
      - "CMakeLists.txt:57 (project)"
    mode: "program"
    variable: "CMAKE_AR"
    description: "Path to a program."
    settings:
      SearchFramework: "LAST"
      SearchAppBundle: "LAST"
      CMAKE_FIND_USE_CMAKE_PATH: false
      CMAKE_FIND_USE_CMAKE_ENVIRONMENT_PATH: false
      CMAKE_FIND_USE_SYSTEM_ENVIRONMENT_PATH: true
      CMAKE_FIND_USE_CMAKE_SYSTEM_PATH: true
      CMAKE_FIND_USE_INSTALL_PREFIX: true
    names:
      - "lib"
    candidate_directories:
      - "C:/src/vcpkg/installed/x64-windows-static/debug/Program Files/Microsoft Visual Studio/2022/Community/VC/Tools/MSVC/14.44.35207/bin/Hostx64/x64/"
      - "C:/src/vcpkg/installed/x64-windows-static/debug/Program Files/Microsoft Visual Studio/2022/Community/Common7/IDE/VC/vcpackages/"
      - "C:/src/vcpkg/installed/x64-windows-static/debug/Program Files/Microsoft Visual Studio/2022/Community/Common7/IDE/CommonExtensions/Microsoft/TestWindow/"
      - "C:/src/vcpkg/installed/x64-windows-static/debug/Program Files/Microsoft Visual Studio/2022/Community/Common7/IDE/CommonExtensions/Microsoft/TeamFoundation/Team Explorer/"
      - "C:/src/vcpkg/installed/x64-windows-static/debug/Program Files/Microsoft Visual Studio/2022/Community/MSBuild/Current/Bin/Roslyn/"
      - "C:/src/vcpkg/installed/x64-windows-static/debug/Program Files (x86)/Microsoft SDKs/Windows/v10.0A/bin/NETFX 4.8 Tools/x64/"
      - "C:/src/vcpkg/installed/x64-windows-static/debug/Program Files/Microsoft Visual Studio/2022/Community/Common7/IDE/CommonExtensions/Microsoft/FSharp/Tools/"
      - "C:/src/vcpkg/installed/x64-windows-static/debug/Program Files/Microsoft Visual Studio/2022/Community/Team Tools/DiagnosticsHub/Collector/"
      - "C:/src/vcpkg/installed/x64-windows-static/debug/Program Files (x86)/Windows Kits/10/bin/10.0.26100.0/x64/"
      - "C:/src/vcpkg/installed/x64-windows-static/debug/Program Files (x86)/Windows Kits/10/bin/x64/"
      - "C:/src/vcpkg/installed/x64-windows-static/debug/Program Files/Microsoft Visual Studio/2022/Community/MSBuild/Current/Bin/amd64/"
      - "C:/src/vcpkg/installed/x64-windows-static/debug/Windows/Microsoft.NET/Framework64/v4.0.30319/"
      - "C:/src/vcpkg/installed/x64-windows-static/debug/Program Files/Microsoft Visual Studio/2022/Community/Common7/IDE/"
      - "C:/src/vcpkg/installed/x64-windows-static/debug/Program Files/Microsoft Visual Studio/2022/Community/Common7/Tools/"
      - "C:/src/vcpkg/installed/x64-windows-static/debug/src/vcpkg/downloads/tools/powershell-core-7.6.4-windows/"
      - "C:/src/vcpkg/installed/x64-windows-static/debug/Windows/System32/"
      - "C:/src/vcpkg/installed/x64-windows-static/debug/Windows/"
      - "C:/src/vcpkg/installed/x64-windows-static/debug/Windows/System32/wbem/"
      - "C:/src/vcpkg/installed/x64-windows-static/debug/Windows/System32/WindowsPowerShell/v1.0/"
      - "C:/src/vcpkg/installed/x64-windows-static/debug/Windows/System32/OpenSSH/"
      - "C:/src/vcpkg/installed/x64-windows-static/debug/Program Files/Microsoft Visual Studio/2022/Community/Common7/IDE/CommonExtensions/Microsoft/CMake/CMake/bin/"
      - "C:/src/vcpkg/installed/x64-windows-static/debug/Program Files/Microsoft Visual Studio/2022/Community/Common7/IDE/CommonExtensions/Microsoft/CMake/Ninja/"
      - "C:/src/vcpkg/installed/x64-windows-static/debug/Program Files/Microsoft Visual Studio/2022/Community/Common7/IDE/VC/Linux/bin/ConnectionManagerExe/"
      - "C:/src/vcpkg/installed/x64-windows-static/debug/Program Files/Microsoft Visual Studio/2022/Community/VC/vcpkg/"
      - "C:/src/vcpkg/installed/x64-windows-static/debug/src/vcpkg/downloads/tools/ninja-1.13.2-windows/"
      - "C:/src/vcpkg/installed/x64-windows-static/Program Files/Microsoft Visual Studio/2022/Community/VC/Tools/MSVC/14.44.35207/bin/Hostx64/x64/"
      - "C:/src/vcpkg/installed/x64-windows-static/Program Files/Microsoft Visual Studio/2022/Community/Common7/IDE/VC/vcpackages/"
      - "C:/src/vcpkg/installed/x64-windows-static/Program Files/Microsoft Visual Studio/2022/Community/Common7/IDE/CommonExtensions/Microsoft/TestWindow/"
      - "C:/src/vcpkg/installed/x64-windows-static/Program Files/Microsoft Visual Studio/2022/Community/Common7/IDE/CommonExtensions/Microsoft/TeamFoundation/Team Explorer/"
      - "C:/src/vcpkg/installed/x64-windows-static/Program Files/Microsoft Visual Studio/2022/Community/MSBuild/Current/Bin/Roslyn/"
      - "C:/src/vcpkg/installed/x64-windows-static/Program Files (x86)/Microsoft SDKs/Windows/v10.0A/bin/NETFX 4.8 Tools/x64/"
      - "C:/src/vcpkg/installed/x64-windows-static/Program Files/Microsoft Visual Studio/2022/Community/Common7/IDE/CommonExtensions/Microsoft/FSharp/Tools/"
      - "C:/src/vcpkg/installed/x64-windows-static/Program Files/Microsoft Visual Studio/2022/Community/Team Tools/DiagnosticsHub/Collector/"
      - "C:/src/vcpkg/installed/x64-windows-static/Program Files (x86)/Windows Kits/10/bin/10.0.26100.0/x64/"
      - "C:/src/vcpkg/installed/x64-windows-static/Program Files (x86)/Windows Kits/10/bin/x64/"
      - "C:/src/vcpkg/installed/x64-windows-static/Program Files/Microsoft Visual Studio/2022/Community/MSBuild/Current/Bin/amd64/"
      - "C:/src/vcpkg/installed/x64-windows-static/Windows/Microsoft.NET/Framework64/v4.0.30319/"
      - "C:/src/vcpkg/installed/x64-windows-static/Program Files/Microsoft Visual Studio/2022/Community/Common7/IDE/"
      - "C:/src/vcpkg/installed/x64-windows-static/Program Files/Microsoft Visual Studio/2022/Community/Common7/Tools/"
      - "C:/src/vcpkg/installed/x64-windows-static/src/vcpkg/downloads/tools/powershell-core-7.6.4-windows/"
      - "C:/src/vcpkg/installed/x64-windows-static/Windows/System32/"
      - "C:/src/vcpkg/installed/x64-windows-static/Windows/"
      - "C:/src/vcpkg/installed/x64-windows-static/Windows/System32/wbem/"
      - "C:/src/vcpkg/installed/x64-windows-static/Windows/System32/WindowsPowerShell/v1.0/"
      - "C:/src/vcpkg/installed/x64-windows-static/Windows/System32/OpenSSH/"
      - "C:/src/vcpkg/installed/x64-windows-static/Program Files/Microsoft Visual Studio/2022/Community/Common7/IDE/CommonExtensions/Microsoft/CMake/CMake/bin/"
      - "C:/src/vcpkg/installed/x64-windows-static/Program Files/Microsoft Visual Studio/2022/Community/Common7/IDE/CommonExtensions/Microsoft/CMake/Ninja/"
      - "C:/src/vcpkg/installed/x64-windows-static/Program Files/Microsoft Visual Studio/2022/Community/Common7/IDE/VC/Linux/bin/ConnectionManagerExe/"
      - "C:/src/vcpkg/installed/x64-windows-static/Program Files/Microsoft Visual Studio/2022/Community/VC/vcpkg/"
      - "C:/src/vcpkg/installed/x64-windows-static/src/vcpkg/downloads/tools/ninja-1.13.2-windows/"
      - "C:/Program Files/Microsoft Visual Studio/2022/Community/VC/Tools/MSVC/14.44.35207/bin/Hostx64/x64/"
      - "C:/Program Files/Microsoft Visual Studio/2022/Community/Common7/IDE/VC/vcpackages/"
      - "C:/Program Files/Microsoft Visual Studio/2022/Community/Common7/IDE/CommonExtensions/Microsoft/TestWindow/"
      - "C:/Program Files/Microsoft Visual Studio/2022/Community/Common7/IDE/CommonExtensions/Microsoft/TeamFoundation/Team Explorer/"
      - "C:/Program Files/Microsoft Visual Studio/2022/Community/MSBuild/Current/Bin/Roslyn/"
      - "C:/Program Files (x86)/Microsoft SDKs/Windows/v10.0A/bin/NETFX 4.8 Tools/x64/"
      - "C:/Program Files/Microsoft Visual Studio/2022/Community/Common7/IDE/CommonExtensions/Microsoft/FSharp/Tools/"
      - "C:/Program Files/Microsoft Visual Studio/2022/Community/Team Tools/DiagnosticsHub/Collector/"
      - "C:/Program Files (x86)/Windows Kits/10/bin/10.0.26100.0/x64/"
      - "C:/Program Files (x86)/Windows Kits/10/bin/x64/"
      - "C:/Program Files/Microsoft Visual Studio/2022/Community/MSBuild/Current/Bin/amd64/"
      - "C:/Windows/Microsoft.NET/Framework64/v4.0.30319/"
      - "C:/Program Files/Microsoft Visual Studio/2022/Community/Common7/IDE/"
      - "C:/Program Files/Microsoft Visual Studio/2022/Community/Common7/Tools/"
      - "C:/src/vcpkg/downloads/tools/powershell-core-7.6.4-windows/"
      - "C:/Windows/System32/"
      - "C:/Windows/"
      - "C:/Windows/System32/wbem/"
      - "C:/Windows/System32/WindowsPowerShell/v1.0/"
      - "C:/Windows/System32/OpenSSH/"
      - "C:/Program Files/Microsoft Visual Studio/2022/Community/Common7/IDE/CommonExtensions/Microsoft/CMake/CMake/bin/"
      - "C:/Program Files/Microsoft Visual Studio/2022/Community/Common7/IDE/CommonExtensions/Microsoft/CMake/Ninja/"
      - "C:/Program Files/Microsoft Visual Studio/2022/Community/Common7/IDE/VC/Linux/bin/ConnectionManagerExe/"
      - "C:/Program Files/Microsoft Visual Studio/2022/Community/VC/vcpkg/"
      - "C:/src/vcpkg/downloads/tools/ninja-1.13.2-windows/"
    searched_directories:
      - "C:/src/vcpkg/installed/x64-windows-static/debug/Program Files/Microsoft Visual Studio/2022/Community/VC/Tools/MSVC/14.44.35207/bin/Hostx64/x64/lib.com"
      - "C:/src/vcpkg/installed/x64-windows-static/debug/Program Files/Microsoft Visual Studio/2022/Community/VC/Tools/MSVC/14.44.35207/bin/Hostx64/x64/lib.exe"
      - "C:/src/vcpkg/installed/x64-windows-static/debug/Program Files/Microsoft Visual Studio/2022/Community/VC/Tools/MSVC/14.44.35207/bin/Hostx64/x64/lib"
      - "C:/src/vcpkg/installed/x64-windows-static/debug/Program Files/Microsoft Visual Studio/2022/Community/Common7/IDE/VC/vcpackages/lib.com"
      - "C:/src/vcpkg/installed/x64-windows-static/debug/Program Files/Microsoft Visual Studio/2022/Community/Common7/IDE/VC/vcpackages/lib.exe"
      - "C:/src/vcpkg/installed/x64-windows-static/debug/Program Files/Microsoft Visual Studio/2022/Community/Common7/IDE/VC/vcpackages/lib"
      - "C:/src/vcpkg/installed/x64-windows-static/debug/Program Files/Microsoft Visual Studio/2022/Community/Common7/IDE/CommonExtensions/Microsoft/TestWindow/lib.com"
      - "C:/src/vcpkg/installed/x64-windows-static/debug/Program Files/Microsoft Visual Studio/2022/Community/Common7/IDE/CommonExtensions/Microsoft/TestWindow/lib.exe"
      - "C:/src/vcpkg/installed/x64-windows-static/debug/Program Files/Microsoft Visual Studio/2022/Community/Common7/IDE/CommonExtensions/Microsoft/TestWindow/lib"
      - "C:/src/vcpkg/installed/x64-windows-static/debug/Program Files/Microsoft Visual Studio/2022/Community/Common7/IDE/CommonExtensions/Microsoft/TeamFoundation/Team Explorer/lib.com"
      - "C:/src/vcpkg/installed/x64-windows-static/debug/Program Files/Microsoft Visual Studio/2022/Community/Common7/IDE/CommonExtensions/Microsoft/TeamFoundation/Team Explorer/lib.exe"
      - "C:/src/vcpkg/installed/x64-windows-static/debug/Program Files/Microsoft Visual Studio/2022/Community/Common7/IDE/CommonExtensions/Microsoft/TeamFoundation/Team Explorer/lib"
      - "C:/src/vcpkg/installed/x64-windows-static/debug/Program Files/Microsoft Visual Studio/2022/Community/MSBuild/Current/Bin/Roslyn/lib.com"
      - "C:/src/vcpkg/installed/x64-windows-static/debug/Program Files/Microsoft Visual Studio/2022/Community/MSBuild/Current/Bin/Roslyn/lib.exe"
      - "C:/src/vcpkg/installed/x64-windows-static/debug/Program Files/Microsoft Visual Studio/2022/Community/MSBuild/Current/Bin/Roslyn/lib"
      - "C:/src/vcpkg/installed/x64-windows-static/debug/Program Files (x86)/Microsoft SDKs/Windows/v10.0A/bin/NETFX 4.8 Tools/x64/lib.com"
      - "C:/src/vcpkg/installed/x64-windows-static/debug/Program Files (x86)/Microsoft SDKs/Windows/v10.0A/bin/NETFX 4.8 Tools/x64/lib.exe"
      - "C:/src/vcpkg/installed/x64-windows-static/debug/Program Files (x86)/Microsoft SDKs/Windows/v10.0A/bin/NETFX 4.8 Tools/x64/lib"
      - "C:/src/vcpkg/installed/x64-windows-static/debug/Program Files/Microsoft Visual Studio/2022/Community/Common7/IDE/CommonExtensions/Microsoft/FSharp/Tools/lib.com"
      - "C:/src/vcpkg/installed/x64-windows-static/debug/Program Files/Microsoft Visual Studio/2022/Community/Common7/IDE/CommonExtensions/Microsoft/FSharp/Tools/lib.exe"
      - "C:/src/vcpkg/installed/x64-windows-static/debug/Program Files/Microsoft Visual Studio/2022/Community/Common7/IDE/CommonExtensions/Microsoft/FSharp/Tools/lib"
      - "C:/src/vcpkg/installed/x64-windows-static/debug/Program Files/Microsoft Visual Studio/2022/Community/Team Tools/DiagnosticsHub/Collector/lib.com"
      - "C:/src/vcpkg/installed/x64-windows-static/debug/Program Files/Microsoft Visual Studio/2022/Community/Team Tools/DiagnosticsHub/Collector/lib.exe"
      - "C:/src/vcpkg/installed/x64-windows-static/debug/Program Files/Microsoft Visual Studio/2022/Community/Team Tools/DiagnosticsHub/Collector/lib"
      - "C:/src/vcpkg/installed/x64-windows-static/debug/Program Files (x86)/Windows Kits/10/bin/10.0.26100.0/x64/lib.com"
      - "C:/src/vcpkg/installed/x64-windows-static/debug/Program Files (x86)/Windows Kits/10/bin/10.0.26100.0/x64/lib.exe"
      - "C:/src/vcpkg/installed/x64-windows-static/debug/Program Files (x86)/Windows Kits/10/bin/10.0.26100.0/x64/lib"
      - "C:/src/vcpkg/installed/x64-windows-static/debug/Program Files (x86)/Windows Kits/10/bin/x64/lib.com"
      - "C:/src/vcpkg/installed/x64-windows-static/debug/Program Files (x86)/Windows Kits/10/bin/x64/lib.exe"
      - "C:/src/vcpkg/installed/x64-windows-static/debug/Program Files (x86)/Windows Kits/10/bin/x64/lib"
      - "C:/src/vcpkg/installed/x64-windows-static/debug/Program Files/Microsoft Visual Studio/2022/Community/MSBuild/Current/Bin/amd64/lib.com"
      - "C:/src/vcpkg/installed/x64-windows-static/debug/Program Files/Microsoft Visual Studio/2022/Community/MSBuild/Current/Bin/amd64/lib.exe"
      - "C:/src/vcpkg/installed/x64-windows-static/debug/Program Files/Microsoft Visual Studio/2022/Community/MSBuild/Current/Bin/amd64/lib"
      - "C:/src/vcpkg/installed/x64-windows-static/debug/Windows/Microsoft.NET/Framework64/v4.0.30319/lib.com"
      - "C:/src/vcpkg/installed/x64-windows-static/debug/Windows/Microsoft.NET/Framework64/v4.0.30319/lib.exe"
      - "C:/src/vcpkg/installed/x64-windows-static/debug/Windows/Microsoft.NET/Framework64/v4.0.30319/lib"
      - "C:/src/vcpkg/installed/x64-windows-static/debug/Program Files/Microsoft Visual Studio/2022/Community/Common7/IDE/lib.com"
      - "C:/src/vcpkg/installed/x64-windows-static/debug/Program Files/Microsoft Visual Studio/2022/Community/Common7/IDE/lib.exe"
      - "C:/src/vcpkg/installed/x64-windows-static/debug/Program Files/Microsoft Visual Studio/2022/Community/Common7/IDE/lib"
      - "C:/src/vcpkg/installed/x64-windows-static/debug/Program Files/Microsoft Visual Studio/2022/Community/Common7/Tools/lib.com"
      - "C:/src/vcpkg/installed/x64-windows-static/debug/Program Files/Microsoft Visual Studio/2022/Community/Common7/Tools/lib.exe"
      - "C:/src/vcpkg/installed/x64-windows-static/debug/Program Files/Microsoft Visual Studio/2022/Community/Common7/Tools/lib"
      - "C:/src/vcpkg/installed/x64-windows-static/debug/src/vcpkg/downloads/tools/powershell-core-7.6.4-windows/lib.com"
      - "C:/src/vcpkg/installed/x64-windows-static/debug/src/vcpkg/downloads/tools/powershell-core-7.6.4-windows/lib.exe"
      - "C:/src/vcpkg/installed/x64-windows-static/debug/src/vcpkg/downloads/tools/powershell-core-7.6.4-windows/lib"
      - "C:/src/vcpkg/installed/x64-windows-static/debug/Windows/System32/lib.com"
      - "C:/src/vcpkg/installed/x64-windows-static/debug/Windows/System32/lib.exe"
      - "C:/src/vcpkg/installed/x64-windows-static/debug/Windows/System32/lib"
      - "C:/src/vcpkg/installed/x64-windows-static/debug/Windows/lib.com"
      - "C:/src/vcpkg/installed/x64-windows-static/debug/Windows/lib.exe"
      - "C:/src/vcpkg/installed/x64-windows-static/debug/Windows/lib"
      - "C:/src/vcpkg/installed/x64-windows-static/debug/Windows/System32/wbem/lib.com"
      - "C:/src/vcpkg/installed/x64-windows-static/debug/Windows/System32/wbem/lib.exe"
      - "C:/src/vcpkg/installed/x64-windows-static/debug/Windows/System32/wbem/lib"
      - "C:/src/vcpkg/installed/x64-windows-static/debug/Windows/System32/WindowsPowerShell/v1.0/lib.com"
      - "C:/src/vcpkg/installed/x64-windows-static/debug/Windows/System32/WindowsPowerShell/v1.0/lib.exe"
      - "C:/src/vcpkg/installed/x64-windows-static/debug/Windows/System32/WindowsPowerShell/v1.0/lib"
      - "C:/src/vcpkg/installed/x64-windows-static/debug/Windows/System32/OpenSSH/lib.com"
      - "C:/src/vcpkg/installed/x64-windows-static/debug/Windows/System32/OpenSSH/lib.exe"
      - "C:/src/vcpkg/installed/x64-windows-static/debug/Windows/System32/OpenSSH/lib"
      - "C:/src/vcpkg/installed/x64-windows-static/debug/Program Files/Microsoft Visual Studio/2022/Community/Common7/IDE/CommonExtensions/Microsoft/CMake/CMake/bin/lib.com"
      - "C:/src/vcpkg/installed/x64-windows-static/debug/Program Files/Microsoft Visual Studio/2022/Community/Common7/IDE/CommonExtensions/Microsoft/CMake/CMake/bin/lib.exe"
      - "C:/src/vcpkg/installed/x64-windows-static/debug/Program Files/Microsoft Visual Studio/2022/Community/Common7/IDE/CommonExtensions/Microsoft/CMake/CMake/bin/lib"
      - "C:/src/vcpkg/installed/x64-windows-static/debug/Program Files/Microsoft Visual Studio/2022/Community/Common7/IDE/CommonExtensions/Microsoft/CMake/Ninja/lib.com"
      - "C:/src/vcpkg/installed/x64-windows-static/debug/Program Files/Microsoft Visual Studio/2022/Community/Common7/IDE/CommonExtensions/Microsoft/CMake/Ninja/lib.exe"
      - "C:/src/vcpkg/installed/x64-windows-static/debug/Program Files/Microsoft Visual Studio/2022/Community/Common7/IDE/CommonExtensions/Microsoft/CMake/Ninja/lib"
      - "C:/src/vcpkg/installed/x64-windows-static/debug/Program Files/Microsoft Visual Studio/2022/Community/Common7/IDE/VC/Linux/bin/ConnectionManagerExe/lib.com"
      - "C:/src/vcpkg/installed/x64-windows-static/debug/Program Files/Microsoft Visual Studio/2022/Community/Common7/IDE/VC/Linux/bin/ConnectionManagerExe/lib.exe"
      - "C:/src/vcpkg/installed/x64-windows-static/debug/Program Files/Microsoft Visual Studio/2022/Community/Common7/IDE/VC/Linux/bin/ConnectionManagerExe/lib"
      - "C:/src/vcpkg/installed/x64-windows-static/debug/Program Files/Microsoft Visual Studio/2022/Community/VC/vcpkg/lib.com"
      - "C:/src/vcpkg/installed/x64-windows-static/debug/Program Files/Microsoft Visual Studio/2022/Community/VC/vcpkg/lib.exe"
      - "C:/src/vcpkg/installed/x64-windows-static/debug/Program Files/Microsoft Visual Studio/2022/Community/VC/vcpkg/lib"
      - "C:/src/vcpkg/installed/x64-windows-static/debug/src/vcpkg/downloads/tools/ninja-1.13.2-windows/lib.com"
      - "C:/src/vcpkg/installed/x64-windows-static/debug/src/vcpkg/downloads/tools/ninja-1.13.2-windows/lib.exe"
      - "C:/src/vcpkg/installed/x64-windows-static/debug/src/vcpkg/downloads/tools/ninja-1.13.2-windows/lib"
      - "C:/src/vcpkg/installed/x64-windows-static/Program Files/Microsoft Visual Studio/2022/Community/VC/Tools/MSVC/14.44.35207/bin/Hostx64/x64/lib.com"
      - "C:/src/vcpkg/installed/x64-windows-static/Program Files/Microsoft Visual Studio/2022/Community/VC/Tools/MSVC/14.44.35207/bin/Hostx64/x64/lib.exe"
      - "C:/src/vcpkg/installed/x64-windows-static/Program Files/Microsoft Visual Studio/2022/Community/VC/Tools/MSVC/14.44.35207/bin/Hostx64/x64/lib"
      - "C:/src/vcpkg/installed/x64-windows-static/Program Files/Microsoft Visual Studio/2022/Community/Common7/IDE/VC/vcpackages/lib.com"
      - "C:/src/vcpkg/installed/x64-windows-static/Program Files/Microsoft Visual Studio/2022/Community/Common7/IDE/VC/vcpackages/lib.exe"
      - "C:/src/vcpkg/installed/x64-windows-static/Program Files/Microsoft Visual Studio/2022/Community/Common7/IDE/VC/vcpackages/lib"
      - "C:/src/vcpkg/installed/x64-windows-static/Program Files/Microsoft Visual Studio/2022/Community/Common7/IDE/CommonExtensions/Microsoft/TestWindow/lib.com"
      - "C:/src/vcpkg/installed/x64-windows-static/Program Files/Microsoft Visual Studio/2022/Community/Common7/IDE/CommonExtensions/Microsoft/TestWindow/lib.exe"
      - "C:/src/vcpkg/installed/x64-windows-static/Program Files/Microsoft Visual Studio/2022/Community/Common7/IDE/CommonExtensions/Microsoft/TestWindow/lib"
      - "C:/src/vcpkg/installed/x64-windows-static/Program Files/Microsoft Visual Studio/2022/Community/Common7/IDE/CommonExtensions/Microsoft/TeamFoundation/Team Explorer/lib.com"
      - "C:/src/vcpkg/installed/x64-windows-static/Program Files/Microsoft Visual Studio/2022/Community/Common7/IDE/CommonExtensions/Microsoft/TeamFoundation/Team Explorer/lib.exe"
      - "C:/src/vcpkg/installed/x64-windows-static/Program Files/Microsoft Visual Studio/2022/Community/Common7/IDE/CommonExtensions/Microsoft/TeamFoundation/Team Explorer/lib"
      - "C:/src/vcpkg/installed/x64-windows-static/Program Files/Microsoft Visual Studio/2022/Community/MSBuild/Current/Bin/Roslyn/lib.com"
      - "C:/src/vcpkg/installed/x64-windows-static/Program Files/Microsoft Visual Studio/2022/Community/MSBuild/Current/Bin/Roslyn/lib.exe"
      - "C:/src/vcpkg/installed/x64-windows-static/Program Files/Microsoft Visual Studio/2022/Community/MSBuild/Current/Bin/Roslyn/lib"
      - "C:/src/vcpkg/installed/x64-windows-static/Program Files (x86)/Microsoft SDKs/Windows/v10.0A/bin/NETFX 4.8 Tools/x64/lib.com"
      - "C:/src/vcpkg/installed/x64-windows-static/Program Files (x86)/Microsoft SDKs/Windows/v10.0A/bin/NETFX 4.8 Tools/x64/lib.exe"
      - "C:/src/vcpkg/installed/x64-windows-static/Program Files (x86)/Microsoft SDKs/Windows/v10.0A/bin/NETFX 4.8 Tools/x64/lib"
      - "C:/src/vcpkg/installed/x64-windows-static/Program Files/Microsoft Visual Studio/2022/Community/Common7/IDE/CommonExtensions/Microsoft/FSharp/Tools/lib.com"
      - "C:/src/vcpkg/installed/x64-windows-static/Program Files/Microsoft Visual Studio/2022/Community/Common7/IDE/CommonExtensions/Microsoft/FSharp/Tools/lib.exe"
      - "C:/src/vcpkg/installed/x64-windows-static/Program Files/Microsoft Visual Studio/2022/Community/Common7/IDE/CommonExtensions/Microsoft/FSharp/Tools/lib"
      - "C:/src/vcpkg/installed/x64-windows-static/Program Files/Microsoft Visual Studio/2022/Community/Team Tools/DiagnosticsHub/Collector/lib.com"
      - "C:/src/vcpkg/installed/x64-windows-static/Program Files/Microsoft Visual Studio/2022/Community/Team Tools/DiagnosticsHub/Collector/lib.exe"
      - "C:/src/vcpkg/installed/x64-windows-static/Program Files/Microsoft Visual Studio/2022/Community/Team Tools/DiagnosticsHub/Collector/lib"
      - "C:/src/vcpkg/installed/x64-windows-static/Program Files (x86)/Windows Kits/10/bin/10.0.26100.0/x64/lib.com"
      - "C:/src/vcpkg/installed/x64-windows-static/Program Files (x86)/Windows Kits/10/bin/10.0.26100.0/x64/lib.exe"
      - "C:/src/vcpkg/installed/x64-windows-static/Program Files (x86)/Windows Kits/10/bin/10.0.26100.0/x64/lib"
      - "C:/src/vcpkg/installed/x64-windows-static/Program Files (x86)/Windows Kits/10/bin/x64/lib.com"
      - "C:/src/vcpkg/installed/x64-windows-static/Program Files (x86)/Windows Kits/10/bin/x64/lib.exe"
      - "C:/src/vcpkg/installed/x64-windows-static/Program Files (x86)/Windows Kits/10/bin/x64/lib"
      - "C:/src/vcpkg/installed/x64-windows-static/Program Files/Microsoft Visual Studio/2022/Community/MSBuild/Current/Bin/amd64/lib.com"
      - "C:/src/vcpkg/installed/x64-windows-static/Program Files/Microsoft Visual Studio/2022/Community/MSBuild/Current/Bin/amd64/lib.exe"
      - "C:/src/vcpkg/installed/x64-windows-static/Program Files/Microsoft Visual Studio/2022/Community/MSBuild/Current/Bin/amd64/lib"
      - "C:/src/vcpkg/installed/x64-windows-static/Windows/Microsoft.NET/Framework64/v4.0.30319/lib.com"
      - "C:/src/vcpkg/installed/x64-windows-static/Windows/Microsoft.NET/Framework64/v4.0.30319/lib.exe"
      - "C:/src/vcpkg/installed/x64-windows-static/Windows/Microsoft.NET/Framework64/v4.0.30319/lib"
      - "C:/src/vcpkg/installed/x64-windows-static/Program Files/Microsoft Visual Studio/2022/Community/Common7/IDE/lib.com"
      - "C:/src/vcpkg/installed/x64-windows-static/Program Files/Microsoft Visual Studio/2022/Community/Common7/IDE/lib.exe"
      - "C:/src/vcpkg/installed/x64-windows-static/Program Files/Microsoft Visual Studio/2022/Community/Common7/IDE/lib"
      - "C:/src/vcpkg/installed/x64-windows-static/Program Files/Microsoft Visual Studio/2022/Community/Common7/Tools/lib.com"
      - "C:/src/vcpkg/installed/x64-windows-static/Program Files/Microsoft Visual Studio/2022/Community/Common7/Tools/lib.exe"
      - "C:/src/vcpkg/installed/x64-windows-static/Program Files/Microsoft Visual Studio/2022/Community/Common7/Tools/lib"
      - "C:/src/vcpkg/installed/x64-windows-static/src/vcpkg/downloads/tools/powershell-core-7.6.4-windows/lib.com"
      - "C:/src/vcpkg/installed/x64-windows-static/src/vcpkg/downloads/tools/powershell-core-7.6.4-windows/lib.exe"
      - "C:/src/vcpkg/installed/x64-windows-static/src/vcpkg/downloads/tools/powershell-core-7.6.4-windows/lib"
      - "C:/src/vcpkg/installed/x64-windows-static/Windows/System32/lib.com"
      - "C:/src/vcpkg/installed/x64-windows-static/Windows/System32/lib.exe"
      - "C:/src/vcpkg/installed/x64-windows-static/Windows/System32/lib"
      - "C:/src/vcpkg/installed/x64-windows-static/Windows/lib.com"
      - "C:/src/vcpkg/installed/x64-windows-static/Windows/lib.exe"
      - "C:/src/vcpkg/installed/x64-windows-static/Windows/lib"
      - "C:/src/vcpkg/installed/x64-windows-static/Windows/System32/wbem/lib.com"
      - "C:/src/vcpkg/installed/x64-windows-static/Windows/System32/wbem/lib.exe"
      - "C:/src/vcpkg/installed/x64-windows-static/Windows/System32/wbem/lib"
      - "C:/src/vcpkg/installed/x64-windows-static/Windows/System32/WindowsPowerShell/v1.0/lib.com"
      - "C:/src/vcpkg/installed/x64-windows-static/Windows/System32/WindowsPowerShell/v1.0/lib.exe"
      - "C:/src/vcpkg/installed/x64-windows-static/Windows/System32/WindowsPowerShell/v1.0/lib"
      - "C:/src/vcpkg/installed/x64-windows-static/Windows/System32/OpenSSH/lib.com"
      - "C:/src/vcpkg/installed/x64-windows-static/Windows/System32/OpenSSH/lib.exe"
      - "C:/src/vcpkg/installed/x64-windows-static/Windows/System32/OpenSSH/lib"
      - "C:/src/vcpkg/installed/x64-windows-static/Program Files/Microsoft Visual Studio/2022/Community/Common7/IDE/CommonExtensions/Microsoft/CMake/CMake/bin/lib.com"
      - "C:/src/vcpkg/installed/x64-windows-static/Program Files/Microsoft Visual Studio/2022/Community/Common7/IDE/CommonExtensions/Microsoft/CMake/CMake/bin/lib.exe"
      - "C:/src/vcpkg/installed/x64-windows-static/Program Files/Microsoft Visual Studio/2022/Community/Common7/IDE/CommonExtensions/Microsoft/CMake/CMake/bin/lib"
      - "C:/src/vcpkg/installed/x64-windows-static/Program Files/Microsoft Visual Studio/2022/Community/Common7/IDE/CommonExtensions/Microsoft/CMake/Ninja/lib.com"
      - "C:/src/vcpkg/installed/x64-windows-static/Program Files/Microsoft Visual Studio/2022/Community/Common7/IDE/CommonExtensions/Microsoft/CMake/Ninja/lib.exe"
      - "C:/src/vcpkg/installed/x64-windows-static/Program Files/Microsoft Visual Studio/2022/Community/Common7/IDE/CommonExtensions/Microsoft/CMake/Ninja/lib"
      - "C:/src/vcpkg/installed/x64-windows-static/Program Files/Microsoft Visual Studio/2022/Community/Common7/IDE/VC/Linux/bin/ConnectionManagerExe/lib.com"
      - "C:/src/vcpkg/installed/x64-windows-static/Program Files/Microsoft Visual Studio/2022/Community/Common7/IDE/VC/Linux/bin/ConnectionManagerExe/lib.exe"
      - "C:/src/vcpkg/installed/x64-windows-static/Program Files/Microsoft Visual Studio/2022/Community/Common7/IDE/VC/Linux/bin/ConnectionManagerExe/lib"
      - "C:/src/vcpkg/installed/x64-windows-static/Program Files/Microsoft Visual Studio/2022/Community/VC/vcpkg/lib.com"
      - "C:/src/vcpkg/installed/x64-windows-static/Program Files/Microsoft Visual Studio/2022/Community/VC/vcpkg/lib.exe"
      - "C:/src/vcpkg/installed/x64-windows-static/Program Files/Microsoft Visual Studio/2022/Community/VC/vcpkg/lib"
      - "C:/src/vcpkg/installed/x64-windows-static/src/vcpkg/downloads/tools/ninja-1.13.2-windows/lib.com"
      - "C:/src/vcpkg/installed/x64-windows-static/src/vcpkg/downloads/tools/ninja-1.13.2-windows/lib.exe"
      - "C:/src/vcpkg/installed/x64-windows-static/src/vcpkg/downloads/tools/ninja-1.13.2-windows/lib"
      - "C:/Program Files/Microsoft Visual Studio/2022/Community/VC/Tools/MSVC/14.44.35207/bin/Hostx64/x64/lib.com"
    found: "C:/Program Files/Microsoft Visual Studio/2022/Community/VC/Tools/MSVC/14.44.35207/bin/Hostx64/x64/lib.exe"
    search_context:
      CMAKE_PROGRAM_PATH:
        - "C:/src/vcpkg/installed/x64-windows-static/tools"
      CMAKE_PREFIX_PATH:
        - "C:/src/vcpkg/installed/x64-windows-static/debug"
        - "C:/src/vcpkg/installed/x64-windows-static"
      ENV{PATH}:
        - "C:\\Program Files\\Microsoft Visual Studio\\2022\\Community\\VC\\Tools\\MSVC\\14.44.35207\\bin\\HostX64\\x64"
        - "C:\\Program Files\\Microsoft Visual Studio\\2022\\Community\\Common7\\IDE\\VC\\VCPackages"
        - "C:\\Program Files\\Microsoft Visual Studio\\2022\\Community\\Common7\\IDE\\CommonExtensions\\Microsoft\\TestWindow"
        - "C:\\Program Files\\Microsoft Visual Studio\\2022\\Community\\Common7\\IDE\\CommonExtensions\\Microsoft\\TeamFoundation\\Team Explorer"
        - "C:\\Program Files\\Microsoft Visual Studio\\2022\\Community\\MSBuild\\Current\\bin\\Roslyn"
        - "C:\\Program Files (x86)\\Microsoft SDKs\\Windows\\v10.0A\\bin\\NETFX 4.8 Tools\\x64\\"
        - "C:\\Program Files\\Microsoft Visual Studio\\2022\\Community\\Common7\\IDE\\CommonExtensions\\Microsoft\\FSharp\\Tools"
        - "C:\\Program Files\\Microsoft Visual Studio\\2022\\Community\\Team Tools\\DiagnosticsHub\\Collector"
        - "C:\\Program Files (x86)\\Windows Kits\\10\\bin\\10.0.26100.0\\x64"
        - "C:\\Program Files (x86)\\Windows Kits\\10\\bin\\x64"
        - "C:\\Program Files\\Microsoft Visual Studio\\2022\\Community\\MSBuild\\Current\\Bin\\amd64"
        - "C:\\Windows\\Microsoft.NET\\Framework64\\v4.0.30319"
        - "C:\\Program Files\\Microsoft Visual Studio\\2022\\Community\\Common7\\IDE\\"
        - "C:\\Program Files\\Microsoft Visual Studio\\2022\\Community\\Common7\\Tools\\"
        - "C:\\src\\vcpkg\\downloads\\tools\\powershell-core-7.6.4-windows"
        - "C:\\WINDOWS\\system32"
        - "C:\\WINDOWS"
        - "C:\\WINDOWS\\system32\\Wbem"
        - "C:\\WINDOWS\\system32\\WindowsPowerShell\\v1.0\\"
        - "C:\\WINDOWS\\system32\\OpenSSH\\"
        - "C:\\Program Files\\Microsoft Visual Studio\\2022\\Community\\Common7\\IDE\\CommonExtensions\\Microsoft\\CMake\\CMake\\bin"
        - "C:\\Program Files\\Microsoft Visual Studio\\2022\\Community\\Common7\\IDE\\CommonExtensions\\Microsoft\\CMake\\Ninja"
        - "C:\\Program Files\\Microsoft Visual Studio\\2022\\Community\\Common7\\IDE\\VC\\Linux\\bin\\ConnectionManagerExe"
        - "C:\\Program Files\\Microsoft Visual Studio\\2022\\Community\\VC\\vcpkg"
        - "C:\\src\\vcpkg\\downloads\\tools\\ninja-1.13.2-windows"
      CMAKE_INSTALL_PREFIX: "C:/src/vcpkg/packages/jsoncpp_x64-windows-static/debug"
      CMAKE_FIND_ROOT_PATH: "C:/src/vcpkg/installed/x64-windows-static/debug;C:/src/vcpkg/installed/x64-windows-static"
  -
    kind: "find-v1"
    backtrace:
      - "C:/Program Files/CMake/share/cmake-4.4/Modules/CMakeDetermineRCCompiler.cmake:40 (find_program)"
      - "C:/Program Files/CMake/share/cmake-4.4/Modules/Platform/Windows-MSVC.cmake:592 (enable_language)"
      - "C:/Program Files/CMake/share/cmake-4.4/Modules/Platform/Windows-MSVC.cmake:565 (__windows_compiler_msvc_enable_rc)"
      - "C:/Program Files/CMake/share/cmake-4.4/Modules/Platform/Windows-MSVC-CXX.cmake:6 (__windows_compiler_msvc)"
      - "C:/Program Files/CMake/share/cmake-4.4/Modules/CMakeCXXInformation.cmake:48 (include)"
      - "CMakeLists.txt:57 (project)"
    mode: "program"
    variable: "CMAKE_RC_COMPILER"
    description: "RC compiler"
    settings:
      SearchFramework: "LAST"
      SearchAppBundle: "LAST"
      CMAKE_FIND_USE_CMAKE_PATH: true
      CMAKE_FIND_USE_CMAKE_ENVIRONMENT_PATH: true
      CMAKE_FIND_USE_SYSTEM_ENVIRONMENT_PATH: true
      CMAKE_FIND_USE_CMAKE_SYSTEM_PATH: true
      CMAKE_FIND_USE_INSTALL_PREFIX: true
    names:
      - "rc"
    candidate_directories:
      - "C:/src/vcpkg/installed/x64-windows-static/debug/bin/"
      - "C:/src/vcpkg/installed/x64-windows-static/debug/sbin/"
      - "C:/src/vcpkg/installed/x64-windows-static/debug/"
      - "C:/src/vcpkg/installed/x64-windows-static/debug/src/vcpkg/installed/x64-windows-static/bin/"
      - "C:/src/vcpkg/installed/x64-windows-static/debug/src/vcpkg/installed/x64-windows-static/sbin/"
      - "C:/src/vcpkg/installed/x64-windows-static/debug/src/vcpkg/installed/x64-windows-static/"
      - "C:/src/vcpkg/installed/x64-windows-static/debug/src/vcpkg/installed/x64-windows-static/tools/"
      - "C:/src/vcpkg/installed/x64-windows-static/debug/Program Files/Microsoft Visual Studio/2022/Community/VC/Tools/MSVC/14.44.35207/bin/Hostx64/x64/"
      - "C:/src/vcpkg/installed/x64-windows-static/debug/Program Files/Microsoft Visual Studio/2022/Community/Common7/IDE/VC/vcpackages/"
      - "C:/src/vcpkg/installed/x64-windows-static/debug/Program Files/Microsoft Visual Studio/2022/Community/Common7/IDE/CommonExtensions/Microsoft/TestWindow/"
      - "C:/src/vcpkg/installed/x64-windows-static/debug/Program Files/Microsoft Visual Studio/2022/Community/Common7/IDE/CommonExtensions/Microsoft/TeamFoundation/Team Explorer/"
      - "C:/src/vcpkg/installed/x64-windows-static/debug/Program Files/Microsoft Visual Studio/2022/Community/MSBuild/Current/Bin/Roslyn/"
      - "C:/src/vcpkg/installed/x64-windows-static/debug/Program Files (x86)/Microsoft SDKs/Windows/v10.0A/bin/NETFX 4.8 Tools/x64/"
      - "C:/src/vcpkg/installed/x64-windows-static/debug/Program Files/Microsoft Visual Studio/2022/Community/Common7/IDE/CommonExtensions/Microsoft/FSharp/Tools/"
      - "C:/src/vcpkg/installed/x64-windows-static/debug/Program Files/Microsoft Visual Studio/2022/Community/Team Tools/DiagnosticsHub/Collector/"
      - "C:/src/vcpkg/installed/x64-windows-static/debug/Program Files (x86)/Windows Kits/10/bin/10.0.26100.0/x64/"
      - "C:/src/vcpkg/installed/x64-windows-static/debug/Program Files (x86)/Windows Kits/10/bin/x64/"
      - "C:/src/vcpkg/installed/x64-windows-static/debug/Program Files/Microsoft Visual Studio/2022/Community/MSBuild/Current/Bin/amd64/"
      - "C:/src/vcpkg/installed/x64-windows-static/debug/Windows/Microsoft.NET/Framework64/v4.0.30319/"
      - "C:/src/vcpkg/installed/x64-windows-static/debug/Program Files/Microsoft Visual Studio/2022/Community/Common7/IDE/"
      - "C:/src/vcpkg/installed/x64-windows-static/debug/Program Files/Microsoft Visual Studio/2022/Community/Common7/Tools/"
      - "C:/src/vcpkg/installed/x64-windows-static/debug/src/vcpkg/downloads/tools/powershell-core-7.6.4-windows/"
      - "C:/src/vcpkg/installed/x64-windows-static/debug/Windows/System32/"
      - "C:/src/vcpkg/installed/x64-windows-static/debug/Windows/"
      - "C:/src/vcpkg/installed/x64-windows-static/debug/Windows/System32/wbem/"
      - "C:/src/vcpkg/installed/x64-windows-static/debug/Windows/System32/WindowsPowerShell/v1.0/"
      - "C:/src/vcpkg/installed/x64-windows-static/debug/Windows/System32/OpenSSH/"
      - "C:/src/vcpkg/installed/x64-windows-static/debug/Program Files/Microsoft Visual Studio/2022/Community/Common7/IDE/CommonExtensions/Microsoft/CMake/CMake/bin/"
      - "C:/src/vcpkg/installed/x64-windows-static/debug/Program Files/Microsoft Visual Studio/2022/Community/Common7/IDE/CommonExtensions/Microsoft/CMake/Ninja/"
      - "C:/src/vcpkg/installed/x64-windows-static/debug/Program Files/Microsoft Visual Studio/2022/Community/Common7/IDE/VC/Linux/bin/ConnectionManagerExe/"
      - "C:/src/vcpkg/installed/x64-windows-static/debug/Program Files/Microsoft Visual Studio/2022/Community/VC/vcpkg/"
      - "C:/src/vcpkg/installed/x64-windows-static/debug/src/vcpkg/downloads/tools/ninja-1.13.2-windows/"
      - "C:/src/vcpkg/installed/x64-windows-static/debug/Program Files/bin/"
      - "C:/src/vcpkg/installed/x64-windows-static/debug/Program Files/sbin/"
      - "C:/src/vcpkg/installed/x64-windows-static/debug/Program Files/"
      - "C:/src/vcpkg/installed/x64-windows-static/debug/Program Files (x86)/bin/"
      - "C:/src/vcpkg/installed/x64-windows-static/debug/Program Files (x86)/sbin/"
      - "C:/src/vcpkg/installed/x64-windows-static/debug/Program Files (x86)/"
      - "C:/src/vcpkg/installed/x64-windows-static/debug/Program Files/CMake/bin/"
      - "C:/src/vcpkg/installed/x64-windows-static/debug/Program Files/CMake/sbin/"
      - "C:/src/vcpkg/installed/x64-windows-static/debug/Program Files/CMake/"
      - "C:/src/vcpkg/installed/x64-windows-static/debug/src/vcpkg/packages/jsoncpp_x64-windows-static/debug/bin/"
      - "C:/src/vcpkg/installed/x64-windows-static/debug/src/vcpkg/packages/jsoncpp_x64-windows-static/debug/sbin/"
      - "C:/src/vcpkg/installed/x64-windows-static/debug/src/vcpkg/packages/jsoncpp_x64-windows-static/debug/"
      - "C:/src/vcpkg/installed/x64-windows-static/debug/bin/"
      - "C:/src/vcpkg/installed/x64-windows-static/debug/sbin/"
      - "C:/src/vcpkg/installed/x64-windows-static/debug/"
      - "C:/src/vcpkg/installed/x64-windows-static/bin/"
      - "C:/src/vcpkg/installed/x64-windows-static/sbin/"
      - "C:/src/vcpkg/installed/x64-windows-static/"
      - "C:/src/vcpkg/installed/x64-windows-static/tools/"
      - "C:/src/vcpkg/installed/x64-windows-static/Program Files/Microsoft Visual Studio/2022/Community/VC/Tools/MSVC/14.44.35207/bin/Hostx64/x64/"
      - "C:/src/vcpkg/installed/x64-windows-static/Program Files/Microsoft Visual Studio/2022/Community/Common7/IDE/VC/vcpackages/"
      - "C:/src/vcpkg/installed/x64-windows-static/Program Files/Microsoft Visual Studio/2022/Community/Common7/IDE/CommonExtensions/Microsoft/TestWindow/"
      - "C:/src/vcpkg/installed/x64-windows-static/Program Files/Microsoft Visual Studio/2022/Community/Common7/IDE/CommonExtensions/Microsoft/TeamFoundation/Team Explorer/"
      - "C:/src/vcpkg/installed/x64-windows-static/Program Files/Microsoft Visual Studio/2022/Community/MSBuild/Current/Bin/Roslyn/"
      - "C:/src/vcpkg/installed/x64-windows-static/Program Files (x86)/Microsoft SDKs/Windows/v10.0A/bin/NETFX 4.8 Tools/x64/"
      - "C:/src/vcpkg/installed/x64-windows-static/Program Files/Microsoft Visual Studio/2022/Community/Common7/IDE/CommonExtensions/Microsoft/FSharp/Tools/"
      - "C:/src/vcpkg/installed/x64-windows-static/Program Files/Microsoft Visual Studio/2022/Community/Team Tools/DiagnosticsHub/Collector/"
      - "C:/src/vcpkg/installed/x64-windows-static/Program Files (x86)/Windows Kits/10/bin/10.0.26100.0/x64/"
      - "C:/src/vcpkg/installed/x64-windows-static/Program Files (x86)/Windows Kits/10/bin/x64/"
      - "C:/src/vcpkg/installed/x64-windows-static/Program Files/Microsoft Visual Studio/2022/Community/MSBuild/Current/Bin/amd64/"
      - "C:/src/vcpkg/installed/x64-windows-static/Windows/Microsoft.NET/Framework64/v4.0.30319/"
      - "C:/src/vcpkg/installed/x64-windows-static/Program Files/Microsoft Visual Studio/2022/Community/Common7/IDE/"
      - "C:/src/vcpkg/installed/x64-windows-static/Program Files/Microsoft Visual Studio/2022/Community/Common7/Tools/"
      - "C:/src/vcpkg/installed/x64-windows-static/src/vcpkg/downloads/tools/powershell-core-7.6.4-windows/"
      - "C:/src/vcpkg/installed/x64-windows-static/Windows/System32/"
      - "C:/src/vcpkg/installed/x64-windows-static/Windows/"
      - "C:/src/vcpkg/installed/x64-windows-static/Windows/System32/wbem/"
      - "C:/src/vcpkg/installed/x64-windows-static/Windows/System32/WindowsPowerShell/v1.0/"
      - "C:/src/vcpkg/installed/x64-windows-static/Windows/System32/OpenSSH/"
      - "C:/src/vcpkg/installed/x64-windows-static/Program Files/Microsoft Visual Studio/2022/Community/Common7/IDE/CommonExtensions/Microsoft/CMake/CMake/bin/"
      - "C:/src/vcpkg/installed/x64-windows-static/Program Files/Microsoft Visual Studio/2022/Community/Common7/IDE/CommonExtensions/Microsoft/CMake/Ninja/"
      - "C:/src/vcpkg/installed/x64-windows-static/Program Files/Microsoft Visual Studio/2022/Community/Common7/IDE/VC/Linux/bin/ConnectionManagerExe/"
      - "C:/src/vcpkg/installed/x64-windows-static/Program Files/Microsoft Visual Studio/2022/Community/VC/vcpkg/"
      - "C:/src/vcpkg/installed/x64-windows-static/src/vcpkg/downloads/tools/ninja-1.13.2-windows/"
      - "C:/src/vcpkg/installed/x64-windows-static/Program Files/bin/"
      - "C:/src/vcpkg/installed/x64-windows-static/Program Files/sbin/"
      - "C:/src/vcpkg/installed/x64-windows-static/Program Files/"
      - "C:/src/vcpkg/installed/x64-windows-static/Program Files (x86)/bin/"
      - "C:/src/vcpkg/installed/x64-windows-static/Program Files (x86)/sbin/"
      - "C:/src/vcpkg/installed/x64-windows-static/Program Files (x86)/"
      - "C:/src/vcpkg/installed/x64-windows-static/Program Files/CMake/bin/"
      - "C:/src/vcpkg/installed/x64-windows-static/Program Files/CMake/sbin/"
      - "C:/src/vcpkg/installed/x64-windows-static/Program Files/CMake/"
      - "C:/src/vcpkg/installed/x64-windows-static/src/vcpkg/packages/jsoncpp_x64-windows-static/debug/bin/"
      - "C:/src/vcpkg/installed/x64-windows-static/src/vcpkg/packages/jsoncpp_x64-windows-static/debug/sbin/"
      - "C:/src/vcpkg/installed/x64-windows-static/src/vcpkg/packages/jsoncpp_x64-windows-static/debug/"
      - "C:/src/vcpkg/installed/x64-windows-static/debug/bin/"
      - "C:/src/vcpkg/installed/x64-windows-static/debug/sbin/"
      - "C:/src/vcpkg/installed/x64-windows-static/debug/"
      - "C:/src/vcpkg/installed/x64-windows-static/bin/"
      - "C:/src/vcpkg/installed/x64-windows-static/sbin/"
      - "C:/src/vcpkg/installed/x64-windows-static/"
      - "C:/src/vcpkg/installed/x64-windows-static/tools/"
      - "C:/Program Files/Microsoft Visual Studio/2022/Community/VC/Tools/MSVC/14.44.35207/bin/Hostx64/x64/"
      - "C:/Program Files/Microsoft Visual Studio/2022/Community/Common7/IDE/VC/vcpackages/"
      - "C:/Program Files/Microsoft Visual Studio/2022/Community/Common7/IDE/CommonExtensions/Microsoft/TestWindow/"
      - "C:/Program Files/Microsoft Visual Studio/2022/Community/Common7/IDE/CommonExtensions/Microsoft/TeamFoundation/Team Explorer/"
      - "C:/Program Files/Microsoft Visual Studio/2022/Community/MSBuild/Current/Bin/Roslyn/"
      - "C:/Program Files (x86)/Microsoft SDKs/Windows/v10.0A/bin/NETFX 4.8 Tools/x64/"
      - "C:/Program Files/Microsoft Visual Studio/2022/Community/Common7/IDE/CommonExtensions/Microsoft/FSharp/Tools/"
      - "C:/Program Files/Microsoft Visual Studio/2022/Community/Team Tools/DiagnosticsHub/Collector/"
      - "C:/Program Files (x86)/Windows Kits/10/bin/10.0.26100.0/x64/"
      - "C:/Program Files (x86)/Windows Kits/10/bin/x64/"
      - "C:/Program Files/Microsoft Visual Studio/2022/Community/MSBuild/Current/Bin/amd64/"
      - "C:/Windows/Microsoft.NET/Framework64/v4.0.30319/"
      - "C:/Program Files/Microsoft Visual Studio/2022/Community/Common7/IDE/"
      - "C:/Program Files/Microsoft Visual Studio/2022/Community/Common7/Tools/"
      - "C:/src/vcpkg/downloads/tools/powershell-core-7.6.4-windows/"
      - "C:/Windows/System32/"
      - "C:/Windows/"
      - "C:/Windows/System32/wbem/"
      - "C:/Windows/System32/WindowsPowerShell/v1.0/"
      - "C:/Windows/System32/OpenSSH/"
      - "C:/Program Files/Microsoft Visual Studio/2022/Community/Common7/IDE/CommonExtensions/Microsoft/CMake/CMake/bin/"
      - "C:/Program Files/Microsoft Visual Studio/2022/Community/Common7/IDE/CommonExtensions/Microsoft/CMake/Ninja/"
      - "C:/Program Files/Microsoft Visual Studio/2022/Community/Common7/IDE/VC/Linux/bin/ConnectionManagerExe/"
      - "C:/Program Files/Microsoft Visual Studio/2022/Community/VC/vcpkg/"
      - "C:/src/vcpkg/downloads/tools/ninja-1.13.2-windows/"
      - "C:/Program Files/bin/"
      - "C:/Program Files/sbin/"
      - "C:/Program Files/"
      - "C:/Program Files (x86)/bin/"
      - "C:/Program Files (x86)/sbin/"
      - "C:/Program Files (x86)/"
      - "C:/Program Files/CMake/bin/"
      - "C:/Program Files/CMake/sbin/"
      - "C:/Program Files/CMake/"
      - "C:/src/vcpkg/packages/jsoncpp_x64-windows-static/debug/bin/"
      - "C:/src/vcpkg/packages/jsoncpp_x64-windows-static/debug/sbin/"
      - "C:/src/vcpkg/packages/jsoncpp_x64-windows-static/debug/"
    searched_directories:
      - "C:/src/vcpkg/installed/x64-windows-static/debug/bin/rc.com"
      - "C:/src/vcpkg/installed/x64-windows-static/debug/bin/rc.exe"
      - "C:/src/vcpkg/installed/x64-windows-static/debug/bin/rc"
      - "C:/src/vcpkg/installed/x64-windows-static/debug/sbin/rc.com"
      - "C:/src/vcpkg/installed/x64-windows-static/debug/sbin/rc.exe"
      - "C:/src/vcpkg/installed/x64-windows-static/debug/sbin/rc"
      - "C:/src/vcpkg/installed/x64-windows-static/debug/rc.com"
      - "C:/src/vcpkg/installed/x64-windows-static/debug/rc.exe"
      - "C:/src/vcpkg/installed/x64-windows-static/debug/rc"
      - "C:/src/vcpkg/installed/x64-windows-static/debug/src/vcpkg/installed/x64-windows-static/bin/rc.com"
      - "C:/src/vcpkg/installed/x64-windows-static/debug/src/vcpkg/installed/x64-windows-static/bin/rc.exe"
      - "C:/src/vcpkg/installed/x64-windows-static/debug/src/vcpkg/installed/x64-windows-static/bin/rc"
      - "C:/src/vcpkg/installed/x64-windows-static/debug/src/vcpkg/installed/x64-windows-static/sbin/rc.com"
      - "C:/src/vcpkg/installed/x64-windows-static/debug/src/vcpkg/installed/x64-windows-static/sbin/rc.exe"
      - "C:/src/vcpkg/installed/x64-windows-static/debug/src/vcpkg/installed/x64-windows-static/sbin/rc"
      - "C:/src/vcpkg/installed/x64-windows-static/debug/src/vcpkg/installed/x64-windows-static/rc.com"
      - "C:/src/vcpkg/installed/x64-windows-static/debug/src/vcpkg/installed/x64-windows-static/rc.exe"
      - "C:/src/vcpkg/installed/x64-windows-static/debug/src/vcpkg/installed/x64-windows-static/rc"
      - "C:/src/vcpkg/installed/x64-windows-static/debug/src/vcpkg/installed/x64-windows-static/tools/rc.com"
      - "C:/src/vcpkg/installed/x64-windows-static/debug/src/vcpkg/installed/x64-windows-static/tools/rc.exe"
      - "C:/src/vcpkg/installed/x64-windows-static/debug/src/vcpkg/installed/x64-windows-static/tools/rc"
      - "C:/src/vcpkg/installed/x64-windows-static/debug/Program Files/Microsoft Visual Studio/2022/Community/VC/Tools/MSVC/14.44.35207/bin/Hostx64/x64/rc.com"
      - "C:/src/vcpkg/installed/x64-windows-static/debug/Program Files/Microsoft Visual Studio/2022/Community/VC/Tools/MSVC/14.44.35207/bin/Hostx64/x64/rc.exe"
      - "C:/src/vcpkg/installed/x64-windows-static/debug/Program Files/Microsoft Visual Studio/2022/Community/VC/Tools/MSVC/14.44.35207/bin/Hostx64/x64/rc"
      - "C:/src/vcpkg/installed/x64-windows-static/debug/Program Files/Microsoft Visual Studio/2022/Community/Common7/IDE/VC/vcpackages/rc.com"
      - "C:/src/vcpkg/installed/x64-windows-static/debug/Program Files/Microsoft Visual Studio/2022/Community/Common7/IDE/VC/vcpackages/rc.exe"
      - "C:/src/vcpkg/installed/x64-windows-static/debug/Program Files/Microsoft Visual Studio/2022/Community/Common7/IDE/VC/vcpackages/rc"
      - "C:/src/vcpkg/installed/x64-windows-static/debug/Program Files/Microsoft Visual Studio/2022/Community/Common7/IDE/CommonExtensions/Microsoft/TestWindow/rc.com"
      - "C:/src/vcpkg/installed/x64-windows-static/debug/Program Files/Microsoft Visual Studio/2022/Community/Common7/IDE/CommonExtensions/Microsoft/TestWindow/rc.exe"
      - "C:/src/vcpkg/installed/x64-windows-static/debug/Program Files/Microsoft Visual Studio/2022/Community/Common7/IDE/CommonExtensions/Microsoft/TestWindow/rc"
      - "C:/src/vcpkg/installed/x64-windows-static/debug/Program Files/Microsoft Visual Studio/2022/Community/Common7/IDE/CommonExtensions/Microsoft/TeamFoundation/Team Explorer/rc.com"
      - "C:/src/vcpkg/installed/x64-windows-static/debug/Program Files/Microsoft Visual Studio/2022/Community/Common7/IDE/CommonExtensions/Microsoft/TeamFoundation/Team Explorer/rc.exe"
      - "C:/src/vcpkg/installed/x64-windows-static/debug/Program Files/Microsoft Visual Studio/2022/Community/Common7/IDE/CommonExtensions/Microsoft/TeamFoundation/Team Explorer/rc"
      - "C:/src/vcpkg/installed/x64-windows-static/debug/Program Files/Microsoft Visual Studio/2022/Community/MSBuild/Current/Bin/Roslyn/rc.com"
      - "C:/src/vcpkg/installed/x64-windows-static/debug/Program Files/Microsoft Visual Studio/2022/Community/MSBuild/Current/Bin/Roslyn/rc.exe"
      - "C:/src/vcpkg/installed/x64-windows-static/debug/Program Files/Microsoft Visual Studio/2022/Community/MSBuild/Current/Bin/Roslyn/rc"
      - "C:/src/vcpkg/installed/x64-windows-static/debug/Program Files (x86)/Microsoft SDKs/Windows/v10.0A/bin/NETFX 4.8 Tools/x64/rc.com"
      - "C:/src/vcpkg/installed/x64-windows-static/debug/Program Files (x86)/Microsoft SDKs/Windows/v10.0A/bin/NETFX 4.8 Tools/x64/rc.exe"
      - "C:/src/vcpkg/installed/x64-windows-static/debug/Program Files (x86)/Microsoft SDKs/Windows/v10.0A/bin/NETFX 4.8 Tools/x64/rc"
      - "C:/src/vcpkg/installed/x64-windows-static/debug/Program Files/Microsoft Visual Studio/2022/Community/Common7/IDE/CommonExtensions/Microsoft/FSharp/Tools/rc.com"
      - "C:/src/vcpkg/installed/x64-windows-static/debug/Program Files/Microsoft Visual Studio/2022/Community/Common7/IDE/CommonExtensions/Microsoft/FSharp/Tools/rc.exe"
      - "C:/src/vcpkg/installed/x64-windows-static/debug/Program Files/Microsoft Visual Studio/2022/Community/Common7/IDE/CommonExtensions/Microsoft/FSharp/Tools/rc"
      - "C:/src/vcpkg/installed/x64-windows-static/debug/Program Files/Microsoft Visual Studio/2022/Community/Team Tools/DiagnosticsHub/Collector/rc.com"
      - "C:/src/vcpkg/installed/x64-windows-static/debug/Program Files/Microsoft Visual Studio/2022/Community/Team Tools/DiagnosticsHub/Collector/rc.exe"
      - "C:/src/vcpkg/installed/x64-windows-static/debug/Program Files/Microsoft Visual Studio/2022/Community/Team Tools/DiagnosticsHub/Collector/rc"
      - "C:/src/vcpkg/installed/x64-windows-static/debug/Program Files (x86)/Windows Kits/10/bin/10.0.26100.0/x64/rc.com"
      - "C:/src/vcpkg/installed/x64-windows-static/debug/Program Files (x86)/Windows Kits/10/bin/10.0.26100.0/x64/rc.exe"
      - "C:/src/vcpkg/installed/x64-windows-static/debug/Program Files (x86)/Windows Kits/10/bin/10.0.26100.0/x64/rc"
      - "C:/src/vcpkg/installed/x64-windows-static/debug/Program Files (x86)/Windows Kits/10/bin/x64/rc.com"
      - "C:/src/vcpkg/installed/x64-windows-static/debug/Program Files (x86)/Windows Kits/10/bin/x64/rc.exe"
      - "C:/src/vcpkg/installed/x64-windows-static/debug/Program Files (x86)/Windows Kits/10/bin/x64/rc"
      - "C:/src/vcpkg/installed/x64-windows-static/debug/Program Files/Microsoft Visual Studio/2022/Community/MSBuild/Current/Bin/amd64/rc.com"
      - "C:/src/vcpkg/installed/x64-windows-static/debug/Program Files/Microsoft Visual Studio/2022/Community/MSBuild/Current/Bin/amd64/rc.exe"
      - "C:/src/vcpkg/installed/x64-windows-static/debug/Program Files/Microsoft Visual Studio/2022/Community/MSBuild/Current/Bin/amd64/rc"
      - "C:/src/vcpkg/installed/x64-windows-static/debug/Windows/Microsoft.NET/Framework64/v4.0.30319/rc.com"
      - "C:/src/vcpkg/installed/x64-windows-static/debug/Windows/Microsoft.NET/Framework64/v4.0.30319/rc.exe"
      - "C:/src/vcpkg/installed/x64-windows-static/debug/Windows/Microsoft.NET/Framework64/v4.0.30319/rc"
      - "C:/src/vcpkg/installed/x64-windows-static/debug/Program Files/Microsoft Visual Studio/2022/Community/Common7/IDE/rc.com"
      - "C:/src/vcpkg/installed/x64-windows-static/debug/Program Files/Microsoft Visual Studio/2022/Community/Common7/IDE/rc.exe"
      - "C:/src/vcpkg/installed/x64-windows-static/debug/Program Files/Microsoft Visual Studio/2022/Community/Common7/IDE/rc"
      - "C:/src/vcpkg/installed/x64-windows-static/debug/Program Files/Microsoft Visual Studio/2022/Community/Common7/Tools/rc.com"
      - "C:/src/vcpkg/installed/x64-windows-static/debug/Program Files/Microsoft Visual Studio/2022/Community/Common7/Tools/rc.exe"
      - "C:/src/vcpkg/installed/x64-windows-static/debug/Program Files/Microsoft Visual Studio/2022/Community/Common7/Tools/rc"
      - "C:/src/vcpkg/installed/x64-windows-static/debug/src/vcpkg/downloads/tools/powershell-core-7.6.4-windows/rc.com"
      - "C:/src/vcpkg/installed/x64-windows-static/debug/src/vcpkg/downloads/tools/powershell-core-7.6.4-windows/rc.exe"
      - "C:/src/vcpkg/installed/x64-windows-static/debug/src/vcpkg/downloads/tools/powershell-core-7.6.4-windows/rc"
      - "C:/src/vcpkg/installed/x64-windows-static/debug/Windows/System32/rc.com"
      - "C:/src/vcpkg/installed/x64-windows-static/debug/Windows/System32/rc.exe"
      - "C:/src/vcpkg/installed/x64-windows-static/debug/Windows/System32/rc"
      - "C:/src/vcpkg/installed/x64-windows-static/debug/Windows/rc.com"
      - "C:/src/vcpkg/installed/x64-windows-static/debug/Windows/rc.exe"
      - "C:/src/vcpkg/installed/x64-windows-static/debug/Windows/rc"
      - "C:/src/vcpkg/installed/x64-windows-static/debug/Windows/System32/wbem/rc.com"
      - "C:/src/vcpkg/installed/x64-windows-static/debug/Windows/System32/wbem/rc.exe"
      - "C:/src/vcpkg/installed/x64-windows-static/debug/Windows/System32/wbem/rc"
      - "C:/src/vcpkg/installed/x64-windows-static/debug/Windows/System32/WindowsPowerShell/v1.0/rc.com"
      - "C:/src/vcpkg/installed/x64-windows-static/debug/Windows/System32/WindowsPowerShell/v1.0/rc.exe"
      - "C:/src/vcpkg/installed/x64-windows-static/debug/Windows/System32/WindowsPowerShell/v1.0/rc"
      - "C:/src/vcpkg/installed/x64-windows-static/debug/Windows/System32/OpenSSH/rc.com"
      - "C:/src/vcpkg/installed/x64-windows-static/debug/Windows/System32/OpenSSH/rc.exe"
      - "C:/src/vcpkg/installed/x64-windows-static/debug/Windows/System32/OpenSSH/rc"
      - "C:/src/vcpkg/installed/x64-windows-static/debug/Program Files/Microsoft Visual Studio/2022/Community/Common7/IDE/CommonExtensions/Microsoft/CMake/CMake/bin/rc.com"
      - "C:/src/vcpkg/installed/x64-windows-static/debug/Program Files/Microsoft Visual Studio/2022/Community/Common7/IDE/CommonExtensions/Microsoft/CMake/CMake/bin/rc.exe"
      - "C:/src/vcpkg/installed/x64-windows-static/debug/Program Files/Microsoft Visual Studio/2022/Community/Common7/IDE/CommonExtensions/Microsoft/CMake/CMake/bin/rc"
      - "C:/src/vcpkg/installed/x64-windows-static/debug/Program Files/Microsoft Visual Studio/2022/Community/Common7/IDE/CommonExtensions/Microsoft/CMake/Ninja/rc.com"
      - "C:/src/vcpkg/installed/x64-windows-static/debug/Program Files/Microsoft Visual Studio/2022/Community/Common7/IDE/CommonExtensions/Microsoft/CMake/Ninja/rc.exe"
      - "C:/src/vcpkg/installed/x64-windows-static/debug/Program Files/Microsoft Visual Studio/2022/Community/Common7/IDE/CommonExtensions/Microsoft/CMake/Ninja/rc"
      - "C:/src/vcpkg/installed/x64-windows-static/debug/Program Files/Microsoft Visual Studio/2022/Community/Common7/IDE/VC/Linux/bin/ConnectionManagerExe/rc.com"
      - "C:/src/vcpkg/installed/x64-windows-static/debug/Program Files/Microsoft Visual Studio/2022/Community/Common7/IDE/VC/Linux/bin/ConnectionManagerExe/rc.exe"
      - "C:/src/vcpkg/installed/x64-windows-static/debug/Program Files/Microsoft Visual Studio/2022/Community/Common7/IDE/VC/Linux/bin/ConnectionManagerExe/rc"
      - "C:/src/vcpkg/installed/x64-windows-static/debug/Program Files/Microsoft Visual Studio/2022/Community/VC/vcpkg/rc.com"
      - "C:/src/vcpkg/installed/x64-windows-static/debug/Program Files/Microsoft Visual Studio/2022/Community/VC/vcpkg/rc.exe"
      - "C:/src/vcpkg/installed/x64-windows-static/debug/Program Files/Microsoft Visual Studio/2022/Community/VC/vcpkg/rc"
      - "C:/src/vcpkg/installed/x64-windows-static/debug/src/vcpkg/downloads/tools/ninja-1.13.2-windows/rc.com"
      - "C:/src/vcpkg/installed/x64-windows-static/debug/src/vcpkg/downloads/tools/ninja-1.13.2-windows/rc.exe"
      - "C:/src/vcpkg/installed/x64-windows-static/debug/src/vcpkg/downloads/tools/ninja-1.13.2-windows/rc"
      - "C:/src/vcpkg/installed/x64-windows-static/debug/Program Files/bin/rc.com"
      - "C:/src/vcpkg/installed/x64-windows-static/debug/Program Files/bin/rc.exe"
      - "C:/src/vcpkg/installed/x64-windows-static/debug/Program Files/bin/rc"
      - "C:/src/vcpkg/installed/x64-windows-static/debug/Program Files/sbin/rc.com"
      - "C:/src/vcpkg/installed/x64-windows-static/debug/Program Files/sbin/rc.exe"
      - "C:/src/vcpkg/installed/x64-windows-static/debug/Program Files/sbin/rc"
      - "C:/src/vcpkg/installed/x64-windows-static/debug/Program Files/rc.com"
      - "C:/src/vcpkg/installed/x64-windows-static/debug/Program Files/rc.exe"
      - "C:/src/vcpkg/installed/x64-windows-static/debug/Program Files/rc"
      - "C:/src/vcpkg/installed/x64-windows-static/debug/Program Files (x86)/bin/rc.com"
      - "C:/src/vcpkg/installed/x64-windows-static/debug/Program Files (x86)/bin/rc.exe"
      - "C:/src/vcpkg/installed/x64-windows-static/debug/Program Files (x86)/bin/rc"
      - "C:/src/vcpkg/installed/x64-windows-static/debug/Program Files (x86)/sbin/rc.com"
      - "C:/src/vcpkg/installed/x64-windows-static/debug/Program Files (x86)/sbin/rc.exe"
      - "C:/src/vcpkg/installed/x64-windows-static/debug/Program Files (x86)/sbin/rc"
      - "C:/src/vcpkg/installed/x64-windows-static/debug/Program Files (x86)/rc.com"
      - "C:/src/vcpkg/installed/x64-windows-static/debug/Program Files (x86)/rc.exe"
      - "C:/src/vcpkg/installed/x64-windows-static/debug/Program Files (x86)/rc"
      - "C:/src/vcpkg/installed/x64-windows-static/debug/Program Files/CMake/bin/rc.com"
      - "C:/src/vcpkg/installed/x64-windows-static/debug/Program Files/CMake/bin/rc.exe"
      - "C:/src/vcpkg/installed/x64-windows-static/debug/Program Files/CMake/bin/rc"
      - "C:/src/vcpkg/installed/x64-windows-static/debug/Program Files/CMake/sbin/rc.com"
      - "C:/src/vcpkg/installed/x64-windows-static/debug/Program Files/CMake/sbin/rc.exe"
      - "C:/src/vcpkg/installed/x64-windows-static/debug/Program Files/CMake/sbin/rc"
      - "C:/src/vcpkg/installed/x64-windows-static/debug/Program Files/CMake/rc.com"
      - "C:/src/vcpkg/installed/x64-windows-static/debug/Program Files/CMake/rc.exe"
      - "C:/src/vcpkg/installed/x64-windows-static/debug/Program Files/CMake/rc"
      - "C:/src/vcpkg/installed/x64-windows-static/debug/src/vcpkg/packages/jsoncpp_x64-windows-static/debug/bin/rc.com"
      - "C:/src/vcpkg/installed/x64-windows-static/debug/src/vcpkg/packages/jsoncpp_x64-windows-static/debug/bin/rc.exe"
      - "C:/src/vcpkg/installed/x64-windows-static/debug/src/vcpkg/packages/jsoncpp_x64-windows-static/debug/bin/rc"
      - "C:/src/vcpkg/installed/x64-windows-static/debug/src/vcpkg/packages/jsoncpp_x64-windows-static/debug/sbin/rc.com"
      - "C:/src/vcpkg/installed/x64-windows-static/debug/src/vcpkg/packages/jsoncpp_x64-windows-static/debug/sbin/rc.exe"
      - "C:/src/vcpkg/installed/x64-windows-static/debug/src/vcpkg/packages/jsoncpp_x64-windows-static/debug/sbin/rc"
      - "C:/src/vcpkg/installed/x64-windows-static/debug/src/vcpkg/packages/jsoncpp_x64-windows-static/debug/rc.com"
      - "C:/src/vcpkg/installed/x64-windows-static/debug/src/vcpkg/packages/jsoncpp_x64-windows-static/debug/rc.exe"
      - "C:/src/vcpkg/installed/x64-windows-static/debug/src/vcpkg/packages/jsoncpp_x64-windows-static/debug/rc"
      - "C:/src/vcpkg/installed/x64-windows-static/debug/bin/rc.com"
      - "C:/src/vcpkg/installed/x64-windows-static/debug/bin/rc.exe"
      - "C:/src/vcpkg/installed/x64-windows-static/debug/bin/rc"
      - "C:/src/vcpkg/installed/x64-windows-static/debug/sbin/rc.com"
      - "C:/src/vcpkg/installed/x64-windows-static/debug/sbin/rc.exe"
      - "C:/src/vcpkg/installed/x64-windows-static/debug/sbin/rc"
      - "C:/src/vcpkg/installed/x64-windows-static/debug/rc.com"
      - "C:/src/vcpkg/installed/x64-windows-static/debug/rc.exe"
      - "C:/src/vcpkg/installed/x64-windows-static/debug/rc"
      - "C:/src/vcpkg/installed/x64-windows-static/bin/rc.com"
      - "C:/src/vcpkg/installed/x64-windows-static/bin/rc.exe"
      - "C:/src/vcpkg/installed/x64-windows-static/bin/rc"
      - "C:/src/vcpkg/installed/x64-windows-static/sbin/rc.com"
      - "C:/src/vcpkg/installed/x64-windows-static/sbin/rc.exe"
      - "C:/src/vcpkg/installed/x64-windows-static/sbin/rc"
      - "C:/src/vcpkg/installed/x64-windows-static/rc.com"
      - "C:/src/vcpkg/installed/x64-windows-static/rc.exe"
      - "C:/src/vcpkg/installed/x64-windows-static/rc"
      - "C:/src/vcpkg/installed/x64-windows-static/tools/rc.com"
      - "C:/src/vcpkg/installed/x64-windows-static/tools/rc.exe"
      - "C:/src/vcpkg/installed/x64-windows-static/tools/rc"
      - "C:/src/vcpkg/installed/x64-windows-static/Program Files/Microsoft Visual Studio/2022/Community/VC/Tools/MSVC/14.44.35207/bin/Hostx64/x64/rc.com"
      - "C:/src/vcpkg/installed/x64-windows-static/Program Files/Microsoft Visual Studio/2022/Community/VC/Tools/MSVC/14.44.35207/bin/Hostx64/x64/rc.exe"
      - "C:/src/vcpkg/installed/x64-windows-static/Program Files/Microsoft Visual Studio/2022/Community/VC/Tools/MSVC/14.44.35207/bin/Hostx64/x64/rc"
      - "C:/src/vcpkg/installed/x64-windows-static/Program Files/Microsoft Visual Studio/2022/Community/Common7/IDE/VC/vcpackages/rc.com"
      - "C:/src/vcpkg/installed/x64-windows-static/Program Files/Microsoft Visual Studio/2022/Community/Common7/IDE/VC/vcpackages/rc.exe"
      - "C:/src/vcpkg/installed/x64-windows-static/Program Files/Microsoft Visual Studio/2022/Community/Common7/IDE/VC/vcpackages/rc"
      - "C:/src/vcpkg/installed/x64-windows-static/Program Files/Microsoft Visual Studio/2022/Community/Common7/IDE/CommonExtensions/Microsoft/TestWindow/rc.com"
      - "C:/src/vcpkg/installed/x64-windows-static/Program Files/Microsoft Visual Studio/2022/Community/Common7/IDE/CommonExtensions/Microsoft/TestWindow/rc.exe"
      - "C:/src/vcpkg/installed/x64-windows-static/Program Files/Microsoft Visual Studio/2022/Community/Common7/IDE/CommonExtensions/Microsoft/TestWindow/rc"
      - "C:/src/vcpkg/installed/x64-windows-static/Program Files/Microsoft Visual Studio/2022/Community/Common7/IDE/CommonExtensions/Microsoft/TeamFoundation/Team Explorer/rc.com"
      - "C:/src/vcpkg/installed/x64-windows-static/Program Files/Microsoft Visual Studio/2022/Community/Common7/IDE/CommonExtensions/Microsoft/TeamFoundation/Team Explorer/rc.exe"
      - "C:/src/vcpkg/installed/x64-windows-static/Program Files/Microsoft Visual Studio/2022/Community/Common7/IDE/CommonExtensions/Microsoft/TeamFoundation/Team Explorer/rc"
      - "C:/src/vcpkg/installed/x64-windows-static/Program Files/Microsoft Visual Studio/2022/Community/MSBuild/Current/Bin/Roslyn/rc.com"
      - "C:/src/vcpkg/installed/x64-windows-static/Program Files/Microsoft Visual Studio/2022/Community/MSBuild/Current/Bin/Roslyn/rc.exe"
      - "C:/src/vcpkg/installed/x64-windows-static/Program Files/Microsoft Visual Studio/2022/Community/MSBuild/Current/Bin/Roslyn/rc"
      - "C:/src/vcpkg/installed/x64-windows-static/Program Files (x86)/Microsoft SDKs/Windows/v10.0A/bin/NETFX 4.8 Tools/x64/rc.com"
      - "C:/src/vcpkg/installed/x64-windows-static/Program Files (x86)/Microsoft SDKs/Windows/v10.0A/bin/NETFX 4.8 Tools/x64/rc.exe"
      - "C:/src/vcpkg/installed/x64-windows-static/Program Files (x86)/Microsoft SDKs/Windows/v10.0A/bin/NETFX 4.8 Tools/x64/rc"
      - "C:/src/vcpkg/installed/x64-windows-static/Program Files/Microsoft Visual Studio/2022/Community/Common7/IDE/CommonExtensions/Microsoft/FSharp/Tools/rc.com"
      - "C:/src/vcpkg/installed/x64-windows-static/Program Files/Microsoft Visual Studio/2022/Community/Common7/IDE/CommonExtensions/Microsoft/FSharp/Tools/rc.exe"
      - "C:/src/vcpkg/installed/x64-windows-static/Program Files/Microsoft Visual Studio/2022/Community/Common7/IDE/CommonExtensions/Microsoft/FSharp/Tools/rc"
      - "C:/src/vcpkg/installed/x64-windows-static/Program Files/Microsoft Visual Studio/2022/Community/Team Tools/DiagnosticsHub/Collector/rc.com"
      - "C:/src/vcpkg/installed/x64-windows-static/Program Files/Microsoft Visual Studio/2022/Community/Team Tools/DiagnosticsHub/Collector/rc.exe"
      - "C:/src/vcpkg/installed/x64-windows-static/Program Files/Microsoft Visual Studio/2022/Community/Team Tools/DiagnosticsHub/Collector/rc"
      - "C:/src/vcpkg/installed/x64-windows-static/Program Files (x86)/Windows Kits/10/bin/10.0.26100.0/x64/rc.com"
      - "C:/src/vcpkg/installed/x64-windows-static/Program Files (x86)/Windows Kits/10/bin/10.0.26100.0/x64/rc.exe"
      - "C:/src/vcpkg/installed/x64-windows-static/Program Files (x86)/Windows Kits/10/bin/10.0.26100.0/x64/rc"
      - "C:/src/vcpkg/installed/x64-windows-static/Program Files (x86)/Windows Kits/10/bin/x64/rc.com"
      - "C:/src/vcpkg/installed/x64-windows-static/Program Files (x86)/Windows Kits/10/bin/x64/rc.exe"
      - "C:/src/vcpkg/installed/x64-windows-static/Program Files (x86)/Windows Kits/10/bin/x64/rc"
      - "C:/src/vcpkg/installed/x64-windows-static/Program Files/Microsoft Visual Studio/2022/Community/MSBuild/Current/Bin/amd64/rc.com"
      - "C:/src/vcpkg/installed/x64-windows-static/Program Files/Microsoft Visual Studio/2022/Community/MSBuild/Current/Bin/amd64/rc.exe"
      - "C:/src/vcpkg/installed/x64-windows-static/Program Files/Microsoft Visual Studio/2022/Community/MSBuild/Current/Bin/amd64/rc"
      - "C:/src/vcpkg/installed/x64-windows-static/Windows/Microsoft.NET/Framework64/v4.0.30319/rc.com"
      - "C:/src/vcpkg/installed/x64-windows-static/Windows/Microsoft.NET/Framework64/v4.0.30319/rc.exe"
      - "C:/src/vcpkg/installed/x64-windows-static/Windows/Microsoft.NET/Framework64/v4.0.30319/rc"
      - "C:/src/vcpkg/installed/x64-windows-static/Program Files/Microsoft Visual Studio/2022/Community/Common7/IDE/rc.com"
      - "C:/src/vcpkg/installed/x64-windows-static/Program Files/Microsoft Visual Studio/2022/Community/Common7/IDE/rc.exe"
      - "C:/src/vcpkg/installed/x64-windows-static/Program Files/Microsoft Visual Studio/2022/Community/Common7/IDE/rc"
      - "C:/src/vcpkg/installed/x64-windows-static/Program Files/Microsoft Visual Studio/2022/Community/Common7/Tools/rc.com"
      - "C:/src/vcpkg/installed/x64-windows-static/Program Files/Microsoft Visual Studio/2022/Community/Common7/Tools/rc.exe"
      - "C:/src/vcpkg/installed/x64-windows-static/Program Files/Microsoft Visual Studio/2022/Community/Common7/Tools/rc"
      - "C:/src/vcpkg/installed/x64-windows-static/src/vcpkg/downloads/tools/powershell-core-7.6.4-windows/rc.com"
      - "C:/src/vcpkg/installed/x64-windows-static/src/vcpkg/downloads/tools/powershell-core-7.6.4-windows/rc.exe"
      - "C:/src/vcpkg/installed/x64-windows-static/src/vcpkg/downloads/tools/powershell-core-7.6.4-windows/rc"
      - "C:/src/vcpkg/installed/x64-windows-static/Windows/System32/rc.com"
      - "C:/src/vcpkg/installed/x64-windows-static/Windows/System32/rc.exe"
      - "C:/src/vcpkg/installed/x64-windows-static/Windows/System32/rc"
      - "C:/src/vcpkg/installed/x64-windows-static/Windows/rc.com"
      - "C:/src/vcpkg/installed/x64-windows-static/Windows/rc.exe"
      - "C:/src/vcpkg/installed/x64-windows-static/Windows/rc"
      - "C:/src/vcpkg/installed/x64-windows-static/Windows/System32/wbem/rc.com"
      - "C:/src/vcpkg/installed/x64-windows-static/Windows/System32/wbem/rc.exe"
      - "C:/src/vcpkg/installed/x64-windows-static/Windows/System32/wbem/rc"
      - "C:/src/vcpkg/installed/x64-windows-static/Windows/System32/WindowsPowerShell/v1.0/rc.com"
      - "C:/src/vcpkg/installed/x64-windows-static/Windows/System32/WindowsPowerShell/v1.0/rc.exe"
      - "C:/src/vcpkg/installed/x64-windows-static/Windows/System32/WindowsPowerShell/v1.0/rc"
      - "C:/src/vcpkg/installed/x64-windows-static/Windows/System32/OpenSSH/rc.com"
      - "C:/src/vcpkg/installed/x64-windows-static/Windows/System32/OpenSSH/rc.exe"
      - "C:/src/vcpkg/installed/x64-windows-static/Windows/System32/OpenSSH/rc"
      - "C:/src/vcpkg/installed/x64-windows-static/Program Files/Microsoft Visual Studio/2022/Community/Common7/IDE/CommonExtensions/Microsoft/CMake/CMake/bin/rc.com"
      - "C:/src/vcpkg/installed/x64-windows-static/Program Files/Microsoft Visual Studio/2022/Community/Common7/IDE/CommonExtensions/Microsoft/CMake/CMake/bin/rc.exe"
      - "C:/src/vcpkg/installed/x64-windows-static/Program Files/Microsoft Visual Studio/2022/Community/Common7/IDE/CommonExtensions/Microsoft/CMake/CMake/bin/rc"
      - "C:/src/vcpkg/installed/x64-windows-static/Program Files/Microsoft Visual Studio/2022/Community/Common7/IDE/CommonExtensions/Microsoft/CMake/Ninja/rc.com"
      - "C:/src/vcpkg/installed/x64-windows-static/Program Files/Microsoft Visual Studio/2022/Community/Common7/IDE/CommonExtensions/Microsoft/CMake/Ninja/rc.exe"
      - "C:/src/vcpkg/installed/x64-windows-static/Program Files/Microsoft Visual Studio/2022/Community/Common7/IDE/CommonExtensions/Microsoft/CMake/Ninja/rc"
      - "C:/src/vcpkg/installed/x64-windows-static/Program Files/Microsoft Visual Studio/2022/Community/Common7/IDE/VC/Linux/bin/ConnectionManagerExe/rc.com"
      - "C:/src/vcpkg/installed/x64-windows-static/Program Files/Microsoft Visual Studio/2022/Community/Common7/IDE/VC/Linux/bin/ConnectionManagerExe/rc.exe"
      - "C:/src/vcpkg/installed/x64-windows-static/Program Files/Microsoft Visual Studio/2022/Community/Common7/IDE/VC/Linux/bin/ConnectionManagerExe/rc"
      - "C:/src/vcpkg/installed/x64-windows-static/Program Files/Microsoft Visual Studio/2022/Community/VC/vcpkg/rc.com"
      - "C:/src/vcpkg/installed/x64-windows-static/Program Files/Microsoft Visual Studio/2022/Community/VC/vcpkg/rc.exe"
      - "C:/src/vcpkg/installed/x64-windows-static/Program Files/Microsoft Visual Studio/2022/Community/VC/vcpkg/rc"
      - "C:/src/vcpkg/installed/x64-windows-static/src/vcpkg/downloads/tools/ninja-1.13.2-windows/rc.com"
      - "C:/src/vcpkg/installed/x64-windows-static/src/vcpkg/downloads/tools/ninja-1.13.2-windows/rc.exe"
      - "C:/src/vcpkg/installed/x64-windows-static/src/vcpkg/downloads/tools/ninja-1.13.2-windows/rc"
      - "C:/src/vcpkg/installed/x64-windows-static/Program Files/bin/rc.com"
      - "C:/src/vcpkg/installed/x64-windows-static/Program Files/bin/rc.exe"
      - "C:/src/vcpkg/installed/x64-windows-static/Program Files/bin/rc"
      - "C:/src/vcpkg/installed/x64-windows-static/Program Files/sbin/rc.com"
      - "C:/src/vcpkg/installed/x64-windows-static/Program Files/sbin/rc.exe"
      - "C:/src/vcpkg/installed/x64-windows-static/Program Files/sbin/rc"
      - "C:/src/vcpkg/installed/x64-windows-static/Program Files/rc.com"
      - "C:/src/vcpkg/installed/x64-windows-static/Program Files/rc.exe"
      - "C:/src/vcpkg/installed/x64-windows-static/Program Files/rc"
      - "C:/src/vcpkg/installed/x64-windows-static/Program Files (x86)/bin/rc.com"
      - "C:/src/vcpkg/installed/x64-windows-static/Program Files (x86)/bin/rc.exe"
      - "C:/src/vcpkg/installed/x64-windows-static/Program Files (x86)/bin/rc"
      - "C:/src/vcpkg/installed/x64-windows-static/Program Files (x86)/sbin/rc.com"
      - "C:/src/vcpkg/installed/x64-windows-static/Program Files (x86)/sbin/rc.exe"
      - "C:/src/vcpkg/installed/x64-windows-static/Program Files (x86)/sbin/rc"
      - "C:/src/vcpkg/installed/x64-windows-static/Program Files (x86)/rc.com"
      - "C:/src/vcpkg/installed/x64-windows-static/Program Files (x86)/rc.exe"
      - "C:/src/vcpkg/installed/x64-windows-static/Program Files (x86)/rc"
      - "C:/src/vcpkg/installed/x64-windows-static/Program Files/CMake/bin/rc.com"
      - "C:/src/vcpkg/installed/x64-windows-static/Program Files/CMake/bin/rc.exe"
      - "C:/src/vcpkg/installed/x64-windows-static/Program Files/CMake/bin/rc"
      - "C:/src/vcpkg/installed/x64-windows-static/Program Files/CMake/sbin/rc.com"
      - "C:/src/vcpkg/installed/x64-windows-static/Program Files/CMake/sbin/rc.exe"
      - "C:/src/vcpkg/installed/x64-windows-static/Program Files/CMake/sbin/rc"
      - "C:/src/vcpkg/installed/x64-windows-static/Program Files/CMake/rc.com"
      - "C:/src/vcpkg/installed/x64-windows-static/Program Files/CMake/rc.exe"
      - "C:/src/vcpkg/installed/x64-windows-static/Program Files/CMake/rc"
      - "C:/src/vcpkg/installed/x64-windows-static/src/vcpkg/packages/jsoncpp_x64-windows-static/debug/bin/rc.com"
      - "C:/src/vcpkg/installed/x64-windows-static/src/vcpkg/packages/jsoncpp_x64-windows-static/debug/bin/rc.exe"
      - "C:/src/vcpkg/installed/x64-windows-static/src/vcpkg/packages/jsoncpp_x64-windows-static/debug/bin/rc"
      - "C:/src/vcpkg/installed/x64-windows-static/src/vcpkg/packages/jsoncpp_x64-windows-static/debug/sbin/rc.com"
      - "C:/src/vcpkg/installed/x64-windows-static/src/vcpkg/packages/jsoncpp_x64-windows-static/debug/sbin/rc.exe"
      - "C:/src/vcpkg/installed/x64-windows-static/src/vcpkg/packages/jsoncpp_x64-windows-static/debug/sbin/rc"
      - "C:/src/vcpkg/installed/x64-windows-static/src/vcpkg/packages/jsoncpp_x64-windows-static/debug/rc.com"
      - "C:/src/vcpkg/installed/x64-windows-static/src/vcpkg/packages/jsoncpp_x64-windows-static/debug/rc.exe"
      - "C:/src/vcpkg/installed/x64-windows-static/src/vcpkg/packages/jsoncpp_x64-windows-static/debug/rc"
      - "C:/src/vcpkg/installed/x64-windows-static/debug/bin/rc.com"
      - "C:/src/vcpkg/installed/x64-windows-static/debug/bin/rc.exe"
      - "C:/src/vcpkg/installed/x64-windows-static/debug/bin/rc"
      - "C:/src/vcpkg/installed/x64-windows-static/debug/sbin/rc.com"
      - "C:/src/vcpkg/installed/x64-windows-static/debug/sbin/rc.exe"
      - "C:/src/vcpkg/installed/x64-windows-static/debug/sbin/rc"
      - "C:/src/vcpkg/installed/x64-windows-static/debug/rc.com"
      - "C:/src/vcpkg/installed/x64-windows-static/debug/rc.exe"
      - "C:/src/vcpkg/installed/x64-windows-static/debug/rc"
      - "C:/src/vcpkg/installed/x64-windows-static/bin/rc.com"
      - "C:/src/vcpkg/installed/x64-windows-static/bin/rc.exe"
      - "C:/src/vcpkg/installed/x64-windows-static/bin/rc"
      - "C:/src/vcpkg/installed/x64-windows-static/sbin/rc.com"
      - "C:/src/vcpkg/installed/x64-windows-static/sbin/rc.exe"
      - "C:/src/vcpkg/installed/x64-windows-static/sbin/rc"
      - "C:/src/vcpkg/installed/x64-windows-static/rc.com"
      - "C:/src/vcpkg/installed/x64-windows-static/rc.exe"
      - "C:/src/vcpkg/installed/x64-windows-static/rc"
      - "C:/src/vcpkg/installed/x64-windows-static/tools/rc.com"
      - "C:/src/vcpkg/installed/x64-windows-static/tools/rc.exe"
      - "C:/src/vcpkg/installed/x64-windows-static/tools/rc"
      - "C:/Program Files/Microsoft Visual Studio/2022/Community/VC/Tools/MSVC/14.44.35207/bin/Hostx64/x64/rc.com"
      - "C:/Program Files/Microsoft Visual Studio/2022/Community/VC/Tools/MSVC/14.44.35207/bin/Hostx64/x64/rc.exe"
      - "C:/Program Files/Microsoft Visual Studio/2022/Community/VC/Tools/MSVC/14.44.35207/bin/Hostx64/x64/rc"
      - "C:/Program Files/Microsoft Visual Studio/2022/Community/Common7/IDE/VC/vcpackages/rc.com"
      - "C:/Program Files/Microsoft Visual Studio/2022/Community/Common7/IDE/VC/vcpackages/rc.exe"
      - "C:/Program Files/Microsoft Visual Studio/2022/Community/Common7/IDE/VC/vcpackages/rc"
      - "C:/Program Files/Microsoft Visual Studio/2022/Community/Common7/IDE/CommonExtensions/Microsoft/TestWindow/rc.com"
      - "C:/Program Files/Microsoft Visual Studio/2022/Community/Common7/IDE/CommonExtensions/Microsoft/TestWindow/rc.exe"
      - "C:/Program Files/Microsoft Visual Studio/2022/Community/Common7/IDE/CommonExtensions/Microsoft/TestWindow/rc"
      - "C:/Program Files/Microsoft Visual Studio/2022/Community/Common7/IDE/CommonExtensions/Microsoft/TeamFoundation/Team Explorer/rc.com"
      - "C:/Program Files/Microsoft Visual Studio/2022/Community/Common7/IDE/CommonExtensions/Microsoft/TeamFoundation/Team Explorer/rc.exe"
      - "C:/Program Files/Microsoft Visual Studio/2022/Community/Common7/IDE/CommonExtensions/Microsoft/TeamFoundation/Team Explorer/rc"
      - "C:/Program Files/Microsoft Visual Studio/2022/Community/MSBuild/Current/Bin/Roslyn/rc.com"
      - "C:/Program Files/Microsoft Visual Studio/2022/Community/MSBuild/Current/Bin/Roslyn/rc.exe"
      - "C:/Program Files/Microsoft Visual Studio/2022/Community/MSBuild/Current/Bin/Roslyn/rc"
      - "C:/Program Files (x86)/Microsoft SDKs/Windows/v10.0A/bin/NETFX 4.8 Tools/x64/rc.com"
      - "C:/Program Files (x86)/Microsoft SDKs/Windows/v10.0A/bin/NETFX 4.8 Tools/x64/rc.exe"
      - "C:/Program Files (x86)/Microsoft SDKs/Windows/v10.0A/bin/NETFX 4.8 Tools/x64/rc"
      - "C:/Program Files/Microsoft Visual Studio/2022/Community/Common7/IDE/CommonExtensions/Microsoft/FSharp/Tools/rc.com"
      - "C:/Program Files/Microsoft Visual Studio/2022/Community/Common7/IDE/CommonExtensions/Microsoft/FSharp/Tools/rc.exe"
      - "C:/Program Files/Microsoft Visual Studio/2022/Community/Common7/IDE/CommonExtensions/Microsoft/FSharp/Tools/rc"
      - "C:/Program Files/Microsoft Visual Studio/2022/Community/Team Tools/DiagnosticsHub/Collector/rc.com"
      - "C:/Program Files/Microsoft Visual Studio/2022/Community/Team Tools/DiagnosticsHub/Collector/rc.exe"
      - "C:/Program Files/Microsoft Visual Studio/2022/Community/Team Tools/DiagnosticsHub/Collector/rc"
      - "C:/Program Files (x86)/Windows Kits/10/bin/10.0.26100.0/x64/rc.com"
    found: "C:/Program Files (x86)/Windows Kits/10/bin/10.0.26100.0/x64/rc.exe"
    search_context:
      CMAKE_PROGRAM_PATH:
        - "C:/src/vcpkg/installed/x64-windows-static/tools"
      CMAKE_PREFIX_PATH:
        - "C:/src/vcpkg/installed/x64-windows-static/debug"
        - "C:/src/vcpkg/installed/x64-windows-static"
      ENV{PATH}:
        - "C:\\Program Files\\Microsoft Visual Studio\\2022\\Community\\VC\\Tools\\MSVC\\14.44.35207\\bin\\HostX64\\x64"
        - "C:\\Program Files\\Microsoft Visual Studio\\2022\\Community\\Common7\\IDE\\VC\\VCPackages"
        - "C:\\Program Files\\Microsoft Visual Studio\\2022\\Community\\Common7\\IDE\\CommonExtensions\\Microsoft\\TestWindow"
        - "C:\\Program Files\\Microsoft Visual Studio\\2022\\Community\\Common7\\IDE\\CommonExtensions\\Microsoft\\TeamFoundation\\Team Explorer"
        - "C:\\Program Files\\Microsoft Visual Studio\\2022\\Community\\MSBuild\\Current\\bin\\Roslyn"
        - "C:\\Program Files (x86)\\Microsoft SDKs\\Windows\\v10.0A\\bin\\NETFX 4.8 Tools\\x64\\"
        - "C:\\Program Files\\Microsoft Visual Studio\\2022\\Community\\Common7\\IDE\\CommonExtensions\\Microsoft\\FSharp\\Tools"
        - "C:\\Program Files\\Microsoft Visual Studio\\2022\\Community\\Team Tools\\DiagnosticsHub\\Collector"
        - "C:\\Program Files (x86)\\Windows Kits\\10\\bin\\10.0.26100.0\\x64"
        - "C:\\Program Files (x86)\\Windows Kits\\10\\bin\\x64"
        - "C:\\Program Files\\Microsoft Visual Studio\\2022\\Community\\MSBuild\\Current\\Bin\\amd64"
        - "C:\\Windows\\Microsoft.NET\\Framework64\\v4.0.30319"
        - "C:\\Program Files\\Microsoft Visual Studio\\2022\\Community\\Common7\\IDE\\"
        - "C:\\Program Files\\Microsoft Visual Studio\\2022\\Community\\Common7\\Tools\\"
        - "C:\\src\\vcpkg\\downloads\\tools\\powershell-core-7.6.4-windows"
        - "C:\\WINDOWS\\system32"
        - "C:\\WINDOWS"
        - "C:\\WINDOWS\\system32\\Wbem"
        - "C:\\WINDOWS\\system32\\WindowsPowerShell\\v1.0\\"
        - "C:\\WINDOWS\\system32\\OpenSSH\\"
        - "C:\\Program Files\\Microsoft Visual Studio\\2022\\Community\\Common7\\IDE\\CommonExtensions\\Microsoft\\CMake\\CMake\\bin"
        - "C:\\Program Files\\Microsoft Visual Studio\\2022\\Community\\Common7\\IDE\\CommonExtensions\\Microsoft\\CMake\\Ninja"
        - "C:\\Program Files\\Microsoft Visual Studio\\2022\\Community\\Common7\\IDE\\VC\\Linux\\bin\\ConnectionManagerExe"
        - "C:\\Program Files\\Microsoft Visual Studio\\2022\\Community\\VC\\vcpkg"
        - "C:\\src\\vcpkg\\downloads\\tools\\ninja-1.13.2-windows"
      CMAKE_INSTALL_PREFIX: "C:/src/vcpkg/packages/jsoncpp_x64-windows-static/debug"
      CMAKE_SYSTEM_PREFIX_PATH:
        - "C:/Program Files"
        - "C:/Program Files (x86)"
        - "C:/Program Files/CMake"
        - "C:/src/vcpkg/packages/jsoncpp_x64-windows-static/debug"
      CMAKE_FIND_ROOT_PATH: "C:/src/vcpkg/installed/x64-windows-static/debug;C:/src/vcpkg/installed/x64-windows-static"
  -
    kind: "try_compile-v1"
    backtrace:
      - "C:/Program Files/CMake/share/cmake-4.4/Modules/CMakeDetermineCompilerABI.cmake:123 (try_compile)"
      - "C:/Program Files/CMake/share/cmake-4.4/Modules/CMakeTestCXXCompiler.cmake:26 (CMAKE_DETERMINE_COMPILER_ABI)"
      - "CMakeLists.txt:57 (project)"
    checks:
      - "Detecting CXX compiler ABI info"
    directories:
      source: "C:/src/vcpkg/buildtrees/jsoncpp/x64-windows-static-dbg/CMakeFiles/CMakeScratch/TryCompile-hp4quh"
      binary: "C:/src/vcpkg/buildtrees/jsoncpp/x64-windows-static-dbg/CMakeFiles/CMakeScratch/TryCompile-hp4quh"
    cmakeVariables:
      CMAKE_CXX_FLAGS: " /nologo /DWIN32 /D_WINDOWS /utf-8 /GR /EHsc /MP "
      CMAKE_CXX_FLAGS_DEBUG: "/MTd /Z7 /Ob0 /Od /RTC1 "
      CMAKE_CXX_SCAN_FOR_MODULES: "OFF"
      CMAKE_CXX_STDLIB_MODULES_JSON: ""
      CMAKE_EXE_LINKER_FLAGS: "/machine:x64"
      CMAKE_MODULE_PATH: "C:/src/vcpkg/buildtrees/jsoncpp/src/1.9.6-29ceffc35f.clean/cmake"
      CMAKE_MSVC_DEBUG_INFORMATION_FORMAT: ""
      CMAKE_MSVC_RUNTIME_LIBRARY: "MultiThreaded$<$<CONFIG:Debug>:Debug>$<$<STREQUAL:static,dynamic>:DLL>"
      VCPKG_CHAINLOAD_TOOLCHAIN_FILE: "C:/src/vcpkg/scripts/toolchains/windows.cmake"
      VCPKG_CRT_LINKAGE: "static"
      VCPKG_CXX_FLAGS: ""
      VCPKG_CXX_FLAGS_DEBUG: ""
      VCPKG_CXX_FLAGS_RELEASE: ""
      VCPKG_C_FLAGS: ""
      VCPKG_C_FLAGS_DEBUG: ""
      VCPKG_C_FLAGS_RELEASE: ""
      VCPKG_INSTALLED_DIR: "C:/src/vcpkg/installed"
      VCPKG_LINKER_FLAGS: ""
      VCPKG_LINKER_FLAGS_DEBUG: ""
      VCPKG_LINKER_FLAGS_RELEASE: ""
      VCPKG_PLATFORM_TOOLSET: "v143"
      VCPKG_PREFER_SYSTEM_LIBS: "OFF"
      VCPKG_SET_CHARSET_FLAG: "ON"
      VCPKG_TARGET_ARCHITECTURE: "x64"
      VCPKG_TARGET_TRIPLET: "x64-windows-static"
      Z_VCPKG_ROOT_DIR: "C:/src/vcpkg"
    buildResult:
      variable: "CMAKE_CXX_ABI_COMPILED"
      cached: false
      stdout: |
        Change Dir: 'C:/src/vcpkg/buildtrees/jsoncpp/x64-windows-static-dbg/CMakeFiles/CMakeScratch/TryCompile-hp4quh'
        
        Run Build Command(s): C:\\src\\vcpkg\\downloads\\tools\\ninja-1.13.2-windows\\ninja.exe -v cmTC_a51df
        [1/2] "C:\\Program Files\\Microsoft Visual Studio\\2022\\Community\\VC\\Tools\\MSVC\\14.44.35207\\bin\\Hostx64\\x64\\cl.exe"  /nologo /TP -D_MBCS  /nologo /DWIN32 /D_WINDOWS /utf-8 /GR /EHsc /MP   /MTd /Z7 /Ob0 /Od /RTC1  -MTd /showIncludes /FoCMakeFiles\\cmTC_a51df.dir\\CMakeCXXCompilerABI.cpp.obj /FdCMakeFiles\\cmTC_a51df.dir\\ /FS -c "C:\\Program Files\\CMake\\share\\cmake-4.4\\Modules\\CMakeCXXCompilerABI.cpp"
        [2/2] C:\\WINDOWS\\system32\\cmd.exe /C "cd . && "C:\\Program Files\\CMake\\bin\\cmake.exe" -E vs_link_exe --msvc-ver=1944 --intdir=CMakeFiles\\cmTC_a51df.dir --rc="C:\\Program Files (x86)\\Windows Kits\\10\\bin\\10.0.26100.0\\x64\\rc.exe" --mt="C:\\Program Files (x86)\\Windows Kits\\10\\bin\\10.0.26100.0\\x64\\mt.exe" --manifests  -- "C:\\Program Files\\Microsoft Visual Studio\\2022\\Community\\VC\\Tools\\MSVC\\14.44.35207\\bin\\Hostx64\\x64\\link.exe" /nologo CMakeFiles\\cmTC_a51df.dir\\CMakeCXXCompilerABI.cpp.obj  /out:cmTC_a51df.exe /implib:cmTC_a51df.lib /pdb:cmTC_a51df.pdb /version:0.0 /machine:x64 /nologo /debug /INCREMENTAL /subsystem:console  kernel32.lib user32.lib gdi32.lib winspool.lib shell32.lib ole32.lib oleaut32.lib uuid.lib comdlg32.lib advapi32.lib && cd ."
        
      exitCode: 0
  -
    kind: "message-v1"
    backtrace:
      - "C:/Program Files/CMake/share/cmake-4.4/Modules/CMakeDetermineCompilerABI.cmake:291 (message)"
      - "C:/Program Files/CMake/share/cmake-4.4/Modules/CMakeTestCXXCompiler.cmake:26 (CMAKE_DETERMINE_COMPILER_ABI)"
      - "CMakeLists.txt:57 (project)"
    message: |
      Parsed CXX implicit link information:
        link line regex: [^( *|.*[/\\])(ld[0-9]*(|\\.[a-rt-z][a-z]*|\\.s[a-np-z][a-z]*|\\.so[a-z]+)|link\\.exe|lld-link(\\.exe)?|CMAKE_LINK_STARTFILE-NOTFOUND|([^/\\]+-)?ld|collect2)[^/\\]*( |$)]
        linker tool regex: [^[ 	]*(->|"|[0-9]+>[ 	-]*Build:[ 	0-9]+ ms[ 	]*)?[ 	]*(([^"]*[/\\])?(ld[0-9]*(|\\.[a-rt-z][a-z]*|\\.s[a-np-z][a-z]*|\\.so[a-z]+)|link\\.exe|lld-link(\\.exe)?))("|,| |$)]
        link line: [[2/2] C:\\WINDOWS\\system32\\cmd.exe /C "cd . && "C:\\Program Files\\CMake\\bin\\cmake.exe" -E vs_link_exe --msvc-ver=1944 --intdir=CMakeFiles\\cmTC_a51df.dir --rc="C:\\Program Files (x86)\\Windows Kits\\10\\bin\\10.0.26100.0\\x64\\rc.exe" --mt="C:\\Program Files (x86)\\Windows Kits\\10\\bin\\10.0.26100.0\\x64\\mt.exe" --manifests  -- "C:\\Program Files\\Microsoft Visual Studio\\2022\\Community\\VC\\Tools\\MSVC\\14.44.35207\\bin\\Hostx64\\x64\\link.exe" /nologo CMakeFiles\\cmTC_a51df.dir\\CMakeCXXCompilerABI.cpp.obj  /out:cmTC_a51df.exe /implib:cmTC_a51df.lib /pdb:cmTC_a51df.pdb /version:0.0 /machine:x64 /nologo /debug /INCREMENTAL /subsystem:console  kernel32.lib user32.lib gdi32.lib winspool.lib shell32.lib ole32.lib oleaut32.lib uuid.lib comdlg32.lib advapi32.lib && cd ."] ==> linker [C:\\Program Files\\Microsoft Visual Studio\\2022\\Community\\VC\\Tools\\MSVC\\14.44.35207\\bin\\Hostx64\\x64\\link.exe]
        linker tool for 'CXX': C:/Program Files/Microsoft Visual Studio/2022/Community/VC/Tools/MSVC/14.44.35207/bin/Hostx64/x64/link.exe 
        implicit libs: []
        implicit objs: []
        implicit dirs: []
        implicit fwks: []
      
      
  -
    kind: "message-v1"
    backtrace:
      - "C:/Program Files/CMake/share/cmake-4.4/Modules/Internal/CMakeDetermineLinkerId.cmake:41 (message)"
      - "C:/Program Files/CMake/share/cmake-4.4/Modules/CMakeDetermineCompilerABI.cmake:337 (cmake_determine_linker_id)"
      - "C:/Program Files/CMake/share/cmake-4.4/Modules/CMakeTestCXXCompiler.cmake:26 (CMAKE_DETERMINE_COMPILER_ABI)"
      - "CMakeLists.txt:57 (project)"
    message: |
      Running the CXX compiler's linker: "C:/Program Files/Microsoft Visual Studio/2022/Community/VC/Tools/MSVC/14.44.35207/bin/Hostx64/x64/link.exe" "-v"
      Microsoft (R) Incremental Linker Version 14.44.35213.0
      Copyright (C) Microsoft Corporation.  All rights reserved.
  -
    kind: "try_compile-v1"
    backtrace:
      - "C:/Program Files/CMake/share/cmake-4.4/Modules/CheckIncludeFileCXX.cmake:126 (try_compile)"
      - "src/lib_json/CMakeLists.txt:11 (check_include_file_cxx)"
    checks:
      - "Looking for C++ include clocale"
    directories:
      source: "C:/src/vcpkg/buildtrees/jsoncpp/x64-windows-static-dbg/CMakeFiles/CMakeScratch/TryCompile-wj1rvy"
      binary: "C:/src/vcpkg/buildtrees/jsoncpp/x64-windows-static-dbg/CMakeFiles/CMakeScratch/TryCompile-wj1rvy"
    cmakeVariables:
      CMAKE_CXX_FLAGS: " /nologo /DWIN32 /D_WINDOWS /utf-8 /GR /EHsc /MP "
      CMAKE_CXX_FLAGS_DEBUG: "/MTd /Z7 /Ob0 /Od /RTC1 "
      CMAKE_CXX_STDLIB_MODULES_JSON: ""
      CMAKE_EXE_LINKER_FLAGS: "/machine:x64"
      CMAKE_MODULE_PATH: "C:/src/vcpkg/buildtrees/jsoncpp/src/1.9.6-29ceffc35f.clean/cmake"
      CMAKE_MSVC_DEBUG_INFORMATION_FORMAT: ""
      CMAKE_MSVC_RUNTIME_LIBRARY: "MultiThreaded$<$<CONFIG:Debug>:Debug>"
      VCPKG_CHAINLOAD_TOOLCHAIN_FILE: "C:/src/vcpkg/scripts/toolchains/windows.cmake"
      VCPKG_CRT_LINKAGE: "static"
      VCPKG_CXX_FLAGS: ""
      VCPKG_CXX_FLAGS_DEBUG: ""
      VCPKG_CXX_FLAGS_RELEASE: ""
      VCPKG_C_FLAGS: ""
      VCPKG_C_FLAGS_DEBUG: ""
      VCPKG_C_FLAGS_RELEASE: ""
      VCPKG_INSTALLED_DIR: "C:/src/vcpkg/installed"
      VCPKG_LINKER_FLAGS: ""
      VCPKG_LINKER_FLAGS_DEBUG: ""
      VCPKG_LINKER_FLAGS_RELEASE: ""
      VCPKG_PLATFORM_TOOLSET: "v143"
      VCPKG_PREFER_SYSTEM_LIBS: "OFF"
      VCPKG_SET_CHARSET_FLAG: "ON"
      VCPKG_TARGET_ARCHITECTURE: "x64"
      VCPKG_TARGET_TRIPLET: "x64-windows-static"
      Z_VCPKG_ROOT_DIR: "C:/src/vcpkg"
    buildResult:
      variable: "HAVE_CLOCALE"
      cached: true
      stdout: |
        Change Dir: 'C:/src/vcpkg/buildtrees/jsoncpp/x64-windows-static-dbg/CMakeFiles/CMakeScratch/TryCompile-wj1rvy'
        
        Run Build Command(s): C:\\src\\vcpkg\\downloads\\tools\\ninja-1.13.2-windows\\ninja.exe -v cmTC_5ef02
        [1/2] "C:\\Program Files\\Microsoft Visual Studio\\2022\\Community\\VC\\Tools\\MSVC\\14.44.35207\\bin\\Hostx64\\x64\\cl.exe"  /nologo /TP -D_MBCS  /nologo /DWIN32 /D_WINDOWS /utf-8 /GR /EHsc /MP   /MTd /Z7 /Ob0 /Od /RTC1  -MTd /showIncludes /FoCMakeFiles\\cmTC_5ef02.dir\\CheckIncludeFile.cxx.obj /FdCMakeFiles\\cmTC_5ef02.dir\\ /FS -c C:\\src\\vcpkg\\buildtrees\\jsoncpp\\x64-windows-static-dbg\\CMakeFiles\\CMakeScratch\\TryCompile-wj1rvy\\CheckIncludeFile.cxx
        [2/2] C:\\WINDOWS\\system32\\cmd.exe /C "cd . && "C:\\Program Files\\CMake\\bin\\cmake.exe" -E vs_link_exe --msvc-ver=1944 --intdir=CMakeFiles\\cmTC_5ef02.dir --rc="C:\\Program Files (x86)\\Windows Kits\\10\\bin\\10.0.26100.0\\x64\\rc.exe" --mt="C:\\Program Files (x86)\\Windows Kits\\10\\bin\\10.0.26100.0\\x64\\mt.exe" --manifests  -- "C:\\Program Files\\Microsoft Visual Studio\\2022\\Community\\VC\\Tools\\MSVC\\14.44.35207\\bin\\Hostx64\\x64\\link.exe" /nologo CMakeFiles\\cmTC_5ef02.dir\\CheckIncludeFile.cxx.obj  /out:cmTC_5ef02.exe /implib:cmTC_5ef02.lib /pdb:cmTC_5ef02.pdb /version:0.0 /machine:x64 /nologo /debug /INCREMENTAL /subsystem:console  kernel32.lib user32.lib gdi32.lib winspool.lib shell32.lib ole32.lib oleaut32.lib uuid.lib comdlg32.lib advapi32.lib && cd ."
        
      exitCode: 0
  -
    kind: "try_compile-v1"
    backtrace:
      - "C:/Program Files/CMake/share/cmake-4.4/Modules/CheckSymbolExists.cmake:171 (try_compile)"
      - "C:/Program Files/CMake/share/cmake-4.4/Modules/CheckCXXSymbolExists.cmake:105 (__CHECK_SYMBOL_EXISTS_IMPL)"
      - "src/lib_json/CMakeLists.txt:12 (check_cxx_symbol_exists)"
    checks:
      - "Looking for localeconv"
    directories:
      source: "C:/src/vcpkg/buildtrees/jsoncpp/x64-windows-static-dbg/CMakeFiles/CMakeScratch/TryCompile-cl5cst"
      binary: "C:/src/vcpkg/buildtrees/jsoncpp/x64-windows-static-dbg/CMakeFiles/CMakeScratch/TryCompile-cl5cst"
    cmakeVariables:
      CMAKE_CXX_FLAGS: " /nologo /DWIN32 /D_WINDOWS /utf-8 /GR /EHsc /MP "
      CMAKE_CXX_FLAGS_DEBUG: "/MTd /Z7 /Ob0 /Od /RTC1 "
      CMAKE_CXX_STDLIB_MODULES_JSON: ""
      CMAKE_EXE_LINKER_FLAGS: "/machine:x64"
      CMAKE_MODULE_PATH: "C:/src/vcpkg/buildtrees/jsoncpp/src/1.9.6-29ceffc35f.clean/cmake"
      CMAKE_MSVC_DEBUG_INFORMATION_FORMAT: ""
      CMAKE_MSVC_RUNTIME_LIBRARY: "MultiThreaded$<$<CONFIG:Debug>:Debug>"
      VCPKG_CHAINLOAD_TOOLCHAIN_FILE: "C:/src/vcpkg/scripts/toolchains/windows.cmake"
      VCPKG_CRT_LINKAGE: "static"
      VCPKG_CXX_FLAGS: ""
      VCPKG_CXX_FLAGS_DEBUG: ""
      VCPKG_CXX_FLAGS_RELEASE: ""
      VCPKG_C_FLAGS: ""
      VCPKG_C_FLAGS_DEBUG: ""
      VCPKG_C_FLAGS_RELEASE: ""
      VCPKG_INSTALLED_DIR: "C:/src/vcpkg/installed"
      VCPKG_LINKER_FLAGS: ""
      VCPKG_LINKER_FLAGS_DEBUG: ""
      VCPKG_LINKER_FLAGS_RELEASE: ""
      VCPKG_PLATFORM_TOOLSET: "v143"
      VCPKG_PREFER_SYSTEM_LIBS: "OFF"
      VCPKG_SET_CHARSET_FLAG: "ON"
      VCPKG_TARGET_ARCHITECTURE: "x64"
      VCPKG_TARGET_TRIPLET: "x64-windows-static"
      Z_VCPKG_ROOT_DIR: "C:/src/vcpkg"
    buildResult:
      variable: "HAVE_LOCALECONV"
      cached: true
      stdout: |
        Change Dir: 'C:/src/vcpkg/buildtrees/jsoncpp/x64-windows-static-dbg/CMakeFiles/CMakeScratch/TryCompile-cl5cst'
        
        Run Build Command(s): C:\\src\\vcpkg\\downloads\\tools\\ninja-1.13.2-windows\\ninja.exe -v cmTC_71d17
        [1/2] "C:\\Program Files\\Microsoft Visual Studio\\2022\\Community\\VC\\Tools\\MSVC\\14.44.35207\\bin\\Hostx64\\x64\\cl.exe"  /nologo /TP -D_MBCS  /nologo /DWIN32 /D_WINDOWS /utf-8 /GR /EHsc /MP   /MTd /Z7 /Ob0 /Od /RTC1  -MTd /showIncludes /FoCMakeFiles\\cmTC_71d17.dir\\CheckSymbolExists.cxx.obj /FdCMakeFiles\\cmTC_71d17.dir\\ /FS -c C:\\src\\vcpkg\\buildtrees\\jsoncpp\\x64-windows-static-dbg\\CMakeFiles\\CMakeScratch\\TryCompile-cl5cst\\CheckSymbolExists.cxx
        [2/2] C:\\WINDOWS\\system32\\cmd.exe /C "cd . && "C:\\Program Files\\CMake\\bin\\cmake.exe" -E vs_link_exe --msvc-ver=1944 --intdir=CMakeFiles\\cmTC_71d17.dir --rc="C:\\Program Files (x86)\\Windows Kits\\10\\bin\\10.0.26100.0\\x64\\rc.exe" --mt="C:\\Program Files (x86)\\Windows Kits\\10\\bin\\10.0.26100.0\\x64\\mt.exe" --manifests  -- "C:\\Program Files\\Microsoft Visual Studio\\2022\\Community\\VC\\Tools\\MSVC\\14.44.35207\\bin\\Hostx64\\x64\\link.exe" /nologo CMakeFiles\\cmTC_71d17.dir\\CheckSymbolExists.cxx.obj  /out:cmTC_71d17.exe /implib:cmTC_71d17.lib /pdb:cmTC_71d17.pdb /version:0.0 /machine:x64 /nologo /debug /INCREMENTAL /subsystem:console  kernel32.lib user32.lib gdi32.lib winspool.lib shell32.lib ole32.lib oleaut32.lib uuid.lib comdlg32.lib advapi32.lib && cd ."
        
      exitCode: 0
  -
    kind: "try_compile-v1"
    backtrace:
      - "C:/Program Files/CMake/share/cmake-4.4/Modules/CheckIncludeFileCXX.cmake:126 (try_compile)"
      - "C:/Program Files/CMake/share/cmake-4.4/Modules/CheckTypeSize.cmake:461 (check_include_file_cxx)"
      - "src/lib_json/CMakeLists.txt:15 (check_type_size)"
    checks:
      - "Looking for C++ include sys/types.h"
    directories:
      source: "C:/src/vcpkg/buildtrees/jsoncpp/x64-windows-static-dbg/CMakeFiles/CMakeScratch/TryCompile-k2qv0s"
      binary: "C:/src/vcpkg/buildtrees/jsoncpp/x64-windows-static-dbg/CMakeFiles/CMakeScratch/TryCompile-k2qv0s"
    cmakeVariables:
      CMAKE_CXX_FLAGS: " /nologo /DWIN32 /D_WINDOWS /utf-8 /GR /EHsc /MP "
      CMAKE_CXX_FLAGS_DEBUG: "/MTd /Z7 /Ob0 /Od /RTC1 "
      CMAKE_CXX_STDLIB_MODULES_JSON: ""
      CMAKE_EXE_LINKER_FLAGS: "/machine:x64"
      CMAKE_MODULE_PATH: "C:/src/vcpkg/buildtrees/jsoncpp/src/1.9.6-29ceffc35f.clean/cmake"
      CMAKE_MSVC_DEBUG_INFORMATION_FORMAT: ""
      CMAKE_MSVC_RUNTIME_LIBRARY: "MultiThreaded$<$<CONFIG:Debug>:Debug>"
      VCPKG_CHAINLOAD_TOOLCHAIN_FILE: "C:/src/vcpkg/scripts/toolchains/windows.cmake"
      VCPKG_CRT_LINKAGE: "static"
      VCPKG_CXX_FLAGS: ""
      VCPKG_CXX_FLAGS_DEBUG: ""
      VCPKG_CXX_FLAGS_RELEASE: ""
      VCPKG_C_FLAGS: ""
      VCPKG_C_FLAGS_DEBUG: ""
      VCPKG_C_FLAGS_RELEASE: ""
      VCPKG_INSTALLED_DIR: "C:/src/vcpkg/installed"
      VCPKG_LINKER_FLAGS: ""
      VCPKG_LINKER_FLAGS_DEBUG: ""
      VCPKG_LINKER_FLAGS_RELEASE: ""
      VCPKG_PLATFORM_TOOLSET: "v143"
      VCPKG_PREFER_SYSTEM_LIBS: "OFF"
      VCPKG_SET_CHARSET_FLAG: "ON"
      VCPKG_TARGET_ARCHITECTURE: "x64"
      VCPKG_TARGET_TRIPLET: "x64-windows-static"
      Z_VCPKG_ROOT_DIR: "C:/src/vcpkg"
    buildResult:
      variable: "HAVE_SYS_TYPES_H"
      cached: true
      stdout: |
        Change Dir: 'C:/src/vcpkg/buildtrees/jsoncpp/x64-windows-static-dbg/CMakeFiles/CMakeScratch/TryCompile-k2qv0s'
        
        Run Build Command(s): C:\\src\\vcpkg\\downloads\\tools\\ninja-1.13.2-windows\\ninja.exe -v cmTC_bb120
        [1/2] "C:\\Program Files\\Microsoft Visual Studio\\2022\\Community\\VC\\Tools\\MSVC\\14.44.35207\\bin\\Hostx64\\x64\\cl.exe"  /nologo /TP -D_MBCS  /nologo /DWIN32 /D_WINDOWS /utf-8 /GR /EHsc /MP   /MTd /Z7 /Ob0 /Od /RTC1  -MTd /showIncludes /FoCMakeFiles\\cmTC_bb120.dir\\CheckIncludeFile.cxx.obj /FdCMakeFiles\\cmTC_bb120.dir\\ /FS -c C:\\src\\vcpkg\\buildtrees\\jsoncpp\\x64-windows-static-dbg\\CMakeFiles\\CMakeScratch\\TryCompile-k2qv0s\\CheckIncludeFile.cxx
        [2/2] C:\\WINDOWS\\system32\\cmd.exe /C "cd . && "C:\\Program Files\\CMake\\bin\\cmake.exe" -E vs_link_exe --msvc-ver=1944 --intdir=CMakeFiles\\cmTC_bb120.dir --rc="C:\\Program Files (x86)\\Windows Kits\\10\\bin\\10.0.26100.0\\x64\\rc.exe" --mt="C:\\Program Files (x86)\\Windows Kits\\10\\bin\\10.0.26100.0\\x64\\mt.exe" --manifests  -- "C:\\Program Files\\Microsoft Visual Studio\\2022\\Community\\VC\\Tools\\MSVC\\14.44.35207\\bin\\Hostx64\\x64\\link.exe" /nologo CMakeFiles\\cmTC_bb120.dir\\CheckIncludeFile.cxx.obj  /out:cmTC_bb120.exe /implib:cmTC_bb120.lib /pdb:cmTC_bb120.pdb /version:0.0 /machine:x64 /nologo /debug /INCREMENTAL /subsystem:console  kernel32.lib user32.lib gdi32.lib winspool.lib shell32.lib ole32.lib oleaut32.lib uuid.lib comdlg32.lib advapi32.lib && cd ."
        
      exitCode: 0
  -
    kind: "try_compile-v1"
    backtrace:
      - "C:/Program Files/CMake/share/cmake-4.4/Modules/CheckIncludeFileCXX.cmake:126 (try_compile)"
      - "C:/Program Files/CMake/share/cmake-4.4/Modules/CheckTypeSize.cmake:466 (check_include_file_cxx)"
      - "src/lib_json/CMakeLists.txt:15 (check_type_size)"
    checks:
      - "Looking for C++ include stdint.h"
    directories:
      source: "C:/src/vcpkg/buildtrees/jsoncpp/x64-windows-static-dbg/CMakeFiles/CMakeScratch/TryCompile-qfx6g8"
      binary: "C:/src/vcpkg/buildtrees/jsoncpp/x64-windows-static-dbg/CMakeFiles/CMakeScratch/TryCompile-qfx6g8"
    cmakeVariables:
      CMAKE_CXX_FLAGS: " /nologo /DWIN32 /D_WINDOWS /utf-8 /GR /EHsc /MP "
      CMAKE_CXX_FLAGS_DEBUG: "/MTd /Z7 /Ob0 /Od /RTC1 "
      CMAKE_CXX_STDLIB_MODULES_JSON: ""
      CMAKE_EXE_LINKER_FLAGS: "/machine:x64"
      CMAKE_MODULE_PATH: "C:/src/vcpkg/buildtrees/jsoncpp/src/1.9.6-29ceffc35f.clean/cmake"
      CMAKE_MSVC_DEBUG_INFORMATION_FORMAT: ""
      CMAKE_MSVC_RUNTIME_LIBRARY: "MultiThreaded$<$<CONFIG:Debug>:Debug>"
      VCPKG_CHAINLOAD_TOOLCHAIN_FILE: "C:/src/vcpkg/scripts/toolchains/windows.cmake"
      VCPKG_CRT_LINKAGE: "static"
      VCPKG_CXX_FLAGS: ""
      VCPKG_CXX_FLAGS_DEBUG: ""
      VCPKG_CXX_FLAGS_RELEASE: ""
      VCPKG_C_FLAGS: ""
      VCPKG_C_FLAGS_DEBUG: ""
      VCPKG_C_FLAGS_RELEASE: ""
      VCPKG_INSTALLED_DIR: "C:/src/vcpkg/installed"
      VCPKG_LINKER_FLAGS: ""
      VCPKG_LINKER_FLAGS_DEBUG: ""
      VCPKG_LINKER_FLAGS_RELEASE: ""
      VCPKG_PLATFORM_TOOLSET: "v143"
      VCPKG_PREFER_SYSTEM_LIBS: "OFF"
      VCPKG_SET_CHARSET_FLAG: "ON"
      VCPKG_TARGET_ARCHITECTURE: "x64"
      VCPKG_TARGET_TRIPLET: "x64-windows-static"
      Z_VCPKG_ROOT_DIR: "C:/src/vcpkg"
    buildResult:
      variable: "HAVE_STDINT_H"
      cached: true
      stdout: |
        Change Dir: 'C:/src/vcpkg/buildtrees/jsoncpp/x64-windows-static-dbg/CMakeFiles/CMakeScratch/TryCompile-qfx6g8'
        
        Run Build Command(s): C:\\src\\vcpkg\\downloads\\tools\\ninja-1.13.2-windows\\ninja.exe -v cmTC_a3685
        [1/2] "C:\\Program Files\\Microsoft Visual Studio\\2022\\Community\\VC\\Tools\\MSVC\\14.44.35207\\bin\\Hostx64\\x64\\cl.exe"  /nologo /TP -D_MBCS  /nologo /DWIN32 /D_WINDOWS /utf-8 /GR /EHsc /MP   /MTd /Z7 /Ob0 /Od /RTC1  -MTd /showIncludes /FoCMakeFiles\\cmTC_a3685.dir\\CheckIncludeFile.cxx.obj /FdCMakeFiles\\cmTC_a3685.dir\\ /FS -c C:\\src\\vcpkg\\buildtrees\\jsoncpp\\x64-windows-static-dbg\\CMakeFiles\\CMakeScratch\\TryCompile-qfx6g8\\CheckIncludeFile.cxx
        [2/2] C:\\WINDOWS\\system32\\cmd.exe /C "cd . && "C:\\Program Files\\CMake\\bin\\cmake.exe" -E vs_link_exe --msvc-ver=1944 --intdir=CMakeFiles\\cmTC_a3685.dir --rc="C:\\Program Files (x86)\\Windows Kits\\10\\bin\\10.0.26100.0\\x64\\rc.exe" --mt="C:\\Program Files (x86)\\Windows Kits\\10\\bin\\10.0.26100.0\\x64\\mt.exe" --manifests  -- "C:\\Program Files\\Microsoft Visual Studio\\2022\\Community\\VC\\Tools\\MSVC\\14.44.35207\\bin\\Hostx64\\x64\\link.exe" /nologo CMakeFiles\\cmTC_a3685.dir\\CheckIncludeFile.cxx.obj  /out:cmTC_a3685.exe /implib:cmTC_a3685.lib /pdb:cmTC_a3685.pdb /version:0.0 /machine:x64 /nologo /debug /INCREMENTAL /subsystem:console  kernel32.lib user32.lib gdi32.lib winspool.lib shell32.lib ole32.lib oleaut32.lib uuid.lib comdlg32.lib advapi32.lib && cd ."
        
      exitCode: 0
  -
    kind: "try_compile-v1"
    backtrace:
      - "C:/Program Files/CMake/share/cmake-4.4/Modules/CheckIncludeFileCXX.cmake:126 (try_compile)"
      - "C:/Program Files/CMake/share/cmake-4.4/Modules/CheckTypeSize.cmake:467 (check_include_file_cxx)"
      - "src/lib_json/CMakeLists.txt:15 (check_type_size)"
    checks:
      - "Looking for C++ include stddef.h"
    directories:
      source: "C:/src/vcpkg/buildtrees/jsoncpp/x64-windows-static-dbg/CMakeFiles/CMakeScratch/TryCompile-i0nqxd"
      binary: "C:/src/vcpkg/buildtrees/jsoncpp/x64-windows-static-dbg/CMakeFiles/CMakeScratch/TryCompile-i0nqxd"
    cmakeVariables:
      CMAKE_CXX_FLAGS: " /nologo /DWIN32 /D_WINDOWS /utf-8 /GR /EHsc /MP "
      CMAKE_CXX_FLAGS_DEBUG: "/MTd /Z7 /Ob0 /Od /RTC1 "
      CMAKE_CXX_STDLIB_MODULES_JSON: ""
      CMAKE_EXE_LINKER_FLAGS: "/machine:x64"
      CMAKE_MODULE_PATH: "C:/src/vcpkg/buildtrees/jsoncpp/src/1.9.6-29ceffc35f.clean/cmake"
      CMAKE_MSVC_DEBUG_INFORMATION_FORMAT: ""
      CMAKE_MSVC_RUNTIME_LIBRARY: "MultiThreaded$<$<CONFIG:Debug>:Debug>"
      VCPKG_CHAINLOAD_TOOLCHAIN_FILE: "C:/src/vcpkg/scripts/toolchains/windows.cmake"
      VCPKG_CRT_LINKAGE: "static"
      VCPKG_CXX_FLAGS: ""
      VCPKG_CXX_FLAGS_DEBUG: ""
      VCPKG_CXX_FLAGS_RELEASE: ""
      VCPKG_C_FLAGS: ""
      VCPKG_C_FLAGS_DEBUG: ""
      VCPKG_C_FLAGS_RELEASE: ""
      VCPKG_INSTALLED_DIR: "C:/src/vcpkg/installed"
      VCPKG_LINKER_FLAGS: ""
      VCPKG_LINKER_FLAGS_DEBUG: ""
      VCPKG_LINKER_FLAGS_RELEASE: ""
      VCPKG_PLATFORM_TOOLSET: "v143"
      VCPKG_PREFER_SYSTEM_LIBS: "OFF"
      VCPKG_SET_CHARSET_FLAG: "ON"
      VCPKG_TARGET_ARCHITECTURE: "x64"
      VCPKG_TARGET_TRIPLET: "x64-windows-static"
      Z_VCPKG_ROOT_DIR: "C:/src/vcpkg"
    buildResult:
      variable: "HAVE_STDDEF_H"
      cached: true
      stdout: |
        Change Dir: 'C:/src/vcpkg/buildtrees/jsoncpp/x64-windows-static-dbg/CMakeFiles/CMakeScratch/TryCompile-i0nqxd'
        
        Run Build Command(s): C:\\src\\vcpkg\\downloads\\tools\\ninja-1.13.2-windows\\ninja.exe -v cmTC_403a0
        [1/2] "C:\\Program Files\\Microsoft Visual Studio\\2022\\Community\\VC\\Tools\\MSVC\\14.44.35207\\bin\\Hostx64\\x64\\cl.exe"  /nologo /TP -D_MBCS  /nologo /DWIN32 /D_WINDOWS /utf-8 /GR /EHsc /MP   /MTd /Z7 /Ob0 /Od /RTC1  -MTd /showIncludes /FoCMakeFiles\\cmTC_403a0.dir\\CheckIncludeFile.cxx.obj /FdCMakeFiles\\cmTC_403a0.dir\\ /FS -c C:\\src\\vcpkg\\buildtrees\\jsoncpp\\x64-windows-static-dbg\\CMakeFiles\\CMakeScratch\\TryCompile-i0nqxd\\CheckIncludeFile.cxx
        [2/2] C:\\WINDOWS\\system32\\cmd.exe /C "cd . && "C:\\Program Files\\CMake\\bin\\cmake.exe" -E vs_link_exe --msvc-ver=1944 --intdir=CMakeFiles\\cmTC_403a0.dir --rc="C:\\Program Files (x86)\\Windows Kits\\10\\bin\\10.0.26100.0\\x64\\rc.exe" --mt="C:\\Program Files (x86)\\Windows Kits\\10\\bin\\10.0.26100.0\\x64\\mt.exe" --manifests  -- "C:\\Program Files\\Microsoft Visual Studio\\2022\\Community\\VC\\Tools\\MSVC\\14.44.35207\\bin\\Hostx64\\x64\\link.exe" /nologo CMakeFiles\\cmTC_403a0.dir\\CheckIncludeFile.cxx.obj  /out:cmTC_403a0.exe /implib:cmTC_403a0.lib /pdb:cmTC_403a0.pdb /version:0.0 /machine:x64 /nologo /debug /INCREMENTAL /subsystem:console  kernel32.lib user32.lib gdi32.lib winspool.lib shell32.lib ole32.lib oleaut32.lib uuid.lib comdlg32.lib advapi32.lib && cd ."
        
      exitCode: 0
  -
    kind: "try_compile-v1"
    backtrace:
      - "C:/Program Files/CMake/share/cmake-4.4/Modules/CheckTypeSize.cmake:344 (try_compile)"
      - "C:/Program Files/CMake/share/cmake-4.4/Modules/CheckTypeSize.cmake:476 (__check_type_size_impl)"
      - "src/lib_json/CMakeLists.txt:15 (check_type_size)"
    checks:
      - "Check size of lconv"
    directories:
      source: "C:/src/vcpkg/buildtrees/jsoncpp/x64-windows-static-dbg/CMakeFiles/CMakeScratch/TryCompile-iqxdhw"
      binary: "C:/src/vcpkg/buildtrees/jsoncpp/x64-windows-static-dbg/CMakeFiles/CMakeScratch/TryCompile-iqxdhw"
    cmakeVariables:
      CMAKE_CXX_FLAGS: " /nologo /DWIN32 /D_WINDOWS /utf-8 /GR /EHsc /MP "
      CMAKE_CXX_FLAGS_DEBUG: "/MTd /Z7 /Ob0 /Od /RTC1 "
      CMAKE_CXX_STDLIB_MODULES_JSON: ""
      CMAKE_EXE_LINKER_FLAGS: "/machine:x64"
      CMAKE_MODULE_PATH: "C:/src/vcpkg/buildtrees/jsoncpp/src/1.9.6-29ceffc35f.clean/cmake"
      CMAKE_MSVC_DEBUG_INFORMATION_FORMAT: ""
      CMAKE_MSVC_RUNTIME_LIBRARY: "MultiThreaded$<$<CONFIG:Debug>:Debug>"
      VCPKG_CHAINLOAD_TOOLCHAIN_FILE: "C:/src/vcpkg/scripts/toolchains/windows.cmake"
      VCPKG_CRT_LINKAGE: "static"
      VCPKG_CXX_FLAGS: ""
      VCPKG_CXX_FLAGS_DEBUG: ""
      VCPKG_CXX_FLAGS_RELEASE: ""
      VCPKG_C_FLAGS: ""
      VCPKG_C_FLAGS_DEBUG: ""
      VCPKG_C_FLAGS_RELEASE: ""
      VCPKG_INSTALLED_DIR: "C:/src/vcpkg/installed"
      VCPKG_LINKER_FLAGS: ""
      VCPKG_LINKER_FLAGS_DEBUG: ""
      VCPKG_LINKER_FLAGS_RELEASE: ""
      VCPKG_PLATFORM_TOOLSET: "v143"
      VCPKG_PREFER_SYSTEM_LIBS: "OFF"
      VCPKG_SET_CHARSET_FLAG: "ON"
      VCPKG_TARGET_ARCHITECTURE: "x64"
      VCPKG_TARGET_TRIPLET: "x64-windows-static"
      Z_VCPKG_ROOT_DIR: "C:/src/vcpkg"
    buildResult:
      variable: "HAVE_LCONV_SIZE"
      cached: true
      stdout: |
        Change Dir: 'C:/src/vcpkg/buildtrees/jsoncpp/x64-windows-static-dbg/CMakeFiles/CMakeScratch/TryCompile-iqxdhw'
        
        Run Build Command(s): C:\\src\\vcpkg\\downloads\\tools\\ninja-1.13.2-windows\\ninja.exe -v cmTC_bee78
        [1/2] "C:\\Program Files\\Microsoft Visual Studio\\2022\\Community\\VC\\Tools\\MSVC\\14.44.35207\\bin\\Hostx64\\x64\\cl.exe"  /nologo /TP -D_MBCS  /nologo /DWIN32 /D_WINDOWS /utf-8 /GR /EHsc /MP   /MTd /Z7 /Ob0 /Od /RTC1  -MTd /showIncludes /FoCMakeFiles\\cmTC_bee78.dir\\LCONV_SIZE.cpp.obj /FdCMakeFiles\\cmTC_bee78.dir\\ /FS -c C:\\src\\vcpkg\\buildtrees\\jsoncpp\\x64-windows-static-dbg\\CMakeFiles\\CMakeScratch\\TryCompile-iqxdhw\\LCONV_SIZE.cpp
        [2/2] C:\\WINDOWS\\system32\\cmd.exe /C "cd . && "C:\\Program Files\\CMake\\bin\\cmake.exe" -E vs_link_exe --msvc-ver=1944 --intdir=CMakeFiles\\cmTC_bee78.dir --rc="C:\\Program Files (x86)\\Windows Kits\\10\\bin\\10.0.26100.0\\x64\\rc.exe" --mt="C:\\Program Files (x86)\\Windows Kits\\10\\bin\\10.0.26100.0\\x64\\mt.exe" --manifests  -- "C:\\Program Files\\Microsoft Visual Studio\\2022\\Community\\VC\\Tools\\MSVC\\14.44.35207\\bin\\Hostx64\\x64\\link.exe" /nologo CMakeFiles\\cmTC_bee78.dir\\LCONV_SIZE.cpp.obj  /out:cmTC_bee78.exe /implib:cmTC_bee78.lib /pdb:cmTC_bee78.pdb /version:0.0 /machine:x64 /nologo /debug /INCREMENTAL /subsystem:console  kernel32.lib user32.lib gdi32.lib winspool.lib shell32.lib ole32.lib oleaut32.lib uuid.lib comdlg32.lib advapi32.lib && cd ."
        
      exitCode: 0
  -
    kind: "try_compile-v1"
    backtrace:
      - "C:/Program Files/CMake/share/cmake-4.4/Modules/Internal/CheckSourceCompiles.cmake:81 (try_compile)"
      - "C:/Program Files/CMake/share/cmake-4.4/Modules/CheckSourceCompiles.cmake:205 (cmake_check_source_compiles)"
      - "C:/Program Files/CMake/share/cmake-4.4/Modules/CheckStructHasMember.cmake:163 (check_source_compiles)"
      - "src/lib_json/CMakeLists.txt:17 (check_struct_has_member)"
    checks:
      - "Performing Test HAVE_DECIMAL_POINT"
    directories:
      source: "C:/src/vcpkg/buildtrees/jsoncpp/x64-windows-static-dbg/CMakeFiles/CMakeScratch/TryCompile-5obt0y"
      binary: "C:/src/vcpkg/buildtrees/jsoncpp/x64-windows-static-dbg/CMakeFiles/CMakeScratch/TryCompile-5obt0y"
    cmakeVariables:
      CMAKE_CXX_FLAGS: " /nologo /DWIN32 /D_WINDOWS /utf-8 /GR /EHsc /MP "
      CMAKE_CXX_FLAGS_DEBUG: "/MTd /Z7 /Ob0 /Od /RTC1 "
      CMAKE_CXX_STDLIB_MODULES_JSON: ""
      CMAKE_EXE_LINKER_FLAGS: "/machine:x64"
      CMAKE_MODULE_PATH: "C:/src/vcpkg/buildtrees/jsoncpp/src/1.9.6-29ceffc35f.clean/cmake"
      CMAKE_MSVC_DEBUG_INFORMATION_FORMAT: ""
      CMAKE_MSVC_RUNTIME_LIBRARY: "MultiThreaded$<$<CONFIG:Debug>:Debug>"
      VCPKG_CHAINLOAD_TOOLCHAIN_FILE: "C:/src/vcpkg/scripts/toolchains/windows.cmake"
      VCPKG_CRT_LINKAGE: "static"
      VCPKG_CXX_FLAGS: ""
      VCPKG_CXX_FLAGS_DEBUG: ""
      VCPKG_CXX_FLAGS_RELEASE: ""
      VCPKG_C_FLAGS: ""
      VCPKG_C_FLAGS_DEBUG: ""
      VCPKG_C_FLAGS_RELEASE: ""
      VCPKG_INSTALLED_DIR: "C:/src/vcpkg/installed"
      VCPKG_LINKER_FLAGS: ""
      VCPKG_LINKER_FLAGS_DEBUG: ""
      VCPKG_LINKER_FLAGS_RELEASE: ""
      VCPKG_PLATFORM_TOOLSET: "v143"
      VCPKG_PREFER_SYSTEM_LIBS: "OFF"
      VCPKG_SET_CHARSET_FLAG: "ON"
      VCPKG_TARGET_ARCHITECTURE: "x64"
      VCPKG_TARGET_TRIPLET: "x64-windows-static"
      Z_VCPKG_ROOT_DIR: "C:/src/vcpkg"
    buildResult:
      variable: "HAVE_DECIMAL_POINT"
      cached: true
      stdout: |
        Change Dir: 'C:/src/vcpkg/buildtrees/jsoncpp/x64-windows-static-dbg/CMakeFiles/CMakeScratch/TryCompile-5obt0y'
        
        Run Build Command(s): C:\\src\\vcpkg\\downloads\\tools\\ninja-1.13.2-windows\\ninja.exe -v cmTC_08cdb
        [1/2] "C:\\Program Files\\Microsoft Visual Studio\\2022\\Community\\VC\\Tools\\MSVC\\14.44.35207\\bin\\Hostx64\\x64\\cl.exe"  /nologo /TP -DHAVE_DECIMAL_POINT -D_MBCS  /nologo /DWIN32 /D_WINDOWS /utf-8 /GR /EHsc /MP   /MTd /Z7 /Ob0 /Od /RTC1  -MTd /showIncludes /FoCMakeFiles\\cmTC_08cdb.dir\\src.cxx.obj /FdCMakeFiles\\cmTC_08cdb.dir\\ /FS -c C:\\src\\vcpkg\\buildtrees\\jsoncpp\\x64-windows-static-dbg\\CMakeFiles\\CMakeScratch\\TryCompile-5obt0y\\src.cxx
        [2/2] C:\\WINDOWS\\system32\\cmd.exe /C "cd . && "C:\\Program Files\\CMake\\bin\\cmake.exe" -E vs_link_exe --msvc-ver=1944 --intdir=CMakeFiles\\cmTC_08cdb.dir --rc="C:\\Program Files (x86)\\Windows Kits\\10\\bin\\10.0.26100.0\\x64\\rc.exe" --mt="C:\\Program Files (x86)\\Windows Kits\\10\\bin\\10.0.26100.0\\x64\\mt.exe" --manifests  -- "C:\\Program Files\\Microsoft Visual Studio\\2022\\Community\\VC\\Tools\\MSVC\\14.44.35207\\bin\\Hostx64\\x64\\link.exe" /nologo CMakeFiles\\cmTC_08cdb.dir\\src.cxx.obj  /out:cmTC_08cdb.exe /implib:cmTC_08cdb.lib /pdb:cmTC_08cdb.pdb /version:0.0 /machine:x64 /nologo /debug /INCREMENTAL /subsystem:console  kernel32.lib user32.lib gdi32.lib winspool.lib shell32.lib ole32.lib oleaut32.lib uuid.lib comdlg32.lib advapi32.lib && cd ."
        
      exitCode: 0
...
