
---
events:
  -
    kind: "message-v1"
    backtrace:
      - "C:/Program Files/CMake/share/cmake-4.4/Modules/CMakeDetermineSystem.cmake:218 (message)"
      - "CMakeLists.txt:9 (project)"
    message: |
      The system is: Windows - 10.0.19045 - AMD64
  -
    kind: "find-v1"
    backtrace:
      - "C:/Program Files/CMake/share/cmake-4.4/Modules/CMakeDetermineCompiler.cmake:63 (find_program)"
      - "C:/Program Files/CMake/share/cmake-4.4/Modules/CMakeDetermineCCompiler.cmake:64 (_cmake_find_compiler)"
      - "CMakeLists.txt:9 (project)"
    mode: "program"
    variable: "CMAKE_C_COMPILER"
    description: "C compiler"
    settings:
      SearchFramework: "LAST"
      SearchAppBundle: "LAST"
      CMAKE_FIND_USE_CMAKE_PATH: false
      CMAKE_FIND_USE_CMAKE_ENVIRONMENT_PATH: false
      CMAKE_FIND_USE_SYSTEM_ENVIRONMENT_PATH: true
      CMAKE_FIND_USE_CMAKE_SYSTEM_PATH: false
      CMAKE_FIND_USE_INSTALL_PREFIX: true
    names:
      - "cc"
      - "gcc"
      - "cl"
      - "bcc"
      - "xlc"
      - "icx"
      - "clang"
    candidate_directories:
      - "C:/src/vcpkg/installed/x64-windows-static/Program Files/Microsoft Visual Studio/2022/Community/VC/Tools/MSVC/14.44.35207/bin/Hostx64/x64/"
      - "C:/src/vcpkg/installed/x64-windows-static/Program Files/Microsoft Visual Studio/2022/Community/Common7/IDE/VC/vcpackages/"
      - "C:/src/vcpkg/installed/x64-windows-static/Program Files/Microsoft Visual Studio/2022/Community/Common7/IDE/CommonExtensions/Microsoft/TestWindow/"
      - "C:/src/vcpkg/installed/x64-windows-static/Program Files/Microsoft Visual Studio/2022/Community/Common7/IDE/CommonExtensions/Microsoft/TeamFoundation/Team Explorer/"
      - "C:/src/vcpkg/installed/x64-windows-static/Program Files/Microsoft Visual Studio/2022/Community/MSBuild/Current/Bin/Roslyn/"
      - "C:/src/vcpkg/installed/x64-windows-static/Program Files (x86)/Microsoft SDKs/Windows/v10.0A/bin/NETFX 4.8 Tools/x64/"
      - "C:/src/vcpkg/installed/x64-windows-static/Program Files/Microsoft Visual Studio/2022/Community/Common7/IDE/CommonExtensions/Microsoft/FSharp/Tools/"
      - "C:/src/vcpkg/installed/x64-windows-static/Program Files/Microsoft Visual Studio/2022/Community/Team Tools/DiagnosticsHub/Collector/"
      - "C:/src/vcpkg/installed/x64-windows-static/Program Files (x86)/Windows Kits/10/bin/10.0.26100.0/x64/"
      - "C:/src/vcpkg/installed/x64-windows-static/Program Files (x86)/Windows Kits/10/bin/x64/"
      - "C:/src/vcpkg/installed/x64-windows-static/Program Files/Microsoft Visual Studio/2022/Community/MSBuild/Current/Bin/amd64/"
      - "C:/src/vcpkg/installed/x64-windows-static/Windows/Microsoft.NET/Framework64/v4.0.30319/"
      - "C:/src/vcpkg/installed/x64-windows-static/Program Files/Microsoft Visual Studio/2022/Community/Common7/IDE/"
      - "C:/src/vcpkg/installed/x64-windows-static/Program Files/Microsoft Visual Studio/2022/Community/Common7/Tools/"
      - "C:/src/vcpkg/installed/x64-windows-static/src/vcpkg/downloads/tools/powershell-core-7.6.4-windows/"
      - "C:/src/vcpkg/installed/x64-windows-static/Windows/System32/"
      - "C:/src/vcpkg/installed/x64-windows-static/Windows/"
      - "C:/src/vcpkg/installed/x64-windows-static/Windows/System32/wbem/"
      - "C:/src/vcpkg/installed/x64-windows-static/Windows/System32/WindowsPowerShell/v1.0/"
      - "C:/src/vcpkg/installed/x64-windows-static/Windows/System32/OpenSSH/"
      - "C:/src/vcpkg/installed/x64-windows-static/Program Files/Microsoft Visual Studio/2022/Community/Common7/IDE/CommonExtensions/Microsoft/CMake/CMake/bin/"
      - "C:/src/vcpkg/installed/x64-windows-static/Program Files/Microsoft Visual Studio/2022/Community/Common7/IDE/CommonExtensions/Microsoft/CMake/Ninja/"
      - "C:/src/vcpkg/installed/x64-windows-static/Program Files/Microsoft Visual Studio/2022/Community/Common7/IDE/VC/Linux/bin/ConnectionManagerExe/"
      - "C:/src/vcpkg/installed/x64-windows-static/Program Files/Microsoft Visual Studio/2022/Community/VC/vcpkg/"
      - "C:/src/vcpkg/installed/x64-windows-static/src/vcpkg/downloads/tools/ninja-1.13.2-windows/"
      - "C:/src/vcpkg/installed/x64-windows-static/debug/Program Files/Microsoft Visual Studio/2022/Community/VC/Tools/MSVC/14.44.35207/bin/Hostx64/x64/"
      - "C:/src/vcpkg/installed/x64-windows-static/debug/Program Files/Microsoft Visual Studio/2022/Community/Common7/IDE/VC/vcpackages/"
      - "C:/src/vcpkg/installed/x64-windows-static/debug/Program Files/Microsoft Visual Studio/2022/Community/Common7/IDE/CommonExtensions/Microsoft/TestWindow/"
      - "C:/src/vcpkg/installed/x64-windows-static/debug/Program Files/Microsoft Visual Studio/2022/Community/Common7/IDE/CommonExtensions/Microsoft/TeamFoundation/Team Explorer/"
      - "C:/src/vcpkg/installed/x64-windows-static/debug/Program Files/Microsoft Visual Studio/2022/Community/MSBuild/Current/Bin/Roslyn/"
      - "C:/src/vcpkg/installed/x64-windows-static/debug/Program Files (x86)/Microsoft SDKs/Windows/v10.0A/bin/NETFX 4.8 Tools/x64/"
      - "C:/src/vcpkg/installed/x64-windows-static/debug/Program Files/Microsoft Visual Studio/2022/Community/Common7/IDE/CommonExtensions/Microsoft/FSharp/Tools/"
      - "C:/src/vcpkg/installed/x64-windows-static/debug/Program Files/Microsoft Visual Studio/2022/Community/Team Tools/DiagnosticsHub/Collector/"
      - "C:/src/vcpkg/installed/x64-windows-static/debug/Program Files (x86)/Windows Kits/10/bin/10.0.26100.0/x64/"
      - "C:/src/vcpkg/installed/x64-windows-static/debug/Program Files (x86)/Windows Kits/10/bin/x64/"
      - "C:/src/vcpkg/installed/x64-windows-static/debug/Program Files/Microsoft Visual Studio/2022/Community/MSBuild/Current/Bin/amd64/"
      - "C:/src/vcpkg/installed/x64-windows-static/debug/Windows/Microsoft.NET/Framework64/v4.0.30319/"
      - "C:/src/vcpkg/installed/x64-windows-static/debug/Program Files/Microsoft Visual Studio/2022/Community/Common7/IDE/"
      - "C:/src/vcpkg/installed/x64-windows-static/debug/Program Files/Microsoft Visual Studio/2022/Community/Common7/Tools/"
      - "C:/src/vcpkg/installed/x64-windows-static/debug/src/vcpkg/downloads/tools/powershell-core-7.6.4-windows/"
      - "C:/src/vcpkg/installed/x64-windows-static/debug/Windows/System32/"
      - "C:/src/vcpkg/installed/x64-windows-static/debug/Windows/"
      - "C:/src/vcpkg/installed/x64-windows-static/debug/Windows/System32/wbem/"
      - "C:/src/vcpkg/installed/x64-windows-static/debug/Windows/System32/WindowsPowerShell/v1.0/"
      - "C:/src/vcpkg/installed/x64-windows-static/debug/Windows/System32/OpenSSH/"
      - "C:/src/vcpkg/installed/x64-windows-static/debug/Program Files/Microsoft Visual Studio/2022/Community/Common7/IDE/CommonExtensions/Microsoft/CMake/CMake/bin/"
      - "C:/src/vcpkg/installed/x64-windows-static/debug/Program Files/Microsoft Visual Studio/2022/Community/Common7/IDE/CommonExtensions/Microsoft/CMake/Ninja/"
      - "C:/src/vcpkg/installed/x64-windows-static/debug/Program Files/Microsoft Visual Studio/2022/Community/Common7/IDE/VC/Linux/bin/ConnectionManagerExe/"
      - "C:/src/vcpkg/installed/x64-windows-static/debug/Program Files/Microsoft Visual Studio/2022/Community/VC/vcpkg/"
      - "C:/src/vcpkg/installed/x64-windows-static/debug/src/vcpkg/downloads/tools/ninja-1.13.2-windows/"
      - "C:/Program Files/Microsoft Visual Studio/2022/Community/VC/Tools/MSVC/14.44.35207/bin/Hostx64/x64/"
      - "C:/Program Files/Microsoft Visual Studio/2022/Community/Common7/IDE/VC/vcpackages/"
      - "C:/Program Files/Microsoft Visual Studio/2022/Community/Common7/IDE/CommonExtensions/Microsoft/TestWindow/"
      - "C:/Program Files/Microsoft Visual Studio/2022/Community/Common7/IDE/CommonExtensions/Microsoft/TeamFoundation/Team Explorer/"
      - "C:/Program Files/Microsoft Visual Studio/2022/Community/MSBuild/Current/Bin/Roslyn/"
      - "C:/Program Files (x86)/Microsoft SDKs/Windows/v10.0A/bin/NETFX 4.8 Tools/x64/"
      - "C:/Program Files/Microsoft Visual Studio/2022/Community/Common7/IDE/CommonExtensions/Microsoft/FSharp/Tools/"
      - "C:/Program Files/Microsoft Visual Studio/2022/Community/Team Tools/DiagnosticsHub/Collector/"
      - "C:/Program Files (x86)/Windows Kits/10/bin/10.0.26100.0/x64/"
      - "C:/Program Files (x86)/Windows Kits/10/bin/x64/"
      - "C:/Program Files/Microsoft Visual Studio/2022/Community/MSBuild/Current/Bin/amd64/"
      - "C:/Windows/Microsoft.NET/Framework64/v4.0.30319/"
      - "C:/Program Files/Microsoft Visual Studio/2022/Community/Common7/IDE/"
      - "C:/Program Files/Microsoft Visual Studio/2022/Community/Common7/Tools/"
      - "C:/src/vcpkg/downloads/tools/powershell-core-7.6.4-windows/"
      - "C:/Windows/System32/"
      - "C:/Windows/"
      - "C:/Windows/System32/wbem/"
      - "C:/Windows/System32/WindowsPowerShell/v1.0/"
      - "C:/Windows/System32/OpenSSH/"
      - "C:/Program Files/Microsoft Visual Studio/2022/Community/Common7/IDE/CommonExtensions/Microsoft/CMake/CMake/bin/"
      - "C:/Program Files/Microsoft Visual Studio/2022/Community/Common7/IDE/CommonExtensions/Microsoft/CMake/Ninja/"
      - "C:/Program Files/Microsoft Visual Studio/2022/Community/Common7/IDE/VC/Linux/bin/ConnectionManagerExe/"
      - "C:/Program Files/Microsoft Visual Studio/2022/Community/VC/vcpkg/"
      - "C:/src/vcpkg/downloads/tools/ninja-1.13.2-windows/"
    searched_directories:
      - "C:/src/vcpkg/installed/x64-windows-static/Program Files/Microsoft Visual Studio/2022/Community/VC/Tools/MSVC/14.44.35207/bin/Hostx64/x64/cc.com"
      - "C:/src/vcpkg/installed/x64-windows-static/Program Files/Microsoft Visual Studio/2022/Community/VC/Tools/MSVC/14.44.35207/bin/Hostx64/x64/cc.exe"
      - "C:/src/vcpkg/installed/x64-windows-static/Program Files/Microsoft Visual Studio/2022/Community/VC/Tools/MSVC/14.44.35207/bin/Hostx64/x64/cc"
      - "C:/src/vcpkg/installed/x64-windows-static/Program Files/Microsoft Visual Studio/2022/Community/VC/Tools/MSVC/14.44.35207/bin/Hostx64/x64/gcc.com"
      - "C:/src/vcpkg/installed/x64-windows-static/Program Files/Microsoft Visual Studio/2022/Community/VC/Tools/MSVC/14.44.35207/bin/Hostx64/x64/gcc.exe"
      - "C:/src/vcpkg/installed/x64-windows-static/Program Files/Microsoft Visual Studio/2022/Community/VC/Tools/MSVC/14.44.35207/bin/Hostx64/x64/gcc"
      - "C:/src/vcpkg/installed/x64-windows-static/Program Files/Microsoft Visual Studio/2022/Community/VC/Tools/MSVC/14.44.35207/bin/Hostx64/x64/cl.com"
      - "C:/src/vcpkg/installed/x64-windows-static/Program Files/Microsoft Visual Studio/2022/Community/VC/Tools/MSVC/14.44.35207/bin/Hostx64/x64/cl.exe"
      - "C:/src/vcpkg/installed/x64-windows-static/Program Files/Microsoft Visual Studio/2022/Community/VC/Tools/MSVC/14.44.35207/bin/Hostx64/x64/cl"
      - "C:/src/vcpkg/installed/x64-windows-static/Program Files/Microsoft Visual Studio/2022/Community/VC/Tools/MSVC/14.44.35207/bin/Hostx64/x64/bcc.com"
      - "C:/src/vcpkg/installed/x64-windows-static/Program Files/Microsoft Visual Studio/2022/Community/VC/Tools/MSVC/14.44.35207/bin/Hostx64/x64/bcc.exe"
      - "C:/src/vcpkg/installed/x64-windows-static/Program Files/Microsoft Visual Studio/2022/Community/VC/Tools/MSVC/14.44.35207/bin/Hostx64/x64/bcc"
      - "C:/src/vcpkg/installed/x64-windows-static/Program Files/Microsoft Visual Studio/2022/Community/VC/Tools/MSVC/14.44.35207/bin/Hostx64/x64/xlc.com"
      - "C:/src/vcpkg/installed/x64-windows-static/Program Files/Microsoft Visual Studio/2022/Community/VC/Tools/MSVC/14.44.35207/bin/Hostx64/x64/xlc.exe"
      - "C:/src/vcpkg/installed/x64-windows-static/Program Files/Microsoft Visual Studio/2022/Community/VC/Tools/MSVC/14.44.35207/bin/Hostx64/x64/xlc"
      - "C:/src/vcpkg/installed/x64-windows-static/Program Files/Microsoft Visual Studio/2022/Community/VC/Tools/MSVC/14.44.35207/bin/Hostx64/x64/icx.com"
      - "C:/src/vcpkg/installed/x64-windows-static/Program Files/Microsoft Visual Studio/2022/Community/VC/Tools/MSVC/14.44.35207/bin/Hostx64/x64/icx.exe"
      - "C:/src/vcpkg/installed/x64-windows-static/Program Files/Microsoft Visual Studio/2022/Community/VC/Tools/MSVC/14.44.35207/bin/Hostx64/x64/icx"
      - "C:/src/vcpkg/installed/x64-windows-static/Program Files/Microsoft Visual Studio/2022/Community/VC/Tools/MSVC/14.44.35207/bin/Hostx64/x64/clang.com"
      - "C:/src/vcpkg/installed/x64-windows-static/Program Files/Microsoft Visual Studio/2022/Community/VC/Tools/MSVC/14.44.35207/bin/Hostx64/x64/clang.exe"
      - "C:/src/vcpkg/installed/x64-windows-static/Program Files/Microsoft Visual Studio/2022/Community/VC/Tools/MSVC/14.44.35207/bin/Hostx64/x64/clang"
      - "C:/src/vcpkg/installed/x64-windows-static/Program Files/Microsoft Visual Studio/2022/Community/Common7/IDE/VC/vcpackages/cc.com"
      - "C:/src/vcpkg/installed/x64-windows-static/Program Files/Microsoft Visual Studio/2022/Community/Common7/IDE/VC/vcpackages/cc.exe"
      - "C:/src/vcpkg/installed/x64-windows-static/Program Files/Microsoft Visual Studio/2022/Community/Common7/IDE/VC/vcpackages/cc"
      - "C:/src/vcpkg/installed/x64-windows-static/Program Files/Microsoft Visual Studio/2022/Community/Common7/IDE/VC/vcpackages/gcc.com"
      - "C:/src/vcpkg/installed/x64-windows-static/Program Files/Microsoft Visual Studio/2022/Community/Common7/IDE/VC/vcpackages/gcc.exe"
      - "C:/src/vcpkg/installed/x64-windows-static/Program Files/Microsoft Visual Studio/2022/Community/Common7/IDE/VC/vcpackages/gcc"
      - "C:/src/vcpkg/installed/x64-windows-static/Program Files/Microsoft Visual Studio/2022/Community/Common7/IDE/VC/vcpackages/cl.com"
      - "C:/src/vcpkg/installed/x64-windows-static/Program Files/Microsoft Visual Studio/2022/Community/Common7/IDE/VC/vcpackages/cl.exe"
      - "C:/src/vcpkg/installed/x64-windows-static/Program Files/Microsoft Visual Studio/2022/Community/Common7/IDE/VC/vcpackages/cl"
      - "C:/src/vcpkg/installed/x64-windows-static/Program Files/Microsoft Visual Studio/2022/Community/Common7/IDE/VC/vcpackages/bcc.com"
      - "C:/src/vcpkg/installed/x64-windows-static/Program Files/Microsoft Visual Studio/2022/Community/Common7/IDE/VC/vcpackages/bcc.exe"
      - "C:/src/vcpkg/installed/x64-windows-static/Program Files/Microsoft Visual Studio/2022/Community/Common7/IDE/VC/vcpackages/bcc"
      - "C:/src/vcpkg/installed/x64-windows-static/Program Files/Microsoft Visual Studio/2022/Community/Common7/IDE/VC/vcpackages/xlc.com"
      - "C:/src/vcpkg/installed/x64-windows-static/Program Files/Microsoft Visual Studio/2022/Community/Common7/IDE/VC/vcpackages/xlc.exe"
      - "C:/src/vcpkg/installed/x64-windows-static/Program Files/Microsoft Visual Studio/2022/Community/Common7/IDE/VC/vcpackages/xlc"
      - "C:/src/vcpkg/installed/x64-windows-static/Program Files/Microsoft Visual Studio/2022/Community/Common7/IDE/VC/vcpackages/icx.com"
      - "C:/src/vcpkg/installed/x64-windows-static/Program Files/Microsoft Visual Studio/2022/Community/Common7/IDE/VC/vcpackages/icx.exe"
      - "C:/src/vcpkg/installed/x64-windows-static/Program Files/Microsoft Visual Studio/2022/Community/Common7/IDE/VC/vcpackages/icx"
      - "C:/src/vcpkg/installed/x64-windows-static/Program Files/Microsoft Visual Studio/2022/Community/Common7/IDE/VC/vcpackages/clang.com"
      - "C:/src/vcpkg/installed/x64-windows-static/Program Files/Microsoft Visual Studio/2022/Community/Common7/IDE/VC/vcpackages/clang.exe"
      - "C:/src/vcpkg/installed/x64-windows-static/Program Files/Microsoft Visual Studio/2022/Community/Common7/IDE/VC/vcpackages/clang"
      - "C:/src/vcpkg/installed/x64-windows-static/Program Files/Microsoft Visual Studio/2022/Community/Common7/IDE/CommonExtensions/Microsoft/TestWindow/cc.com"
      - "C:/src/vcpkg/installed/x64-windows-static/Program Files/Microsoft Visual Studio/2022/Community/Common7/IDE/CommonExtensions/Microsoft/TestWindow/cc.exe"
      - "C:/src/vcpkg/installed/x64-windows-static/Program Files/Microsoft Visual Studio/2022/Community/Common7/IDE/CommonExtensions/Microsoft/TestWindow/cc"
      - "C:/src/vcpkg/installed/x64-windows-static/Program Files/Microsoft Visual Studio/2022/Community/Common7/IDE/CommonExtensions/Microsoft/TestWindow/gcc.com"
      - "C:/src/vcpkg/installed/x64-windows-static/Program Files/Microsoft Visual Studio/2022/Community/Common7/IDE/CommonExtensions/Microsoft/TestWindow/gcc.exe"
      - "C:/src/vcpkg/installed/x64-windows-static/Program Files/Microsoft Visual Studio/2022/Community/Common7/IDE/CommonExtensions/Microsoft/TestWindow/gcc"
      - "C:/src/vcpkg/installed/x64-windows-static/Program Files/Microsoft Visual Studio/2022/Community/Common7/IDE/CommonExtensions/Microsoft/TestWindow/cl.com"
      - "C:/src/vcpkg/installed/x64-windows-static/Program Files/Microsoft Visual Studio/2022/Community/Common7/IDE/CommonExtensions/Microsoft/TestWindow/cl.exe"
      - "C:/src/vcpkg/installed/x64-windows-static/Program Files/Microsoft Visual Studio/2022/Community/Common7/IDE/CommonExtensions/Microsoft/TestWindow/cl"
      - "C:/src/vcpkg/installed/x64-windows-static/Program Files/Microsoft Visual Studio/2022/Community/Common7/IDE/CommonExtensions/Microsoft/TestWindow/bcc.com"
      - "C:/src/vcpkg/installed/x64-windows-static/Program Files/Microsoft Visual Studio/2022/Community/Common7/IDE/CommonExtensions/Microsoft/TestWindow/bcc.exe"
      - "C:/src/vcpkg/installed/x64-windows-static/Program Files/Microsoft Visual Studio/2022/Community/Common7/IDE/CommonExtensions/Microsoft/TestWindow/bcc"
      - "C:/src/vcpkg/installed/x64-windows-static/Program Files/Microsoft Visual Studio/2022/Community/Common7/IDE/CommonExtensions/Microsoft/TestWindow/xlc.com"
      - "C:/src/vcpkg/installed/x64-windows-static/Program Files/Microsoft Visual Studio/2022/Community/Common7/IDE/CommonExtensions/Microsoft/TestWindow/xlc.exe"
      - "C:/src/vcpkg/installed/x64-windows-static/Program Files/Microsoft Visual Studio/2022/Community/Common7/IDE/CommonExtensions/Microsoft/TestWindow/xlc"
      - "C:/src/vcpkg/installed/x64-windows-static/Program Files/Microsoft Visual Studio/2022/Community/Common7/IDE/CommonExtensions/Microsoft/TestWindow/icx.com"
      - "C:/src/vcpkg/installed/x64-windows-static/Program Files/Microsoft Visual Studio/2022/Community/Common7/IDE/CommonExtensions/Microsoft/TestWindow/icx.exe"
      - "C:/src/vcpkg/installed/x64-windows-static/Program Files/Microsoft Visual Studio/2022/Community/Common7/IDE/CommonExtensions/Microsoft/TestWindow/icx"
      - "C:/src/vcpkg/installed/x64-windows-static/Program Files/Microsoft Visual Studio/2022/Community/Common7/IDE/CommonExtensions/Microsoft/TestWindow/clang.com"
      - "C:/src/vcpkg/installed/x64-windows-static/Program Files/Microsoft Visual Studio/2022/Community/Common7/IDE/CommonExtensions/Microsoft/TestWindow/clang.exe"
      - "C:/src/vcpkg/installed/x64-windows-static/Program Files/Microsoft Visual Studio/2022/Community/Common7/IDE/CommonExtensions/Microsoft/TestWindow/clang"
      - "C:/src/vcpkg/installed/x64-windows-static/Program Files/Microsoft Visual Studio/2022/Community/Common7/IDE/CommonExtensions/Microsoft/TeamFoundation/Team Explorer/cc.com"
      - "C:/src/vcpkg/installed/x64-windows-static/Program Files/Microsoft Visual Studio/2022/Community/Common7/IDE/CommonExtensions/Microsoft/TeamFoundation/Team Explorer/cc.exe"
      - "C:/src/vcpkg/installed/x64-windows-static/Program Files/Microsoft Visual Studio/2022/Community/Common7/IDE/CommonExtensions/Microsoft/TeamFoundation/Team Explorer/cc"
      - "C:/src/vcpkg/installed/x64-windows-static/Program Files/Microsoft Visual Studio/2022/Community/Common7/IDE/CommonExtensions/Microsoft/TeamFoundation/Team Explorer/gcc.com"
      - "C:/src/vcpkg/installed/x64-windows-static/Program Files/Microsoft Visual Studio/2022/Community/Common7/IDE/CommonExtensions/Microsoft/TeamFoundation/Team Explorer/gcc.exe"
      - "C:/src/vcpkg/installed/x64-windows-static/Program Files/Microsoft Visual Studio/2022/Community/Common7/IDE/CommonExtensions/Microsoft/TeamFoundation/Team Explorer/gcc"
      - "C:/src/vcpkg/installed/x64-windows-static/Program Files/Microsoft Visual Studio/2022/Community/Common7/IDE/CommonExtensions/Microsoft/TeamFoundation/Team Explorer/cl.com"
      - "C:/src/vcpkg/installed/x64-windows-static/Program Files/Microsoft Visual Studio/2022/Community/Common7/IDE/CommonExtensions/Microsoft/TeamFoundation/Team Explorer/cl.exe"
      - "C:/src/vcpkg/installed/x64-windows-static/Program Files/Microsoft Visual Studio/2022/Community/Common7/IDE/CommonExtensions/Microsoft/TeamFoundation/Team Explorer/cl"
      - "C:/src/vcpkg/installed/x64-windows-static/Program Files/Microsoft Visual Studio/2022/Community/Common7/IDE/CommonExtensions/Microsoft/TeamFoundation/Team Explorer/bcc.com"
      - "C:/src/vcpkg/installed/x64-windows-static/Program Files/Microsoft Visual Studio/2022/Community/Common7/IDE/CommonExtensions/Microsoft/TeamFoundation/Team Explorer/bcc.exe"
      - "C:/src/vcpkg/installed/x64-windows-static/Program Files/Microsoft Visual Studio/2022/Community/Common7/IDE/CommonExtensions/Microsoft/TeamFoundation/Team Explorer/bcc"
      - "C:/src/vcpkg/installed/x64-windows-static/Program Files/Microsoft Visual Studio/2022/Community/Common7/IDE/CommonExtensions/Microsoft/TeamFoundation/Team Explorer/xlc.com"
      - "C:/src/vcpkg/installed/x64-windows-static/Program Files/Microsoft Visual Studio/2022/Community/Common7/IDE/CommonExtensions/Microsoft/TeamFoundation/Team Explorer/xlc.exe"
      - "C:/src/vcpkg/installed/x64-windows-static/Program Files/Microsoft Visual Studio/2022/Community/Common7/IDE/CommonExtensions/Microsoft/TeamFoundation/Team Explorer/xlc"
      - "C:/src/vcpkg/installed/x64-windows-static/Program Files/Microsoft Visual Studio/2022/Community/Common7/IDE/CommonExtensions/Microsoft/TeamFoundation/Team Explorer/icx.com"
      - "C:/src/vcpkg/installed/x64-windows-static/Program Files/Microsoft Visual Studio/2022/Community/Common7/IDE/CommonExtensions/Microsoft/TeamFoundation/Team Explorer/icx.exe"
      - "C:/src/vcpkg/installed/x64-windows-static/Program Files/Microsoft Visual Studio/2022/Community/Common7/IDE/CommonExtensions/Microsoft/TeamFoundation/Team Explorer/icx"
      - "C:/src/vcpkg/installed/x64-windows-static/Program Files/Microsoft Visual Studio/2022/Community/Common7/IDE/CommonExtensions/Microsoft/TeamFoundation/Team Explorer/clang.com"
      - "C:/src/vcpkg/installed/x64-windows-static/Program Files/Microsoft Visual Studio/2022/Community/Common7/IDE/CommonExtensions/Microsoft/TeamFoundation/Team Explorer/clang.exe"
      - "C:/src/vcpkg/installed/x64-windows-static/Program Files/Microsoft Visual Studio/2022/Community/Common7/IDE/CommonExtensions/Microsoft/TeamFoundation/Team Explorer/clang"
      - "C:/src/vcpkg/installed/x64-windows-static/Program Files/Microsoft Visual Studio/2022/Community/MSBuild/Current/Bin/Roslyn/cc.com"
      - "C:/src/vcpkg/installed/x64-windows-static/Program Files/Microsoft Visual Studio/2022/Community/MSBuild/Current/Bin/Roslyn/cc.exe"
      - "C:/src/vcpkg/installed/x64-windows-static/Program Files/Microsoft Visual Studio/2022/Community/MSBuild/Current/Bin/Roslyn/cc"
      - "C:/src/vcpkg/installed/x64-windows-static/Program Files/Microsoft Visual Studio/2022/Community/MSBuild/Current/Bin/Roslyn/gcc.com"
      - "C:/src/vcpkg/installed/x64-windows-static/Program Files/Microsoft Visual Studio/2022/Community/MSBuild/Current/Bin/Roslyn/gcc.exe"
      - "C:/src/vcpkg/installed/x64-windows-static/Program Files/Microsoft Visual Studio/2022/Community/MSBuild/Current/Bin/Roslyn/gcc"
      - "C:/src/vcpkg/installed/x64-windows-static/Program Files/Microsoft Visual Studio/2022/Community/MSBuild/Current/Bin/Roslyn/cl.com"
      - "C:/src/vcpkg/installed/x64-windows-static/Program Files/Microsoft Visual Studio/2022/Community/MSBuild/Current/Bin/Roslyn/cl.exe"
      - "C:/src/vcpkg/installed/x64-windows-static/Program Files/Microsoft Visual Studio/2022/Community/MSBuild/Current/Bin/Roslyn/cl"
      - "C:/src/vcpkg/installed/x64-windows-static/Program Files/Microsoft Visual Studio/2022/Community/MSBuild/Current/Bin/Roslyn/bcc.com"
      - "C:/src/vcpkg/installed/x64-windows-static/Program Files/Microsoft Visual Studio/2022/Community/MSBuild/Current/Bin/Roslyn/bcc.exe"
      - "C:/src/vcpkg/installed/x64-windows-static/Program Files/Microsoft Visual Studio/2022/Community/MSBuild/Current/Bin/Roslyn/bcc"
      - "C:/src/vcpkg/installed/x64-windows-static/Program Files/Microsoft Visual Studio/2022/Community/MSBuild/Current/Bin/Roslyn/xlc.com"
      - "C:/src/vcpkg/installed/x64-windows-static/Program Files/Microsoft Visual Studio/2022/Community/MSBuild/Current/Bin/Roslyn/xlc.exe"
      - "C:/src/vcpkg/installed/x64-windows-static/Program Files/Microsoft Visual Studio/2022/Community/MSBuild/Current/Bin/Roslyn/xlc"
      - "C:/src/vcpkg/installed/x64-windows-static/Program Files/Microsoft Visual Studio/2022/Community/MSBuild/Current/Bin/Roslyn/icx.com"
      - "C:/src/vcpkg/installed/x64-windows-static/Program Files/Microsoft Visual Studio/2022/Community/MSBuild/Current/Bin/Roslyn/icx.exe"
      - "C:/src/vcpkg/installed/x64-windows-static/Program Files/Microsoft Visual Studio/2022/Community/MSBuild/Current/Bin/Roslyn/icx"
      - "C:/src/vcpkg/installed/x64-windows-static/Program Files/Microsoft Visual Studio/2022/Community/MSBuild/Current/Bin/Roslyn/clang.com"
      - "C:/src/vcpkg/installed/x64-windows-static/Program Files/Microsoft Visual Studio/2022/Community/MSBuild/Current/Bin/Roslyn/clang.exe"
      - "C:/src/vcpkg/installed/x64-windows-static/Program Files/Microsoft Visual Studio/2022/Community/MSBuild/Current/Bin/Roslyn/clang"
      - "C:/src/vcpkg/installed/x64-windows-static/Program Files (x86)/Microsoft SDKs/Windows/v10.0A/bin/NETFX 4.8 Tools/x64/cc.com"
      - "C:/src/vcpkg/installed/x64-windows-static/Program Files (x86)/Microsoft SDKs/Windows/v10.0A/bin/NETFX 4.8 Tools/x64/cc.exe"
      - "C:/src/vcpkg/installed/x64-windows-static/Program Files (x86)/Microsoft SDKs/Windows/v10.0A/bin/NETFX 4.8 Tools/x64/cc"
      - "C:/src/vcpkg/installed/x64-windows-static/Program Files (x86)/Microsoft SDKs/Windows/v10.0A/bin/NETFX 4.8 Tools/x64/gcc.com"
      - "C:/src/vcpkg/installed/x64-windows-static/Program Files (x86)/Microsoft SDKs/Windows/v10.0A/bin/NETFX 4.8 Tools/x64/gcc.exe"
      - "C:/src/vcpkg/installed/x64-windows-static/Program Files (x86)/Microsoft SDKs/Windows/v10.0A/bin/NETFX 4.8 Tools/x64/gcc"
      - "C:/src/vcpkg/installed/x64-windows-static/Program Files (x86)/Microsoft SDKs/Windows/v10.0A/bin/NETFX 4.8 Tools/x64/cl.com"
      - "C:/src/vcpkg/installed/x64-windows-static/Program Files (x86)/Microsoft SDKs/Windows/v10.0A/bin/NETFX 4.8 Tools/x64/cl.exe"
      - "C:/src/vcpkg/installed/x64-windows-static/Program Files (x86)/Microsoft SDKs/Windows/v10.0A/bin/NETFX 4.8 Tools/x64/cl"
      - "C:/src/vcpkg/installed/x64-windows-static/Program Files (x86)/Microsoft SDKs/Windows/v10.0A/bin/NETFX 4.8 Tools/x64/bcc.com"
      - "C:/src/vcpkg/installed/x64-windows-static/Program Files (x86)/Microsoft SDKs/Windows/v10.0A/bin/NETFX 4.8 Tools/x64/bcc.exe"
      - "C:/src/vcpkg/installed/x64-windows-static/Program Files (x86)/Microsoft SDKs/Windows/v10.0A/bin/NETFX 4.8 Tools/x64/bcc"
      - "C:/src/vcpkg/installed/x64-windows-static/Program Files (x86)/Microsoft SDKs/Windows/v10.0A/bin/NETFX 4.8 Tools/x64/xlc.com"
      - "C:/src/vcpkg/installed/x64-windows-static/Program Files (x86)/Microsoft SDKs/Windows/v10.0A/bin/NETFX 4.8 Tools/x64/xlc.exe"
      - "C:/src/vcpkg/installed/x64-windows-static/Program Files (x86)/Microsoft SDKs/Windows/v10.0A/bin/NETFX 4.8 Tools/x64/xlc"
      - "C:/src/vcpkg/installed/x64-windows-static/Program Files (x86)/Microsoft SDKs/Windows/v10.0A/bin/NETFX 4.8 Tools/x64/icx.com"
      - "C:/src/vcpkg/installed/x64-windows-static/Program Files (x86)/Microsoft SDKs/Windows/v10.0A/bin/NETFX 4.8 Tools/x64/icx.exe"
      - "C:/src/vcpkg/installed/x64-windows-static/Program Files (x86)/Microsoft SDKs/Windows/v10.0A/bin/NETFX 4.8 Tools/x64/icx"
      - "C:/src/vcpkg/installed/x64-windows-static/Program Files (x86)/Microsoft SDKs/Windows/v10.0A/bin/NETFX 4.8 Tools/x64/clang.com"
      - "C:/src/vcpkg/installed/x64-windows-static/Program Files (x86)/Microsoft SDKs/Windows/v10.0A/bin/NETFX 4.8 Tools/x64/clang.exe"
      - "C:/src/vcpkg/installed/x64-windows-static/Program Files (x86)/Microsoft SDKs/Windows/v10.0A/bin/NETFX 4.8 Tools/x64/clang"
      - "C:/src/vcpkg/installed/x64-windows-static/Program Files/Microsoft Visual Studio/2022/Community/Common7/IDE/CommonExtensions/Microsoft/FSharp/Tools/cc.com"
      - "C:/src/vcpkg/installed/x64-windows-static/Program Files/Microsoft Visual Studio/2022/Community/Common7/IDE/CommonExtensions/Microsoft/FSharp/Tools/cc.exe"
      - "C:/src/vcpkg/installed/x64-windows-static/Program Files/Microsoft Visual Studio/2022/Community/Common7/IDE/CommonExtensions/Microsoft/FSharp/Tools/cc"
      - "C:/src/vcpkg/installed/x64-windows-static/Program Files/Microsoft Visual Studio/2022/Community/Common7/IDE/CommonExtensions/Microsoft/FSharp/Tools/gcc.com"
      - "C:/src/vcpkg/installed/x64-windows-static/Program Files/Microsoft Visual Studio/2022/Community/Common7/IDE/CommonExtensions/Microsoft/FSharp/Tools/gcc.exe"
      - "C:/src/vcpkg/installed/x64-windows-static/Program Files/Microsoft Visual Studio/2022/Community/Common7/IDE/CommonExtensions/Microsoft/FSharp/Tools/gcc"
      - "C:/src/vcpkg/installed/x64-windows-static/Program Files/Microsoft Visual Studio/2022/Community/Common7/IDE/CommonExtensions/Microsoft/FSharp/Tools/cl.com"
      - "C:/src/vcpkg/installed/x64-windows-static/Program Files/Microsoft Visual Studio/2022/Community/Common7/IDE/CommonExtensions/Microsoft/FSharp/Tools/cl.exe"
      - "C:/src/vcpkg/installed/x64-windows-static/Program Files/Microsoft Visual Studio/2022/Community/Common7/IDE/CommonExtensions/Microsoft/FSharp/Tools/cl"
      - "C:/src/vcpkg/installed/x64-windows-static/Program Files/Microsoft Visual Studio/2022/Community/Common7/IDE/CommonExtensions/Microsoft/FSharp/Tools/bcc.com"
      - "C:/src/vcpkg/installed/x64-windows-static/Program Files/Microsoft Visual Studio/2022/Community/Common7/IDE/CommonExtensions/Microsoft/FSharp/Tools/bcc.exe"
      - "C:/src/vcpkg/installed/x64-windows-static/Program Files/Microsoft Visual Studio/2022/Community/Common7/IDE/CommonExtensions/Microsoft/FSharp/Tools/bcc"
      - "C:/src/vcpkg/installed/x64-windows-static/Program Files/Microsoft Visual Studio/2022/Community/Common7/IDE/CommonExtensions/Microsoft/FSharp/Tools/xlc.com"
      - "C:/src/vcpkg/installed/x64-windows-static/Program Files/Microsoft Visual Studio/2022/Community/Common7/IDE/CommonExtensions/Microsoft/FSharp/Tools/xlc.exe"
      - "C:/src/vcpkg/installed/x64-windows-static/Program Files/Microsoft Visual Studio/2022/Community/Common7/IDE/CommonExtensions/Microsoft/FSharp/Tools/xlc"
      - "C:/src/vcpkg/installed/x64-windows-static/Program Files/Microsoft Visual Studio/2022/Community/Common7/IDE/CommonExtensions/Microsoft/FSharp/Tools/icx.com"
      - "C:/src/vcpkg/installed/x64-windows-static/Program Files/Microsoft Visual Studio/2022/Community/Common7/IDE/CommonExtensions/Microsoft/FSharp/Tools/icx.exe"
      - "C:/src/vcpkg/installed/x64-windows-static/Program Files/Microsoft Visual Studio/2022/Community/Common7/IDE/CommonExtensions/Microsoft/FSharp/Tools/icx"
      - "C:/src/vcpkg/installed/x64-windows-static/Program Files/Microsoft Visual Studio/2022/Community/Common7/IDE/CommonExtensions/Microsoft/FSharp/Tools/clang.com"
      - "C:/src/vcpkg/installed/x64-windows-static/Program Files/Microsoft Visual Studio/2022/Community/Common7/IDE/CommonExtensions/Microsoft/FSharp/Tools/clang.exe"
      - "C:/src/vcpkg/installed/x64-windows-static/Program Files/Microsoft Visual Studio/2022/Community/Common7/IDE/CommonExtensions/Microsoft/FSharp/Tools/clang"
      - "C:/src/vcpkg/installed/x64-windows-static/Program Files/Microsoft Visual Studio/2022/Community/Team Tools/DiagnosticsHub/Collector/cc.com"
      - "C:/src/vcpkg/installed/x64-windows-static/Program Files/Microsoft Visual Studio/2022/Community/Team Tools/DiagnosticsHub/Collector/cc.exe"
      - "C:/src/vcpkg/installed/x64-windows-static/Program Files/Microsoft Visual Studio/2022/Community/Team Tools/DiagnosticsHub/Collector/cc"
      - "C:/src/vcpkg/installed/x64-windows-static/Program Files/Microsoft Visual Studio/2022/Community/Team Tools/DiagnosticsHub/Collector/gcc.com"
      - "C:/src/vcpkg/installed/x64-windows-static/Program Files/Microsoft Visual Studio/2022/Community/Team Tools/DiagnosticsHub/Collector/gcc.exe"
      - "C:/src/vcpkg/installed/x64-windows-static/Program Files/Microsoft Visual Studio/2022/Community/Team Tools/DiagnosticsHub/Collector/gcc"
      - "C:/src/vcpkg/installed/x64-windows-static/Program Files/Microsoft Visual Studio/2022/Community/Team Tools/DiagnosticsHub/Collector/cl.com"
      - "C:/src/vcpkg/installed/x64-windows-static/Program Files/Microsoft Visual Studio/2022/Community/Team Tools/DiagnosticsHub/Collector/cl.exe"
      - "C:/src/vcpkg/installed/x64-windows-static/Program Files/Microsoft Visual Studio/2022/Community/Team Tools/DiagnosticsHub/Collector/cl"
      - "C:/src/vcpkg/installed/x64-windows-static/Program Files/Microsoft Visual Studio/2022/Community/Team Tools/DiagnosticsHub/Collector/bcc.com"
      - "C:/src/vcpkg/installed/x64-windows-static/Program Files/Microsoft Visual Studio/2022/Community/Team Tools/DiagnosticsHub/Collector/bcc.exe"
      - "C:/src/vcpkg/installed/x64-windows-static/Program Files/Microsoft Visual Studio/2022/Community/Team Tools/DiagnosticsHub/Collector/bcc"
      - "C:/src/vcpkg/installed/x64-windows-static/Program Files/Microsoft Visual Studio/2022/Community/Team Tools/DiagnosticsHub/Collector/xlc.com"
      - "C:/src/vcpkg/installed/x64-windows-static/Program Files/Microsoft Visual Studio/2022/Community/Team Tools/DiagnosticsHub/Collector/xlc.exe"
      - "C:/src/vcpkg/installed/x64-windows-static/Program Files/Microsoft Visual Studio/2022/Community/Team Tools/DiagnosticsHub/Collector/xlc"
      - "C:/src/vcpkg/installed/x64-windows-static/Program Files/Microsoft Visual Studio/2022/Community/Team Tools/DiagnosticsHub/Collector/icx.com"
      - "C:/src/vcpkg/installed/x64-windows-static/Program Files/Microsoft Visual Studio/2022/Community/Team Tools/DiagnosticsHub/Collector/icx.exe"
      - "C:/src/vcpkg/installed/x64-windows-static/Program Files/Microsoft Visual Studio/2022/Community/Team Tools/DiagnosticsHub/Collector/icx"
      - "C:/src/vcpkg/installed/x64-windows-static/Program Files/Microsoft Visual Studio/2022/Community/Team Tools/DiagnosticsHub/Collector/clang.com"
      - "C:/src/vcpkg/installed/x64-windows-static/Program Files/Microsoft Visual Studio/2022/Community/Team Tools/DiagnosticsHub/Collector/clang.exe"
      - "C:/src/vcpkg/installed/x64-windows-static/Program Files/Microsoft Visual Studio/2022/Community/Team Tools/DiagnosticsHub/Collector/clang"
      - "C:/src/vcpkg/installed/x64-windows-static/Program Files (x86)/Windows Kits/10/bin/10.0.26100.0/x64/cc.com"
      - "C:/src/vcpkg/installed/x64-windows-static/Program Files (x86)/Windows Kits/10/bin/10.0.26100.0/x64/cc.exe"
      - "C:/src/vcpkg/installed/x64-windows-static/Program Files (x86)/Windows Kits/10/bin/10.0.26100.0/x64/cc"
      - "C:/src/vcpkg/installed/x64-windows-static/Program Files (x86)/Windows Kits/10/bin/10.0.26100.0/x64/gcc.com"
      - "C:/src/vcpkg/installed/x64-windows-static/Program Files (x86)/Windows Kits/10/bin/10.0.26100.0/x64/gcc.exe"
      - "C:/src/vcpkg/installed/x64-windows-static/Program Files (x86)/Windows Kits/10/bin/10.0.26100.0/x64/gcc"
      - "C:/src/vcpkg/installed/x64-windows-static/Program Files (x86)/Windows Kits/10/bin/10.0.26100.0/x64/cl.com"
      - "C:/src/vcpkg/installed/x64-windows-static/Program Files (x86)/Windows Kits/10/bin/10.0.26100.0/x64/cl.exe"
      - "C:/src/vcpkg/installed/x64-windows-static/Program Files (x86)/Windows Kits/10/bin/10.0.26100.0/x64/cl"
      - "C:/src/vcpkg/installed/x64-windows-static/Program Files (x86)/Windows Kits/10/bin/10.0.26100.0/x64/bcc.com"
      - "C:/src/vcpkg/installed/x64-windows-static/Program Files (x86)/Windows Kits/10/bin/10.0.26100.0/x64/bcc.exe"
      - "C:/src/vcpkg/installed/x64-windows-static/Program Files (x86)/Windows Kits/10/bin/10.0.26100.0/x64/bcc"
      - "C:/src/vcpkg/installed/x64-windows-static/Program Files (x86)/Windows Kits/10/bin/10.0.26100.0/x64/xlc.com"
      - "C:/src/vcpkg/installed/x64-windows-static/Program Files (x86)/Windows Kits/10/bin/10.0.26100.0/x64/xlc.exe"
      - "C:/src/vcpkg/installed/x64-windows-static/Program Files (x86)/Windows Kits/10/bin/10.0.26100.0/x64/xlc"
      - "C:/src/vcpkg/installed/x64-windows-static/Program Files (x86)/Windows Kits/10/bin/10.0.26100.0/x64/icx.com"
      - "C:/src/vcpkg/installed/x64-windows-static/Program Files (x86)/Windows Kits/10/bin/10.0.26100.0/x64/icx.exe"
      - "C:/src/vcpkg/installed/x64-windows-static/Program Files (x86)/Windows Kits/10/bin/10.0.26100.0/x64/icx"
      - "C:/src/vcpkg/installed/x64-windows-static/Program Files (x86)/Windows Kits/10/bin/10.0.26100.0/x64/clang.com"
      - "C:/src/vcpkg/installed/x64-windows-static/Program Files (x86)/Windows Kits/10/bin/10.0.26100.0/x64/clang.exe"
      - "C:/src/vcpkg/installed/x64-windows-static/Program Files (x86)/Windows Kits/10/bin/10.0.26100.0/x64/clang"
      - "C:/src/vcpkg/installed/x64-windows-static/Program Files (x86)/Windows Kits/10/bin/x64/cc.com"
      - "C:/src/vcpkg/installed/x64-windows-static/Program Files (x86)/Windows Kits/10/bin/x64/cc.exe"
      - "C:/src/vcpkg/installed/x64-windows-static/Program Files (x86)/Windows Kits/10/bin/x64/cc"
      - "C:/src/vcpkg/installed/x64-windows-static/Program Files (x86)/Windows Kits/10/bin/x64/gcc.com"
      - "C:/src/vcpkg/installed/x64-windows-static/Program Files (x86)/Windows Kits/10/bin/x64/gcc.exe"
      - "C:/src/vcpkg/installed/x64-windows-static/Program Files (x86)/Windows Kits/10/bin/x64/gcc"
      - "C:/src/vcpkg/installed/x64-windows-static/Program Files (x86)/Windows Kits/10/bin/x64/cl.com"
      - "C:/src/vcpkg/installed/x64-windows-static/Program Files (x86)/Windows Kits/10/bin/x64/cl.exe"
      - "C:/src/vcpkg/installed/x64-windows-static/Program Files (x86)/Windows Kits/10/bin/x64/cl"
      - "C:/src/vcpkg/installed/x64-windows-static/Program Files (x86)/Windows Kits/10/bin/x64/bcc.com"
      - "C:/src/vcpkg/installed/x64-windows-static/Program Files (x86)/Windows Kits/10/bin/x64/bcc.exe"
      - "C:/src/vcpkg/installed/x64-windows-static/Program Files (x86)/Windows Kits/10/bin/x64/bcc"
      - "C:/src/vcpkg/installed/x64-windows-static/Program Files (x86)/Windows Kits/10/bin/x64/xlc.com"
      - "C:/src/vcpkg/installed/x64-windows-static/Program Files (x86)/Windows Kits/10/bin/x64/xlc.exe"
      - "C:/src/vcpkg/installed/x64-windows-static/Program Files (x86)/Windows Kits/10/bin/x64/xlc"
      - "C:/src/vcpkg/installed/x64-windows-static/Program Files (x86)/Windows Kits/10/bin/x64/icx.com"
      - "C:/src/vcpkg/installed/x64-windows-static/Program Files (x86)/Windows Kits/10/bin/x64/icx.exe"
      - "C:/src/vcpkg/installed/x64-windows-static/Program Files (x86)/Windows Kits/10/bin/x64/icx"
      - "C:/src/vcpkg/installed/x64-windows-static/Program Files (x86)/Windows Kits/10/bin/x64/clang.com"
      - "C:/src/vcpkg/installed/x64-windows-static/Program Files (x86)/Windows Kits/10/bin/x64/clang.exe"
      - "C:/src/vcpkg/installed/x64-windows-static/Program Files (x86)/Windows Kits/10/bin/x64/clang"
      - "C:/src/vcpkg/installed/x64-windows-static/Program Files/Microsoft Visual Studio/2022/Community/MSBuild/Current/Bin/amd64/cc.com"
      - "C:/src/vcpkg/installed/x64-windows-static/Program Files/Microsoft Visual Studio/2022/Community/MSBuild/Current/Bin/amd64/cc.exe"
      - "C:/src/vcpkg/installed/x64-windows-static/Program Files/Microsoft Visual Studio/2022/Community/MSBuild/Current/Bin/amd64/cc"
      - "C:/src/vcpkg/installed/x64-windows-static/Program Files/Microsoft Visual Studio/2022/Community/MSBuild/Current/Bin/amd64/gcc.com"
      - "C:/src/vcpkg/installed/x64-windows-static/Program Files/Microsoft Visual Studio/2022/Community/MSBuild/Current/Bin/amd64/gcc.exe"
      - "C:/src/vcpkg/installed/x64-windows-static/Program Files/Microsoft Visual Studio/2022/Community/MSBuild/Current/Bin/amd64/gcc"
      - "C:/src/vcpkg/installed/x64-windows-static/Program Files/Microsoft Visual Studio/2022/Community/MSBuild/Current/Bin/amd64/cl.com"
      - "C:/src/vcpkg/installed/x64-windows-static/Program Files/Microsoft Visual Studio/2022/Community/MSBuild/Current/Bin/amd64/cl.exe"
      - "C:/src/vcpkg/installed/x64-windows-static/Program Files/Microsoft Visual Studio/2022/Community/MSBuild/Current/Bin/amd64/cl"
      - "C:/src/vcpkg/installed/x64-windows-static/Program Files/Microsoft Visual Studio/2022/Community/MSBuild/Current/Bin/amd64/bcc.com"
      - "C:/src/vcpkg/installed/x64-windows-static/Program Files/Microsoft Visual Studio/2022/Community/MSBuild/Current/Bin/amd64/bcc.exe"
      - "C:/src/vcpkg/installed/x64-windows-static/Program Files/Microsoft Visual Studio/2022/Community/MSBuild/Current/Bin/amd64/bcc"
      - "C:/src/vcpkg/installed/x64-windows-static/Program Files/Microsoft Visual Studio/2022/Community/MSBuild/Current/Bin/amd64/xlc.com"
      - "C:/src/vcpkg/installed/x64-windows-static/Program Files/Microsoft Visual Studio/2022/Community/MSBuild/Current/Bin/amd64/xlc.exe"
      - "C:/src/vcpkg/installed/x64-windows-static/Program Files/Microsoft Visual Studio/2022/Community/MSBuild/Current/Bin/amd64/xlc"
      - "C:/src/vcpkg/installed/x64-windows-static/Program Files/Microsoft Visual Studio/2022/Community/MSBuild/Current/Bin/amd64/icx.com"
      - "C:/src/vcpkg/installed/x64-windows-static/Program Files/Microsoft Visual Studio/2022/Community/MSBuild/Current/Bin/amd64/icx.exe"
      - "C:/src/vcpkg/installed/x64-windows-static/Program Files/Microsoft Visual Studio/2022/Community/MSBuild/Current/Bin/amd64/icx"
      - "C:/src/vcpkg/installed/x64-windows-static/Program Files/Microsoft Visual Studio/2022/Community/MSBuild/Current/Bin/amd64/clang.com"
      - "C:/src/vcpkg/installed/x64-windows-static/Program Files/Microsoft Visual Studio/2022/Community/MSBuild/Current/Bin/amd64/clang.exe"
      - "C:/src/vcpkg/installed/x64-windows-static/Program Files/Microsoft Visual Studio/2022/Community/MSBuild/Current/Bin/amd64/clang"
      - "C:/src/vcpkg/installed/x64-windows-static/Windows/Microsoft.NET/Framework64/v4.0.30319/cc.com"
      - "C:/src/vcpkg/installed/x64-windows-static/Windows/Microsoft.NET/Framework64/v4.0.30319/cc.exe"
      - "C:/src/vcpkg/installed/x64-windows-static/Windows/Microsoft.NET/Framework64/v4.0.30319/cc"
      - "C:/src/vcpkg/installed/x64-windows-static/Windows/Microsoft.NET/Framework64/v4.0.30319/gcc.com"
      - "C:/src/vcpkg/installed/x64-windows-static/Windows/Microsoft.NET/Framework64/v4.0.30319/gcc.exe"
      - "C:/src/vcpkg/installed/x64-windows-static/Windows/Microsoft.NET/Framework64/v4.0.30319/gcc"
      - "C:/src/vcpkg/installed/x64-windows-static/Windows/Microsoft.NET/Framework64/v4.0.30319/cl.com"
      - "C:/src/vcpkg/installed/x64-windows-static/Windows/Microsoft.NET/Framework64/v4.0.30319/cl.exe"
      - "C:/src/vcpkg/installed/x64-windows-static/Windows/Microsoft.NET/Framework64/v4.0.30319/cl"
      - "C:/src/vcpkg/installed/x64-windows-static/Windows/Microsoft.NET/Framework64/v4.0.30319/bcc.com"
      - "C:/src/vcpkg/installed/x64-windows-static/Windows/Microsoft.NET/Framework64/v4.0.30319/bcc.exe"
      - "C:/src/vcpkg/installed/x64-windows-static/Windows/Microsoft.NET/Framework64/v4.0.30319/bcc"
      - "C:/src/vcpkg/installed/x64-windows-static/Windows/Microsoft.NET/Framework64/v4.0.30319/xlc.com"
      - "C:/src/vcpkg/installed/x64-windows-static/Windows/Microsoft.NET/Framework64/v4.0.30319/xlc.exe"
      - "C:/src/vcpkg/installed/x64-windows-static/Windows/Microsoft.NET/Framework64/v4.0.30319/xlc"
      - "C:/src/vcpkg/installed/x64-windows-static/Windows/Microsoft.NET/Framework64/v4.0.30319/icx.com"
      - "C:/src/vcpkg/installed/x64-windows-static/Windows/Microsoft.NET/Framework64/v4.0.30319/icx.exe"
      - "C:/src/vcpkg/installed/x64-windows-static/Windows/Microsoft.NET/Framework64/v4.0.30319/icx"
      - "C:/src/vcpkg/installed/x64-windows-static/Windows/Microsoft.NET/Framework64/v4.0.30319/clang.com"
      - "C:/src/vcpkg/installed/x64-windows-static/Windows/Microsoft.NET/Framework64/v4.0.30319/clang.exe"
      - "C:/src/vcpkg/installed/x64-windows-static/Windows/Microsoft.NET/Framework64/v4.0.30319/clang"
      - "C:/src/vcpkg/installed/x64-windows-static/Program Files/Microsoft Visual Studio/2022/Community/Common7/IDE/cc.com"
      - "C:/src/vcpkg/installed/x64-windows-static/Program Files/Microsoft Visual Studio/2022/Community/Common7/IDE/cc.exe"
      - "C:/src/vcpkg/installed/x64-windows-static/Program Files/Microsoft Visual Studio/2022/Community/Common7/IDE/cc"
      - "C:/src/vcpkg/installed/x64-windows-static/Program Files/Microsoft Visual Studio/2022/Community/Common7/IDE/gcc.com"
      - "C:/src/vcpkg/installed/x64-windows-static/Program Files/Microsoft Visual Studio/2022/Community/Common7/IDE/gcc.exe"
      - "C:/src/vcpkg/installed/x64-windows-static/Program Files/Microsoft Visual Studio/2022/Community/Common7/IDE/gcc"
      - "C:/src/vcpkg/installed/x64-windows-static/Program Files/Microsoft Visual Studio/2022/Community/Common7/IDE/cl.com"
      - "C:/src/vcpkg/installed/x64-windows-static/Program Files/Microsoft Visual Studio/2022/Community/Common7/IDE/cl.exe"
      - "C:/src/vcpkg/installed/x64-windows-static/Program Files/Microsoft Visual Studio/2022/Community/Common7/IDE/cl"
      - "C:/src/vcpkg/installed/x64-windows-static/Program Files/Microsoft Visual Studio/2022/Community/Common7/IDE/bcc.com"
      - "C:/src/vcpkg/installed/x64-windows-static/Program Files/Microsoft Visual Studio/2022/Community/Common7/IDE/bcc.exe"
      - "C:/src/vcpkg/installed/x64-windows-static/Program Files/Microsoft Visual Studio/2022/Community/Common7/IDE/bcc"
      - "C:/src/vcpkg/installed/x64-windows-static/Program Files/Microsoft Visual Studio/2022/Community/Common7/IDE/xlc.com"
      - "C:/src/vcpkg/installed/x64-windows-static/Program Files/Microsoft Visual Studio/2022/Community/Common7/IDE/xlc.exe"
      - "C:/src/vcpkg/installed/x64-windows-static/Program Files/Microsoft Visual Studio/2022/Community/Common7/IDE/xlc"
      - "C:/src/vcpkg/installed/x64-windows-static/Program Files/Microsoft Visual Studio/2022/Community/Common7/IDE/icx.com"
      - "C:/src/vcpkg/installed/x64-windows-static/Program Files/Microsoft Visual Studio/2022/Community/Common7/IDE/icx.exe"
      - "C:/src/vcpkg/installed/x64-windows-static/Program Files/Microsoft Visual Studio/2022/Community/Common7/IDE/icx"
      - "C:/src/vcpkg/installed/x64-windows-static/Program Files/Microsoft Visual Studio/2022/Community/Common7/IDE/clang.com"
      - "C:/src/vcpkg/installed/x64-windows-static/Program Files/Microsoft Visual Studio/2022/Community/Common7/IDE/clang.exe"
      - "C:/src/vcpkg/installed/x64-windows-static/Program Files/Microsoft Visual Studio/2022/Community/Common7/IDE/clang"
      - "C:/src/vcpkg/installed/x64-windows-static/Program Files/Microsoft Visual Studio/2022/Community/Common7/Tools/cc.com"
      - "C:/src/vcpkg/installed/x64-windows-static/Program Files/Microsoft Visual Studio/2022/Community/Common7/Tools/cc.exe"
      - "C:/src/vcpkg/installed/x64-windows-static/Program Files/Microsoft Visual Studio/2022/Community/Common7/Tools/cc"
      - "C:/src/vcpkg/installed/x64-windows-static/Program Files/Microsoft Visual Studio/2022/Community/Common7/Tools/gcc.com"
      - "C:/src/vcpkg/installed/x64-windows-static/Program Files/Microsoft Visual Studio/2022/Community/Common7/Tools/gcc.exe"
      - "C:/src/vcpkg/installed/x64-windows-static/Program Files/Microsoft Visual Studio/2022/Community/Common7/Tools/gcc"
      - "C:/src/vcpkg/installed/x64-windows-static/Program Files/Microsoft Visual Studio/2022/Community/Common7/Tools/cl.com"
      - "C:/src/vcpkg/installed/x64-windows-static/Program Files/Microsoft Visual Studio/2022/Community/Common7/Tools/cl.exe"
      - "C:/src/vcpkg/installed/x64-windows-static/Program Files/Microsoft Visual Studio/2022/Community/Common7/Tools/cl"
      - "C:/src/vcpkg/installed/x64-windows-static/Program Files/Microsoft Visual Studio/2022/Community/Common7/Tools/bcc.com"
      - "C:/src/vcpkg/installed/x64-windows-static/Program Files/Microsoft Visual Studio/2022/Community/Common7/Tools/bcc.exe"
      - "C:/src/vcpkg/installed/x64-windows-static/Program Files/Microsoft Visual Studio/2022/Community/Common7/Tools/bcc"
      - "C:/src/vcpkg/installed/x64-windows-static/Program Files/Microsoft Visual Studio/2022/Community/Common7/Tools/xlc.com"
      - "C:/src/vcpkg/installed/x64-windows-static/Program Files/Microsoft Visual Studio/2022/Community/Common7/Tools/xlc.exe"
      - "C:/src/vcpkg/installed/x64-windows-static/Program Files/Microsoft Visual Studio/2022/Community/Common7/Tools/xlc"
      - "C:/src/vcpkg/installed/x64-windows-static/Program Files/Microsoft Visual Studio/2022/Community/Common7/Tools/icx.com"
      - "C:/src/vcpkg/installed/x64-windows-static/Program Files/Microsoft Visual Studio/2022/Community/Common7/Tools/icx.exe"
      - "C:/src/vcpkg/installed/x64-windows-static/Program Files/Microsoft Visual Studio/2022/Community/Common7/Tools/icx"
      - "C:/src/vcpkg/installed/x64-windows-static/Program Files/Microsoft Visual Studio/2022/Community/Common7/Tools/clang.com"
      - "C:/src/vcpkg/installed/x64-windows-static/Program Files/Microsoft Visual Studio/2022/Community/Common7/Tools/clang.exe"
      - "C:/src/vcpkg/installed/x64-windows-static/Program Files/Microsoft Visual Studio/2022/Community/Common7/Tools/clang"
      - "C:/src/vcpkg/installed/x64-windows-static/src/vcpkg/downloads/tools/powershell-core-7.6.4-windows/cc.com"
      - "C:/src/vcpkg/installed/x64-windows-static/src/vcpkg/downloads/tools/powershell-core-7.6.4-windows/cc.exe"
      - "C:/src/vcpkg/installed/x64-windows-static/src/vcpkg/downloads/tools/powershell-core-7.6.4-windows/cc"
      - "C:/src/vcpkg/installed/x64-windows-static/src/vcpkg/downloads/tools/powershell-core-7.6.4-windows/gcc.com"
      - "C:/src/vcpkg/installed/x64-windows-static/src/vcpkg/downloads/tools/powershell-core-7.6.4-windows/gcc.exe"
      - "C:/src/vcpkg/installed/x64-windows-static/src/vcpkg/downloads/tools/powershell-core-7.6.4-windows/gcc"
      - "C:/src/vcpkg/installed/x64-windows-static/src/vcpkg/downloads/tools/powershell-core-7.6.4-windows/cl.com"
      - "C:/src/vcpkg/installed/x64-windows-static/src/vcpkg/downloads/tools/powershell-core-7.6.4-windows/cl.exe"
      - "C:/src/vcpkg/installed/x64-windows-static/src/vcpkg/downloads/tools/powershell-core-7.6.4-windows/cl"
      - "C:/src/vcpkg/installed/x64-windows-static/src/vcpkg/downloads/tools/powershell-core-7.6.4-windows/bcc.com"
      - "C:/src/vcpkg/installed/x64-windows-static/src/vcpkg/downloads/tools/powershell-core-7.6.4-windows/bcc.exe"
      - "C:/src/vcpkg/installed/x64-windows-static/src/vcpkg/downloads/tools/powershell-core-7.6.4-windows/bcc"
      - "C:/src/vcpkg/installed/x64-windows-static/src/vcpkg/downloads/tools/powershell-core-7.6.4-windows/xlc.com"
      - "C:/src/vcpkg/installed/x64-windows-static/src/vcpkg/downloads/tools/powershell-core-7.6.4-windows/xlc.exe"
      - "C:/src/vcpkg/installed/x64-windows-static/src/vcpkg/downloads/tools/powershell-core-7.6.4-windows/xlc"
      - "C:/src/vcpkg/installed/x64-windows-static/src/vcpkg/downloads/tools/powershell-core-7.6.4-windows/icx.com"
      - "C:/src/vcpkg/installed/x64-windows-static/src/vcpkg/downloads/tools/powershell-core-7.6.4-windows/icx.exe"
      - "C:/src/vcpkg/installed/x64-windows-static/src/vcpkg/downloads/tools/powershell-core-7.6.4-windows/icx"
      - "C:/src/vcpkg/installed/x64-windows-static/src/vcpkg/downloads/tools/powershell-core-7.6.4-windows/clang.com"
      - "C:/src/vcpkg/installed/x64-windows-static/src/vcpkg/downloads/tools/powershell-core-7.6.4-windows/clang.exe"
      - "C:/src/vcpkg/installed/x64-windows-static/src/vcpkg/downloads/tools/powershell-core-7.6.4-windows/clang"
      - "C:/src/vcpkg/installed/x64-windows-static/Windows/System32/cc.com"
      - "C:/src/vcpkg/installed/x64-windows-static/Windows/System32/cc.exe"
      - "C:/src/vcpkg/installed/x64-windows-static/Windows/System32/cc"
      - "C:/src/vcpkg/installed/x64-windows-static/Windows/System32/gcc.com"
      - "C:/src/vcpkg/installed/x64-windows-static/Windows/System32/gcc.exe"
      - "C:/src/vcpkg/installed/x64-windows-static/Windows/System32/gcc"
      - "C:/src/vcpkg/installed/x64-windows-static/Windows/System32/cl.com"
      - "C:/src/vcpkg/installed/x64-windows-static/Windows/System32/cl.exe"
      - "C:/src/vcpkg/installed/x64-windows-static/Windows/System32/cl"
      - "C:/src/vcpkg/installed/x64-windows-static/Windows/System32/bcc.com"
      - "C:/src/vcpkg/installed/x64-windows-static/Windows/System32/bcc.exe"
      - "C:/src/vcpkg/installed/x64-windows-static/Windows/System32/bcc"
      - "C:/src/vcpkg/installed/x64-windows-static/Windows/System32/xlc.com"
      - "C:/src/vcpkg/installed/x64-windows-static/Windows/System32/xlc.exe"
      - "C:/src/vcpkg/installed/x64-windows-static/Windows/System32/xlc"
      - "C:/src/vcpkg/installed/x64-windows-static/Windows/System32/icx.com"
      - "C:/src/vcpkg/installed/x64-windows-static/Windows/System32/icx.exe"
      - "C:/src/vcpkg/installed/x64-windows-static/Windows/System32/icx"
      - "C:/src/vcpkg/installed/x64-windows-static/Windows/System32/clang.com"
      - "C:/src/vcpkg/installed/x64-windows-static/Windows/System32/clang.exe"
      - "C:/src/vcpkg/installed/x64-windows-static/Windows/System32/clang"
      - "C:/src/vcpkg/installed/x64-windows-static/Windows/cc.com"
      - "C:/src/vcpkg/installed/x64-windows-static/Windows/cc.exe"
      - "C:/src/vcpkg/installed/x64-windows-static/Windows/cc"
      - "C:/src/vcpkg/installed/x64-windows-static/Windows/gcc.com"
      - "C:/src/vcpkg/installed/x64-windows-static/Windows/gcc.exe"
      - "C:/src/vcpkg/installed/x64-windows-static/Windows/gcc"
      - "C:/src/vcpkg/installed/x64-windows-static/Windows/cl.com"
      - "C:/src/vcpkg/installed/x64-windows-static/Windows/cl.exe"
      - "C:/src/vcpkg/installed/x64-windows-static/Windows/cl"
      - "C:/src/vcpkg/installed/x64-windows-static/Windows/bcc.com"
      - "C:/src/vcpkg/installed/x64-windows-static/Windows/bcc.exe"
      - "C:/src/vcpkg/installed/x64-windows-static/Windows/bcc"
      - "C:/src/vcpkg/installed/x64-windows-static/Windows/xlc.com"
      - "C:/src/vcpkg/installed/x64-windows-static/Windows/xlc.exe"
      - "C:/src/vcpkg/installed/x64-windows-static/Windows/xlc"
      - "C:/src/vcpkg/installed/x64-windows-static/Windows/icx.com"
      - "C:/src/vcpkg/installed/x64-windows-static/Windows/icx.exe"
      - "C:/src/vcpkg/installed/x64-windows-static/Windows/icx"
      - "C:/src/vcpkg/installed/x64-windows-static/Windows/clang.com"
      - "C:/src/vcpkg/installed/x64-windows-static/Windows/clang.exe"
      - "C:/src/vcpkg/installed/x64-windows-static/Windows/clang"
      - "C:/src/vcpkg/installed/x64-windows-static/Windows/System32/wbem/cc.com"
      - "C:/src/vcpkg/installed/x64-windows-static/Windows/System32/wbem/cc.exe"
      - "C:/src/vcpkg/installed/x64-windows-static/Windows/System32/wbem/cc"
      - "C:/src/vcpkg/installed/x64-windows-static/Windows/System32/wbem/gcc.com"
      - "C:/src/vcpkg/installed/x64-windows-static/Windows/System32/wbem/gcc.exe"
      - "C:/src/vcpkg/installed/x64-windows-static/Windows/System32/wbem/gcc"
      - "C:/src/vcpkg/installed/x64-windows-static/Windows/System32/wbem/cl.com"
      - "C:/src/vcpkg/installed/x64-windows-static/Windows/System32/wbem/cl.exe"
      - "C:/src/vcpkg/installed/x64-windows-static/Windows/System32/wbem/cl"
      - "C:/src/vcpkg/installed/x64-windows-static/Windows/System32/wbem/bcc.com"
      - "C:/src/vcpkg/installed/x64-windows-static/Windows/System32/wbem/bcc.exe"
      - "C:/src/vcpkg/installed/x64-windows-static/Windows/System32/wbem/bcc"
      - "C:/src/vcpkg/installed/x64-windows-static/Windows/System32/wbem/xlc.com"
      - "C:/src/vcpkg/installed/x64-windows-static/Windows/System32/wbem/xlc.exe"
      - "C:/src/vcpkg/installed/x64-windows-static/Windows/System32/wbem/xlc"
      - "C:/src/vcpkg/installed/x64-windows-static/Windows/System32/wbem/icx.com"
      - "C:/src/vcpkg/installed/x64-windows-static/Windows/System32/wbem/icx.exe"
      - "C:/src/vcpkg/installed/x64-windows-static/Windows/System32/wbem/icx"
      - "C:/src/vcpkg/installed/x64-windows-static/Windows/System32/wbem/clang.com"
      - "C:/src/vcpkg/installed/x64-windows-static/Windows/System32/wbem/clang.exe"
      - "C:/src/vcpkg/installed/x64-windows-static/Windows/System32/wbem/clang"
      - "C:/src/vcpkg/installed/x64-windows-static/Windows/System32/WindowsPowerShell/v1.0/cc.com"
      - "C:/src/vcpkg/installed/x64-windows-static/Windows/System32/WindowsPowerShell/v1.0/cc.exe"
      - "C:/src/vcpkg/installed/x64-windows-static/Windows/System32/WindowsPowerShell/v1.0/cc"
      - "C:/src/vcpkg/installed/x64-windows-static/Windows/System32/WindowsPowerShell/v1.0/gcc.com"
      - "C:/src/vcpkg/installed/x64-windows-static/Windows/System32/WindowsPowerShell/v1.0/gcc.exe"
      - "C:/src/vcpkg/installed/x64-windows-static/Windows/System32/WindowsPowerShell/v1.0/gcc"
      - "C:/src/vcpkg/installed/x64-windows-static/Windows/System32/WindowsPowerShell/v1.0/cl.com"
      - "C:/src/vcpkg/installed/x64-windows-static/Windows/System32/WindowsPowerShell/v1.0/cl.exe"
      - "C:/src/vcpkg/installed/x64-windows-static/Windows/System32/WindowsPowerShell/v1.0/cl"
      - "C:/src/vcpkg/installed/x64-windows-static/Windows/System32/WindowsPowerShell/v1.0/bcc.com"
      - "C:/src/vcpkg/installed/x64-windows-static/Windows/System32/WindowsPowerShell/v1.0/bcc.exe"
      - "C:/src/vcpkg/installed/x64-windows-static/Windows/System32/WindowsPowerShell/v1.0/bcc"
      - "C:/src/vcpkg/installed/x64-windows-static/Windows/System32/WindowsPowerShell/v1.0/xlc.com"
      - "C:/src/vcpkg/installed/x64-windows-static/Windows/System32/WindowsPowerShell/v1.0/xlc.exe"
      - "C:/src/vcpkg/installed/x64-windows-static/Windows/System32/WindowsPowerShell/v1.0/xlc"
      - "C:/src/vcpkg/installed/x64-windows-static/Windows/System32/WindowsPowerShell/v1.0/icx.com"
      - "C:/src/vcpkg/installed/x64-windows-static/Windows/System32/WindowsPowerShell/v1.0/icx.exe"
      - "C:/src/vcpkg/installed/x64-windows-static/Windows/System32/WindowsPowerShell/v1.0/icx"
      - "C:/src/vcpkg/installed/x64-windows-static/Windows/System32/WindowsPowerShell/v1.0/clang.com"
      - "C:/src/vcpkg/installed/x64-windows-static/Windows/System32/WindowsPowerShell/v1.0/clang.exe"
      - "C:/src/vcpkg/installed/x64-windows-static/Windows/System32/WindowsPowerShell/v1.0/clang"
      - "C:/src/vcpkg/installed/x64-windows-static/Windows/System32/OpenSSH/cc.com"
      - "C:/src/vcpkg/installed/x64-windows-static/Windows/System32/OpenSSH/cc.exe"
      - "C:/src/vcpkg/installed/x64-windows-static/Windows/System32/OpenSSH/cc"
      - "C:/src/vcpkg/installed/x64-windows-static/Windows/System32/OpenSSH/gcc.com"
      - "C:/src/vcpkg/installed/x64-windows-static/Windows/System32/OpenSSH/gcc.exe"
      - "C:/src/vcpkg/installed/x64-windows-static/Windows/System32/OpenSSH/gcc"
      - "C:/src/vcpkg/installed/x64-windows-static/Windows/System32/OpenSSH/cl.com"
      - "C:/src/vcpkg/installed/x64-windows-static/Windows/System32/OpenSSH/cl.exe"
      - "C:/src/vcpkg/installed/x64-windows-static/Windows/System32/OpenSSH/cl"
      - "C:/src/vcpkg/installed/x64-windows-static/Windows/System32/OpenSSH/bcc.com"
      - "C:/src/vcpkg/installed/x64-windows-static/Windows/System32/OpenSSH/bcc.exe"
      - "C:/src/vcpkg/installed/x64-windows-static/Windows/System32/OpenSSH/bcc"
      - "C:/src/vcpkg/installed/x64-windows-static/Windows/System32/OpenSSH/xlc.com"
      - "C:/src/vcpkg/installed/x64-windows-static/Windows/System32/OpenSSH/xlc.exe"
      - "C:/src/vcpkg/installed/x64-windows-static/Windows/System32/OpenSSH/xlc"
      - "C:/src/vcpkg/installed/x64-windows-static/Windows/System32/OpenSSH/icx.com"
      - "C:/src/vcpkg/installed/x64-windows-static/Windows/System32/OpenSSH/icx.exe"
      - "C:/src/vcpkg/installed/x64-windows-static/Windows/System32/OpenSSH/icx"
      - "C:/src/vcpkg/installed/x64-windows-static/Windows/System32/OpenSSH/clang.com"
      - "C:/src/vcpkg/installed/x64-windows-static/Windows/System32/OpenSSH/clang.exe"
      - "C:/src/vcpkg/installed/x64-windows-static/Windows/System32/OpenSSH/clang"
      - "C:/src/vcpkg/installed/x64-windows-static/Program Files/Microsoft Visual Studio/2022/Community/Common7/IDE/CommonExtensions/Microsoft/CMake/CMake/bin/cc.com"
      - "C:/src/vcpkg/installed/x64-windows-static/Program Files/Microsoft Visual Studio/2022/Community/Common7/IDE/CommonExtensions/Microsoft/CMake/CMake/bin/cc.exe"
      - "C:/src/vcpkg/installed/x64-windows-static/Program Files/Microsoft Visual Studio/2022/Community/Common7/IDE/CommonExtensions/Microsoft/CMake/CMake/bin/cc"
      - "C:/src/vcpkg/installed/x64-windows-static/Program Files/Microsoft Visual Studio/2022/Community/Common7/IDE/CommonExtensions/Microsoft/CMake/CMake/bin/gcc.com"
      - "C:/src/vcpkg/installed/x64-windows-static/Program Files/Microsoft Visual Studio/2022/Community/Common7/IDE/CommonExtensions/Microsoft/CMake/CMake/bin/gcc.exe"
      - "C:/src/vcpkg/installed/x64-windows-static/Program Files/Microsoft Visual Studio/2022/Community/Common7/IDE/CommonExtensions/Microsoft/CMake/CMake/bin/gcc"
      - "C:/src/vcpkg/installed/x64-windows-static/Program Files/Microsoft Visual Studio/2022/Community/Common7/IDE/CommonExtensions/Microsoft/CMake/CMake/bin/cl.com"
      - "C:/src/vcpkg/installed/x64-windows-static/Program Files/Microsoft Visual Studio/2022/Community/Common7/IDE/CommonExtensions/Microsoft/CMake/CMake/bin/cl.exe"
      - "C:/src/vcpkg/installed/x64-windows-static/Program Files/Microsoft Visual Studio/2022/Community/Common7/IDE/CommonExtensions/Microsoft/CMake/CMake/bin/cl"
      - "C:/src/vcpkg/installed/x64-windows-static/Program Files/Microsoft Visual Studio/2022/Community/Common7/IDE/CommonExtensions/Microsoft/CMake/CMake/bin/bcc.com"
      - "C:/src/vcpkg/installed/x64-windows-static/Program Files/Microsoft Visual Studio/2022/Community/Common7/IDE/CommonExtensions/Microsoft/CMake/CMake/bin/bcc.exe"
      - "C:/src/vcpkg/installed/x64-windows-static/Program Files/Microsoft Visual Studio/2022/Community/Common7/IDE/CommonExtensions/Microsoft/CMake/CMake/bin/bcc"
      - "C:/src/vcpkg/installed/x64-windows-static/Program Files/Microsoft Visual Studio/2022/Community/Common7/IDE/CommonExtensions/Microsoft/CMake/CMake/bin/xlc.com"
      - "C:/src/vcpkg/installed/x64-windows-static/Program Files/Microsoft Visual Studio/2022/Community/Common7/IDE/CommonExtensions/Microsoft/CMake/CMake/bin/xlc.exe"
      - "C:/src/vcpkg/installed/x64-windows-static/Program Files/Microsoft Visual Studio/2022/Community/Common7/IDE/CommonExtensions/Microsoft/CMake/CMake/bin/xlc"
      - "C:/src/vcpkg/installed/x64-windows-static/Program Files/Microsoft Visual Studio/2022/Community/Common7/IDE/CommonExtensions/Microsoft/CMake/CMake/bin/icx.com"
      - "C:/src/vcpkg/installed/x64-windows-static/Program Files/Microsoft Visual Studio/2022/Community/Common7/IDE/CommonExtensions/Microsoft/CMake/CMake/bin/icx.exe"
      - "C:/src/vcpkg/installed/x64-windows-static/Program Files/Microsoft Visual Studio/2022/Community/Common7/IDE/CommonExtensions/Microsoft/CMake/CMake/bin/icx"
      - "C:/src/vcpkg/installed/x64-windows-static/Program Files/Microsoft Visual Studio/2022/Community/Common7/IDE/CommonExtensions/Microsoft/CMake/CMake/bin/clang.com"
      - "C:/src/vcpkg/installed/x64-windows-static/Program Files/Microsoft Visual Studio/2022/Community/Common7/IDE/CommonExtensions/Microsoft/CMake/CMake/bin/clang.exe"
      - "C:/src/vcpkg/installed/x64-windows-static/Program Files/Microsoft Visual Studio/2022/Community/Common7/IDE/CommonExtensions/Microsoft/CMake/CMake/bin/clang"
      - "C:/src/vcpkg/installed/x64-windows-static/Program Files/Microsoft Visual Studio/2022/Community/Common7/IDE/CommonExtensions/Microsoft/CMake/Ninja/cc.com"
      - "C:/src/vcpkg/installed/x64-windows-static/Program Files/Microsoft Visual Studio/2022/Community/Common7/IDE/CommonExtensions/Microsoft/CMake/Ninja/cc.exe"
      - "C:/src/vcpkg/installed/x64-windows-static/Program Files/Microsoft Visual Studio/2022/Community/Common7/IDE/CommonExtensions/Microsoft/CMake/Ninja/cc"
      - "C:/src/vcpkg/installed/x64-windows-static/Program Files/Microsoft Visual Studio/2022/Community/Common7/IDE/CommonExtensions/Microsoft/CMake/Ninja/gcc.com"
      - "C:/src/vcpkg/installed/x64-windows-static/Program Files/Microsoft Visual Studio/2022/Community/Common7/IDE/CommonExtensions/Microsoft/CMake/Ninja/gcc.exe"
      - "C:/src/vcpkg/installed/x64-windows-static/Program Files/Microsoft Visual Studio/2022/Community/Common7/IDE/CommonExtensions/Microsoft/CMake/Ninja/gcc"
      - "C:/src/vcpkg/installed/x64-windows-static/Program Files/Microsoft Visual Studio/2022/Community/Common7/IDE/CommonExtensions/Microsoft/CMake/Ninja/cl.com"
      - "C:/src/vcpkg/installed/x64-windows-static/Program Files/Microsoft Visual Studio/2022/Community/Common7/IDE/CommonExtensions/Microsoft/CMake/Ninja/cl.exe"
      - "C:/src/vcpkg/installed/x64-windows-static/Program Files/Microsoft Visual Studio/2022/Community/Common7/IDE/CommonExtensions/Microsoft/CMake/Ninja/cl"
      - "C:/src/vcpkg/installed/x64-windows-static/Program Files/Microsoft Visual Studio/2022/Community/Common7/IDE/CommonExtensions/Microsoft/CMake/Ninja/bcc.com"
      - "C:/src/vcpkg/installed/x64-windows-static/Program Files/Microsoft Visual Studio/2022/Community/Common7/IDE/CommonExtensions/Microsoft/CMake/Ninja/bcc.exe"
      - "C:/src/vcpkg/installed/x64-windows-static/Program Files/Microsoft Visual Studio/2022/Community/Common7/IDE/CommonExtensions/Microsoft/CMake/Ninja/bcc"
      - "C:/src/vcpkg/installed/x64-windows-static/Program Files/Microsoft Visual Studio/2022/Community/Common7/IDE/CommonExtensions/Microsoft/CMake/Ninja/xlc.com"
      - "C:/src/vcpkg/installed/x64-windows-static/Program Files/Microsoft Visual Studio/2022/Community/Common7/IDE/CommonExtensions/Microsoft/CMake/Ninja/xlc.exe"
      - "C:/src/vcpkg/installed/x64-windows-static/Program Files/Microsoft Visual Studio/2022/Community/Common7/IDE/CommonExtensions/Microsoft/CMake/Ninja/xlc"
      - "C:/src/vcpkg/installed/x64-windows-static/Program Files/Microsoft Visual Studio/2022/Community/Common7/IDE/CommonExtensions/Microsoft/CMake/Ninja/icx.com"
      - "C:/src/vcpkg/installed/x64-windows-static/Program Files/Microsoft Visual Studio/2022/Community/Common7/IDE/CommonExtensions/Microsoft/CMake/Ninja/icx.exe"
      - "C:/src/vcpkg/installed/x64-windows-static/Program Files/Microsoft Visual Studio/2022/Community/Common7/IDE/CommonExtensions/Microsoft/CMake/Ninja/icx"
      - "C:/src/vcpkg/installed/x64-windows-static/Program Files/Microsoft Visual Studio/2022/Community/Common7/IDE/CommonExtensions/Microsoft/CMake/Ninja/clang.com"
      - "C:/src/vcpkg/installed/x64-windows-static/Program Files/Microsoft Visual Studio/2022/Community/Common7/IDE/CommonExtensions/Microsoft/CMake/Ninja/clang.exe"
      - "C:/src/vcpkg/installed/x64-windows-static/Program Files/Microsoft Visual Studio/2022/Community/Common7/IDE/CommonExtensions/Microsoft/CMake/Ninja/clang"
      - "C:/src/vcpkg/installed/x64-windows-static/Program Files/Microsoft Visual Studio/2022/Community/Common7/IDE/VC/Linux/bin/ConnectionManagerExe/cc.com"
      - "C:/src/vcpkg/installed/x64-windows-static/Program Files/Microsoft Visual Studio/2022/Community/Common7/IDE/VC/Linux/bin/ConnectionManagerExe/cc.exe"
      - "C:/src/vcpkg/installed/x64-windows-static/Program Files/Microsoft Visual Studio/2022/Community/Common7/IDE/VC/Linux/bin/ConnectionManagerExe/cc"
      - "C:/src/vcpkg/installed/x64-windows-static/Program Files/Microsoft Visual Studio/2022/Community/Common7/IDE/VC/Linux/bin/ConnectionManagerExe/gcc.com"
      - "C:/src/vcpkg/installed/x64-windows-static/Program Files/Microsoft Visual Studio/2022/Community/Common7/IDE/VC/Linux/bin/ConnectionManagerExe/gcc.exe"
      - "C:/src/vcpkg/installed/x64-windows-static/Program Files/Microsoft Visual Studio/2022/Community/Common7/IDE/VC/Linux/bin/ConnectionManagerExe/gcc"
      - "C:/src/vcpkg/installed/x64-windows-static/Program Files/Microsoft Visual Studio/2022/Community/Common7/IDE/VC/Linux/bin/ConnectionManagerExe/cl.com"
      - "C:/src/vcpkg/installed/x64-windows-static/Program Files/Microsoft Visual Studio/2022/Community/Common7/IDE/VC/Linux/bin/ConnectionManagerExe/cl.exe"
      - "C:/src/vcpkg/installed/x64-windows-static/Program Files/Microsoft Visual Studio/2022/Community/Common7/IDE/VC/Linux/bin/ConnectionManagerExe/cl"
      - "C:/src/vcpkg/installed/x64-windows-static/Program Files/Microsoft Visual Studio/2022/Community/Common7/IDE/VC/Linux/bin/ConnectionManagerExe/bcc.com"
      - "C:/src/vcpkg/installed/x64-windows-static/Program Files/Microsoft Visual Studio/2022/Community/Common7/IDE/VC/Linux/bin/ConnectionManagerExe/bcc.exe"
      - "C:/src/vcpkg/installed/x64-windows-static/Program Files/Microsoft Visual Studio/2022/Community/Common7/IDE/VC/Linux/bin/ConnectionManagerExe/bcc"
      - "C:/src/vcpkg/installed/x64-windows-static/Program Files/Microsoft Visual Studio/2022/Community/Common7/IDE/VC/Linux/bin/ConnectionManagerExe/xlc.com"
      - "C:/src/vcpkg/installed/x64-windows-static/Program Files/Microsoft Visual Studio/2022/Community/Common7/IDE/VC/Linux/bin/ConnectionManagerExe/xlc.exe"
      - "C:/src/vcpkg/installed/x64-windows-static/Program Files/Microsoft Visual Studio/2022/Community/Common7/IDE/VC/Linux/bin/ConnectionManagerExe/xlc"
      - "C:/src/vcpkg/installed/x64-windows-static/Program Files/Microsoft Visual Studio/2022/Community/Common7/IDE/VC/Linux/bin/ConnectionManagerExe/icx.com"
      - "C:/src/vcpkg/installed/x64-windows-static/Program Files/Microsoft Visual Studio/2022/Community/Common7/IDE/VC/Linux/bin/ConnectionManagerExe/icx.exe"
      - "C:/src/vcpkg/installed/x64-windows-static/Program Files/Microsoft Visual Studio/2022/Community/Common7/IDE/VC/Linux/bin/ConnectionManagerExe/icx"
      - "C:/src/vcpkg/installed/x64-windows-static/Program Files/Microsoft Visual Studio/2022/Community/Common7/IDE/VC/Linux/bin/ConnectionManagerExe/clang.com"
      - "C:/src/vcpkg/installed/x64-windows-static/Program Files/Microsoft Visual Studio/2022/Community/Common7/IDE/VC/Linux/bin/ConnectionManagerExe/clang.exe"
      - "C:/src/vcpkg/installed/x64-windows-static/Program Files/Microsoft Visual Studio/2022/Community/Common7/IDE/VC/Linux/bin/ConnectionManagerExe/clang"
      - "C:/src/vcpkg/installed/x64-windows-static/Program Files/Microsoft Visual Studio/2022/Community/VC/vcpkg/cc.com"
      - "C:/src/vcpkg/installed/x64-windows-static/Program Files/Microsoft Visual Studio/2022/Community/VC/vcpkg/cc.exe"
      - "C:/src/vcpkg/installed/x64-windows-static/Program Files/Microsoft Visual Studio/2022/Community/VC/vcpkg/cc"
      - "C:/src/vcpkg/installed/x64-windows-static/Program Files/Microsoft Visual Studio/2022/Community/VC/vcpkg/gcc.com"
      - "C:/src/vcpkg/installed/x64-windows-static/Program Files/Microsoft Visual Studio/2022/Community/VC/vcpkg/gcc.exe"
      - "C:/src/vcpkg/installed/x64-windows-static/Program Files/Microsoft Visual Studio/2022/Community/VC/vcpkg/gcc"
      - "C:/src/vcpkg/installed/x64-windows-static/Program Files/Microsoft Visual Studio/2022/Community/VC/vcpkg/cl.com"
      - "C:/src/vcpkg/installed/x64-windows-static/Program Files/Microsoft Visual Studio/2022/Community/VC/vcpkg/cl.exe"
      - "C:/src/vcpkg/installed/x64-windows-static/Program Files/Microsoft Visual Studio/2022/Community/VC/vcpkg/cl"
      - "C:/src/vcpkg/installed/x64-windows-static/Program Files/Microsoft Visual Studio/2022/Community/VC/vcpkg/bcc.com"
      - "C:/src/vcpkg/installed/x64-windows-static/Program Files/Microsoft Visual Studio/2022/Community/VC/vcpkg/bcc.exe"
      - "C:/src/vcpkg/installed/x64-windows-static/Program Files/Microsoft Visual Studio/2022/Community/VC/vcpkg/bcc"
      - "C:/src/vcpkg/installed/x64-windows-static/Program Files/Microsoft Visual Studio/2022/Community/VC/vcpkg/xlc.com"
      - "C:/src/vcpkg/installed/x64-windows-static/Program Files/Microsoft Visual Studio/2022/Community/VC/vcpkg/xlc.exe"
      - "C:/src/vcpkg/installed/x64-windows-static/Program Files/Microsoft Visual Studio/2022/Community/VC/vcpkg/xlc"
      - "C:/src/vcpkg/installed/x64-windows-static/Program Files/Microsoft Visual Studio/2022/Community/VC/vcpkg/icx.com"
      - "C:/src/vcpkg/installed/x64-windows-static/Program Files/Microsoft Visual Studio/2022/Community/VC/vcpkg/icx.exe"
      - "C:/src/vcpkg/installed/x64-windows-static/Program Files/Microsoft Visual Studio/2022/Community/VC/vcpkg/icx"
      - "C:/src/vcpkg/installed/x64-windows-static/Program Files/Microsoft Visual Studio/2022/Community/VC/vcpkg/clang.com"
      - "C:/src/vcpkg/installed/x64-windows-static/Program Files/Microsoft Visual Studio/2022/Community/VC/vcpkg/clang.exe"
      - "C:/src/vcpkg/installed/x64-windows-static/Program Files/Microsoft Visual Studio/2022/Community/VC/vcpkg/clang"
      - "C:/src/vcpkg/installed/x64-windows-static/src/vcpkg/downloads/tools/ninja-1.13.2-windows/cc.com"
      - "C:/src/vcpkg/installed/x64-windows-static/src/vcpkg/downloads/tools/ninja-1.13.2-windows/cc.exe"
      - "C:/src/vcpkg/installed/x64-windows-static/src/vcpkg/downloads/tools/ninja-1.13.2-windows/cc"
      - "C:/src/vcpkg/installed/x64-windows-static/src/vcpkg/downloads/tools/ninja-1.13.2-windows/gcc.com"
      - "C:/src/vcpkg/installed/x64-windows-static/src/vcpkg/downloads/tools/ninja-1.13.2-windows/gcc.exe"
      - "C:/src/vcpkg/installed/x64-windows-static/src/vcpkg/downloads/tools/ninja-1.13.2-windows/gcc"
      - "C:/src/vcpkg/installed/x64-windows-static/src/vcpkg/downloads/tools/ninja-1.13.2-windows/cl.com"
      - "C:/src/vcpkg/installed/x64-windows-static/src/vcpkg/downloads/tools/ninja-1.13.2-windows/cl.exe"
      - "C:/src/vcpkg/installed/x64-windows-static/src/vcpkg/downloads/tools/ninja-1.13.2-windows/cl"
      - "C:/src/vcpkg/installed/x64-windows-static/src/vcpkg/downloads/tools/ninja-1.13.2-windows/bcc.com"
      - "C:/src/vcpkg/installed/x64-windows-static/src/vcpkg/downloads/tools/ninja-1.13.2-windows/bcc.exe"
      - "C:/src/vcpkg/installed/x64-windows-static/src/vcpkg/downloads/tools/ninja-1.13.2-windows/bcc"
      - "C:/src/vcpkg/installed/x64-windows-static/src/vcpkg/downloads/tools/ninja-1.13.2-windows/xlc.com"
      - "C:/src/vcpkg/installed/x64-windows-static/src/vcpkg/downloads/tools/ninja-1.13.2-windows/xlc.exe"
      - "C:/src/vcpkg/installed/x64-windows-static/src/vcpkg/downloads/tools/ninja-1.13.2-windows/xlc"
      - "C:/src/vcpkg/installed/x64-windows-static/src/vcpkg/downloads/tools/ninja-1.13.2-windows/icx.com"
      - "C:/src/vcpkg/installed/x64-windows-static/src/vcpkg/downloads/tools/ninja-1.13.2-windows/icx.exe"
      - "C:/src/vcpkg/installed/x64-windows-static/src/vcpkg/downloads/tools/ninja-1.13.2-windows/icx"
      - "C:/src/vcpkg/installed/x64-windows-static/src/vcpkg/downloads/tools/ninja-1.13.2-windows/clang.com"
      - "C:/src/vcpkg/installed/x64-windows-static/src/vcpkg/downloads/tools/ninja-1.13.2-windows/clang.exe"
      - "C:/src/vcpkg/installed/x64-windows-static/src/vcpkg/downloads/tools/ninja-1.13.2-windows/clang"
      - "C:/src/vcpkg/installed/x64-windows-static/debug/Program Files/Microsoft Visual Studio/2022/Community/VC/Tools/MSVC/14.44.35207/bin/Hostx64/x64/cc.com"
      - "C:/src/vcpkg/installed/x64-windows-static/debug/Program Files/Microsoft Visual Studio/2022/Community/VC/Tools/MSVC/14.44.35207/bin/Hostx64/x64/cc.exe"
      - "C:/src/vcpkg/installed/x64-windows-static/debug/Program Files/Microsoft Visual Studio/2022/Community/VC/Tools/MSVC/14.44.35207/bin/Hostx64/x64/cc"
      - "C:/src/vcpkg/installed/x64-windows-static/debug/Program Files/Microsoft Visual Studio/2022/Community/VC/Tools/MSVC/14.44.35207/bin/Hostx64/x64/gcc.com"
      - "C:/src/vcpkg/installed/x64-windows-static/debug/Program Files/Microsoft Visual Studio/2022/Community/VC/Tools/MSVC/14.44.35207/bin/Hostx64/x64/gcc.exe"
      - "C:/src/vcpkg/installed/x64-windows-static/debug/Program Files/Microsoft Visual Studio/2022/Community/VC/Tools/MSVC/14.44.35207/bin/Hostx64/x64/gcc"
      - "C:/src/vcpkg/installed/x64-windows-static/debug/Program Files/Microsoft Visual Studio/2022/Community/VC/Tools/MSVC/14.44.35207/bin/Hostx64/x64/cl.com"
      - "C:/src/vcpkg/installed/x64-windows-static/debug/Program Files/Microsoft Visual Studio/2022/Community/VC/Tools/MSVC/14.44.35207/bin/Hostx64/x64/cl.exe"
      - "C:/src/vcpkg/installed/x64-windows-static/debug/Program Files/Microsoft Visual Studio/2022/Community/VC/Tools/MSVC/14.44.35207/bin/Hostx64/x64/cl"
      - "C:/src/vcpkg/installed/x64-windows-static/debug/Program Files/Microsoft Visual Studio/2022/Community/VC/Tools/MSVC/14.44.35207/bin/Hostx64/x64/bcc.com"
      - "C:/src/vcpkg/installed/x64-windows-static/debug/Program Files/Microsoft Visual Studio/2022/Community/VC/Tools/MSVC/14.44.35207/bin/Hostx64/x64/bcc.exe"
      - "C:/src/vcpkg/installed/x64-windows-static/debug/Program Files/Microsoft Visual Studio/2022/Community/VC/Tools/MSVC/14.44.35207/bin/Hostx64/x64/bcc"
      - "C:/src/vcpkg/installed/x64-windows-static/debug/Program Files/Microsoft Visual Studio/2022/Community/VC/Tools/MSVC/14.44.35207/bin/Hostx64/x64/xlc.com"
      - "C:/src/vcpkg/installed/x64-windows-static/debug/Program Files/Microsoft Visual Studio/2022/Community/VC/Tools/MSVC/14.44.35207/bin/Hostx64/x64/xlc.exe"
      - "C:/src/vcpkg/installed/x64-windows-static/debug/Program Files/Microsoft Visual Studio/2022/Community/VC/Tools/MSVC/14.44.35207/bin/Hostx64/x64/xlc"
      - "C:/src/vcpkg/installed/x64-windows-static/debug/Program Files/Microsoft Visual Studio/2022/Community/VC/Tools/MSVC/14.44.35207/bin/Hostx64/x64/icx.com"
      - "C:/src/vcpkg/installed/x64-windows-static/debug/Program Files/Microsoft Visual Studio/2022/Community/VC/Tools/MSVC/14.44.35207/bin/Hostx64/x64/icx.exe"
      - "C:/src/vcpkg/installed/x64-windows-static/debug/Program Files/Microsoft Visual Studio/2022/Community/VC/Tools/MSVC/14.44.35207/bin/Hostx64/x64/icx"
      - "C:/src/vcpkg/installed/x64-windows-static/debug/Program Files/Microsoft Visual Studio/2022/Community/VC/Tools/MSVC/14.44.35207/bin/Hostx64/x64/clang.com"
      - "C:/src/vcpkg/installed/x64-windows-static/debug/Program Files/Microsoft Visual Studio/2022/Community/VC/Tools/MSVC/14.44.35207/bin/Hostx64/x64/clang.exe"
      - "C:/src/vcpkg/installed/x64-windows-static/debug/Program Files/Microsoft Visual Studio/2022/Community/VC/Tools/MSVC/14.44.35207/bin/Hostx64/x64/clang"
      - "C:/src/vcpkg/installed/x64-windows-static/debug/Program Files/Microsoft Visual Studio/2022/Community/Common7/IDE/VC/vcpackages/cc.com"
      - "C:/src/vcpkg/installed/x64-windows-static/debug/Program Files/Microsoft Visual Studio/2022/Community/Common7/IDE/VC/vcpackages/cc.exe"
      - "C:/src/vcpkg/installed/x64-windows-static/debug/Program Files/Microsoft Visual Studio/2022/Community/Common7/IDE/VC/vcpackages/cc"
      - "C:/src/vcpkg/installed/x64-windows-static/debug/Program Files/Microsoft Visual Studio/2022/Community/Common7/IDE/VC/vcpackages/gcc.com"
      - "C:/src/vcpkg/installed/x64-windows-static/debug/Program Files/Microsoft Visual Studio/2022/Community/Common7/IDE/VC/vcpackages/gcc.exe"
      - "C:/src/vcpkg/installed/x64-windows-static/debug/Program Files/Microsoft Visual Studio/2022/Community/Common7/IDE/VC/vcpackages/gcc"
      - "C:/src/vcpkg/installed/x64-windows-static/debug/Program Files/Microsoft Visual Studio/2022/Community/Common7/IDE/VC/vcpackages/cl.com"
      - "C:/src/vcpkg/installed/x64-windows-static/debug/Program Files/Microsoft Visual Studio/2022/Community/Common7/IDE/VC/vcpackages/cl.exe"
      - "C:/src/vcpkg/installed/x64-windows-static/debug/Program Files/Microsoft Visual Studio/2022/Community/Common7/IDE/VC/vcpackages/cl"
      - "C:/src/vcpkg/installed/x64-windows-static/debug/Program Files/Microsoft Visual Studio/2022/Community/Common7/IDE/VC/vcpackages/bcc.com"
      - "C:/src/vcpkg/installed/x64-windows-static/debug/Program Files/Microsoft Visual Studio/2022/Community/Common7/IDE/VC/vcpackages/bcc.exe"
      - "C:/src/vcpkg/installed/x64-windows-static/debug/Program Files/Microsoft Visual Studio/2022/Community/Common7/IDE/VC/vcpackages/bcc"
      - "C:/src/vcpkg/installed/x64-windows-static/debug/Program Files/Microsoft Visual Studio/2022/Community/Common7/IDE/VC/vcpackages/xlc.com"
      - "C:/src/vcpkg/installed/x64-windows-static/debug/Program Files/Microsoft Visual Studio/2022/Community/Common7/IDE/VC/vcpackages/xlc.exe"
      - "C:/src/vcpkg/installed/x64-windows-static/debug/Program Files/Microsoft Visual Studio/2022/Community/Common7/IDE/VC/vcpackages/xlc"
      - "C:/src/vcpkg/installed/x64-windows-static/debug/Program Files/Microsoft Visual Studio/2022/Community/Common7/IDE/VC/vcpackages/icx.com"
      - "C:/src/vcpkg/installed/x64-windows-static/debug/Program Files/Microsoft Visual Studio/2022/Community/Common7/IDE/VC/vcpackages/icx.exe"
      - "C:/src/vcpkg/installed/x64-windows-static/debug/Program Files/Microsoft Visual Studio/2022/Community/Common7/IDE/VC/vcpackages/icx"
      - "C:/src/vcpkg/installed/x64-windows-static/debug/Program Files/Microsoft Visual Studio/2022/Community/Common7/IDE/VC/vcpackages/clang.com"
      - "C:/src/vcpkg/installed/x64-windows-static/debug/Program Files/Microsoft Visual Studio/2022/Community/Common7/IDE/VC/vcpackages/clang.exe"
      - "C:/src/vcpkg/installed/x64-windows-static/debug/Program Files/Microsoft Visual Studio/2022/Community/Common7/IDE/VC/vcpackages/clang"
      - "C:/src/vcpkg/installed/x64-windows-static/debug/Program Files/Microsoft Visual Studio/2022/Community/Common7/IDE/CommonExtensions/Microsoft/TestWindow/cc.com"
      - "C:/src/vcpkg/installed/x64-windows-static/debug/Program Files/Microsoft Visual Studio/2022/Community/Common7/IDE/CommonExtensions/Microsoft/TestWindow/cc.exe"
      - "C:/src/vcpkg/installed/x64-windows-static/debug/Program Files/Microsoft Visual Studio/2022/Community/Common7/IDE/CommonExtensions/Microsoft/TestWindow/cc"
      - "C:/src/vcpkg/installed/x64-windows-static/debug/Program Files/Microsoft Visual Studio/2022/Community/Common7/IDE/CommonExtensions/Microsoft/TestWindow/gcc.com"
      - "C:/src/vcpkg/installed/x64-windows-static/debug/Program Files/Microsoft Visual Studio/2022/Community/Common7/IDE/CommonExtensions/Microsoft/TestWindow/gcc.exe"
      - "C:/src/vcpkg/installed/x64-windows-static/debug/Program Files/Microsoft Visual Studio/2022/Community/Common7/IDE/CommonExtensions/Microsoft/TestWindow/gcc"
      - "C:/src/vcpkg/installed/x64-windows-static/debug/Program Files/Microsoft Visual Studio/2022/Community/Common7/IDE/CommonExtensions/Microsoft/TestWindow/cl.com"
      - "C:/src/vcpkg/installed/x64-windows-static/debug/Program Files/Microsoft Visual Studio/2022/Community/Common7/IDE/CommonExtensions/Microsoft/TestWindow/cl.exe"
      - "C:/src/vcpkg/installed/x64-windows-static/debug/Program Files/Microsoft Visual Studio/2022/Community/Common7/IDE/CommonExtensions/Microsoft/TestWindow/cl"
      - "C:/src/vcpkg/installed/x64-windows-static/debug/Program Files/Microsoft Visual Studio/2022/Community/Common7/IDE/CommonExtensions/Microsoft/TestWindow/bcc.com"
      - "C:/src/vcpkg/installed/x64-windows-static/debug/Program Files/Microsoft Visual Studio/2022/Community/Common7/IDE/CommonExtensions/Microsoft/TestWindow/bcc.exe"
      - "C:/src/vcpkg/installed/x64-windows-static/debug/Program Files/Microsoft Visual Studio/2022/Community/Common7/IDE/CommonExtensions/Microsoft/TestWindow/bcc"
      - "C:/src/vcpkg/installed/x64-windows-static/debug/Program Files/Microsoft Visual Studio/2022/Community/Common7/IDE/CommonExtensions/Microsoft/TestWindow/xlc.com"
      - "C:/src/vcpkg/installed/x64-windows-static/debug/Program Files/Microsoft Visual Studio/2022/Community/Common7/IDE/CommonExtensions/Microsoft/TestWindow/xlc.exe"
      - "C:/src/vcpkg/installed/x64-windows-static/debug/Program Files/Microsoft Visual Studio/2022/Community/Common7/IDE/CommonExtensions/Microsoft/TestWindow/xlc"
      - "C:/src/vcpkg/installed/x64-windows-static/debug/Program Files/Microsoft Visual Studio/2022/Community/Common7/IDE/CommonExtensions/Microsoft/TestWindow/icx.com"
      - "C:/src/vcpkg/installed/x64-windows-static/debug/Program Files/Microsoft Visual Studio/2022/Community/Common7/IDE/CommonExtensions/Microsoft/TestWindow/icx.exe"
      - "C:/src/vcpkg/installed/x64-windows-static/debug/Program Files/Microsoft Visual Studio/2022/Community/Common7/IDE/CommonExtensions/Microsoft/TestWindow/icx"
      - "C:/src/vcpkg/installed/x64-windows-static/debug/Program Files/Microsoft Visual Studio/2022/Community/Common7/IDE/CommonExtensions/Microsoft/TestWindow/clang.com"
      - "C:/src/vcpkg/installed/x64-windows-static/debug/Program Files/Microsoft Visual Studio/2022/Community/Common7/IDE/CommonExtensions/Microsoft/TestWindow/clang.exe"
      - "C:/src/vcpkg/installed/x64-windows-static/debug/Program Files/Microsoft Visual Studio/2022/Community/Common7/IDE/CommonExtensions/Microsoft/TestWindow/clang"
      - "C:/src/vcpkg/installed/x64-windows-static/debug/Program Files/Microsoft Visual Studio/2022/Community/Common7/IDE/CommonExtensions/Microsoft/TeamFoundation/Team Explorer/cc.com"
      - "C:/src/vcpkg/installed/x64-windows-static/debug/Program Files/Microsoft Visual Studio/2022/Community/Common7/IDE/CommonExtensions/Microsoft/TeamFoundation/Team Explorer/cc.exe"
      - "C:/src/vcpkg/installed/x64-windows-static/debug/Program Files/Microsoft Visual Studio/2022/Community/Common7/IDE/CommonExtensions/Microsoft/TeamFoundation/Team Explorer/cc"
      - "C:/src/vcpkg/installed/x64-windows-static/debug/Program Files/Microsoft Visual Studio/2022/Community/Common7/IDE/CommonExtensions/Microsoft/TeamFoundation/Team Explorer/gcc.com"
      - "C:/src/vcpkg/installed/x64-windows-static/debug/Program Files/Microsoft Visual Studio/2022/Community/Common7/IDE/CommonExtensions/Microsoft/TeamFoundation/Team Explorer/gcc.exe"
      - "C:/src/vcpkg/installed/x64-windows-static/debug/Program Files/Microsoft Visual Studio/2022/Community/Common7/IDE/CommonExtensions/Microsoft/TeamFoundation/Team Explorer/gcc"
      - "C:/src/vcpkg/installed/x64-windows-static/debug/Program Files/Microsoft Visual Studio/2022/Community/Common7/IDE/CommonExtensions/Microsoft/TeamFoundation/Team Explorer/cl.com"
      - "C:/src/vcpkg/installed/x64-windows-static/debug/Program Files/Microsoft Visual Studio/2022/Community/Common7/IDE/CommonExtensions/Microsoft/TeamFoundation/Team Explorer/cl.exe"
      - "C:/src/vcpkg/installed/x64-windows-static/debug/Program Files/Microsoft Visual Studio/2022/Community/Common7/IDE/CommonExtensions/Microsoft/TeamFoundation/Team Explorer/cl"
      - "C:/src/vcpkg/installed/x64-windows-static/debug/Program Files/Microsoft Visual Studio/2022/Community/Common7/IDE/CommonExtensions/Microsoft/TeamFoundation/Team Explorer/bcc.com"
      - "C:/src/vcpkg/installed/x64-windows-static/debug/Program Files/Microsoft Visual Studio/2022/Community/Common7/IDE/CommonExtensions/Microsoft/TeamFoundation/Team Explorer/bcc.exe"
      - "C:/src/vcpkg/installed/x64-windows-static/debug/Program Files/Microsoft Visual Studio/2022/Community/Common7/IDE/CommonExtensions/Microsoft/TeamFoundation/Team Explorer/bcc"
      - "C:/src/vcpkg/installed/x64-windows-static/debug/Program Files/Microsoft Visual Studio/2022/Community/Common7/IDE/CommonExtensions/Microsoft/TeamFoundation/Team Explorer/xlc.com"
      - "C:/src/vcpkg/installed/x64-windows-static/debug/Program Files/Microsoft Visual Studio/2022/Community/Common7/IDE/CommonExtensions/Microsoft/TeamFoundation/Team Explorer/xlc.exe"
      - "C:/src/vcpkg/installed/x64-windows-static/debug/Program Files/Microsoft Visual Studio/2022/Community/Common7/IDE/CommonExtensions/Microsoft/TeamFoundation/Team Explorer/xlc"
      - "C:/src/vcpkg/installed/x64-windows-static/debug/Program Files/Microsoft Visual Studio/2022/Community/Common7/IDE/CommonExtensions/Microsoft/TeamFoundation/Team Explorer/icx.com"
      - "C:/src/vcpkg/installed/x64-windows-static/debug/Program Files/Microsoft Visual Studio/2022/Community/Common7/IDE/CommonExtensions/Microsoft/TeamFoundation/Team Explorer/icx.exe"
      - "C:/src/vcpkg/installed/x64-windows-static/debug/Program Files/Microsoft Visual Studio/2022/Community/Common7/IDE/CommonExtensions/Microsoft/TeamFoundation/Team Explorer/icx"
      - "C:/src/vcpkg/installed/x64-windows-static/debug/Program Files/Microsoft Visual Studio/2022/Community/Common7/IDE/CommonExtensions/Microsoft/TeamFoundation/Team Explorer/clang.com"
      - "C:/src/vcpkg/installed/x64-windows-static/debug/Program Files/Microsoft Visual Studio/2022/Community/Common7/IDE/CommonExtensions/Microsoft/TeamFoundation/Team Explorer/clang.exe"
      - "C:/src/vcpkg/installed/x64-windows-static/debug/Program Files/Microsoft Visual Studio/2022/Community/Common7/IDE/CommonExtensions/Microsoft/TeamFoundation/Team Explorer/clang"
      - "C:/src/vcpkg/installed/x64-windows-static/debug/Program Files/Microsoft Visual Studio/2022/Community/MSBuild/Current/Bin/Roslyn/cc.com"
      - "C:/src/vcpkg/installed/x64-windows-static/debug/Program Files/Microsoft Visual Studio/2022/Community/MSBuild/Current/Bin/Roslyn/cc.exe"
      - "C:/src/vcpkg/installed/x64-windows-static/debug/Program Files/Microsoft Visual Studio/2022/Community/MSBuild/Current/Bin/Roslyn/cc"
      - "C:/src/vcpkg/installed/x64-windows-static/debug/Program Files/Microsoft Visual Studio/2022/Community/MSBuild/Current/Bin/Roslyn/gcc.com"
      - "C:/src/vcpkg/installed/x64-windows-static/debug/Program Files/Microsoft Visual Studio/2022/Community/MSBuild/Current/Bin/Roslyn/gcc.exe"
      - "C:/src/vcpkg/installed/x64-windows-static/debug/Program Files/Microsoft Visual Studio/2022/Community/MSBuild/Current/Bin/Roslyn/gcc"
      - "C:/src/vcpkg/installed/x64-windows-static/debug/Program Files/Microsoft Visual Studio/2022/Community/MSBuild/Current/Bin/Roslyn/cl.com"
      - "C:/src/vcpkg/installed/x64-windows-static/debug/Program Files/Microsoft Visual Studio/2022/Community/MSBuild/Current/Bin/Roslyn/cl.exe"
      - "C:/src/vcpkg/installed/x64-windows-static/debug/Program Files/Microsoft Visual Studio/2022/Community/MSBuild/Current/Bin/Roslyn/cl"
      - "C:/src/vcpkg/installed/x64-windows-static/debug/Program Files/Microsoft Visual Studio/2022/Community/MSBuild/Current/Bin/Roslyn/bcc.com"
      - "C:/src/vcpkg/installed/x64-windows-static/debug/Program Files/Microsoft Visual Studio/2022/Community/MSBuild/Current/Bin/Roslyn/bcc.exe"
      - "C:/src/vcpkg/installed/x64-windows-static/debug/Program Files/Microsoft Visual Studio/2022/Community/MSBuild/Current/Bin/Roslyn/bcc"
      - "C:/src/vcpkg/installed/x64-windows-static/debug/Program Files/Microsoft Visual Studio/2022/Community/MSBuild/Current/Bin/Roslyn/xlc.com"
      - "C:/src/vcpkg/installed/x64-windows-static/debug/Program Files/Microsoft Visual Studio/2022/Community/MSBuild/Current/Bin/Roslyn/xlc.exe"
      - "C:/src/vcpkg/installed/x64-windows-static/debug/Program Files/Microsoft Visual Studio/2022/Community/MSBuild/Current/Bin/Roslyn/xlc"
      - "C:/src/vcpkg/installed/x64-windows-static/debug/Program Files/Microsoft Visual Studio/2022/Community/MSBuild/Current/Bin/Roslyn/icx.com"
      - "C:/src/vcpkg/installed/x64-windows-static/debug/Program Files/Microsoft Visual Studio/2022/Community/MSBuild/Current/Bin/Roslyn/icx.exe"
      - "C:/src/vcpkg/installed/x64-windows-static/debug/Program Files/Microsoft Visual Studio/2022/Community/MSBuild/Current/Bin/Roslyn/icx"
      - "C:/src/vcpkg/installed/x64-windows-static/debug/Program Files/Microsoft Visual Studio/2022/Community/MSBuild/Current/Bin/Roslyn/clang.com"
      - "C:/src/vcpkg/installed/x64-windows-static/debug/Program Files/Microsoft Visual Studio/2022/Community/MSBuild/Current/Bin/Roslyn/clang.exe"
      - "C:/src/vcpkg/installed/x64-windows-static/debug/Program Files/Microsoft Visual Studio/2022/Community/MSBuild/Current/Bin/Roslyn/clang"
      - "C:/src/vcpkg/installed/x64-windows-static/debug/Program Files (x86)/Microsoft SDKs/Windows/v10.0A/bin/NETFX 4.8 Tools/x64/cc.com"
      - "C:/src/vcpkg/installed/x64-windows-static/debug/Program Files (x86)/Microsoft SDKs/Windows/v10.0A/bin/NETFX 4.8 Tools/x64/cc.exe"
      - "C:/src/vcpkg/installed/x64-windows-static/debug/Program Files (x86)/Microsoft SDKs/Windows/v10.0A/bin/NETFX 4.8 Tools/x64/cc"
      - "C:/src/vcpkg/installed/x64-windows-static/debug/Program Files (x86)/Microsoft SDKs/Windows/v10.0A/bin/NETFX 4.8 Tools/x64/gcc.com"
      - "C:/src/vcpkg/installed/x64-windows-static/debug/Program Files (x86)/Microsoft SDKs/Windows/v10.0A/bin/NETFX 4.8 Tools/x64/gcc.exe"
      - "C:/src/vcpkg/installed/x64-windows-static/debug/Program Files (x86)/Microsoft SDKs/Windows/v10.0A/bin/NETFX 4.8 Tools/x64/gcc"
      - "C:/src/vcpkg/installed/x64-windows-static/debug/Program Files (x86)/Microsoft SDKs/Windows/v10.0A/bin/NETFX 4.8 Tools/x64/cl.com"
      - "C:/src/vcpkg/installed/x64-windows-static/debug/Program Files (x86)/Microsoft SDKs/Windows/v10.0A/bin/NETFX 4.8 Tools/x64/cl.exe"
      - "C:/src/vcpkg/installed/x64-windows-static/debug/Program Files (x86)/Microsoft SDKs/Windows/v10.0A/bin/NETFX 4.8 Tools/x64/cl"
      - "C:/src/vcpkg/installed/x64-windows-static/debug/Program Files (x86)/Microsoft SDKs/Windows/v10.0A/bin/NETFX 4.8 Tools/x64/bcc.com"
      - "C:/src/vcpkg/installed/x64-windows-static/debug/Program Files (x86)/Microsoft SDKs/Windows/v10.0A/bin/NETFX 4.8 Tools/x64/bcc.exe"
      - "C:/src/vcpkg/installed/x64-windows-static/debug/Program Files (x86)/Microsoft SDKs/Windows/v10.0A/bin/NETFX 4.8 Tools/x64/bcc"
      - "C:/src/vcpkg/installed/x64-windows-static/debug/Program Files (x86)/Microsoft SDKs/Windows/v10.0A/bin/NETFX 4.8 Tools/x64/xlc.com"
      - "C:/src/vcpkg/installed/x64-windows-static/debug/Program Files (x86)/Microsoft SDKs/Windows/v10.0A/bin/NETFX 4.8 Tools/x64/xlc.exe"
      - "C:/src/vcpkg/installed/x64-windows-static/debug/Program Files (x86)/Microsoft SDKs/Windows/v10.0A/bin/NETFX 4.8 Tools/x64/xlc"
      - "C:/src/vcpkg/installed/x64-windows-static/debug/Program Files (x86)/Microsoft SDKs/Windows/v10.0A/bin/NETFX 4.8 Tools/x64/icx.com"
      - "C:/src/vcpkg/installed/x64-windows-static/debug/Program Files (x86)/Microsoft SDKs/Windows/v10.0A/bin/NETFX 4.8 Tools/x64/icx.exe"
      - "C:/src/vcpkg/installed/x64-windows-static/debug/Program Files (x86)/Microsoft SDKs/Windows/v10.0A/bin/NETFX 4.8 Tools/x64/icx"
      - "C:/src/vcpkg/installed/x64-windows-static/debug/Program Files (x86)/Microsoft SDKs/Windows/v10.0A/bin/NETFX 4.8 Tools/x64/clang.com"
      - "C:/src/vcpkg/installed/x64-windows-static/debug/Program Files (x86)/Microsoft SDKs/Windows/v10.0A/bin/NETFX 4.8 Tools/x64/clang.exe"
      - "C:/src/vcpkg/installed/x64-windows-static/debug/Program Files (x86)/Microsoft SDKs/Windows/v10.0A/bin/NETFX 4.8 Tools/x64/clang"
      - "C:/src/vcpkg/installed/x64-windows-static/debug/Program Files/Microsoft Visual Studio/2022/Community/Common7/IDE/CommonExtensions/Microsoft/FSharp/Tools/cc.com"
      - "C:/src/vcpkg/installed/x64-windows-static/debug/Program Files/Microsoft Visual Studio/2022/Community/Common7/IDE/CommonExtensions/Microsoft/FSharp/Tools/cc.exe"
      - "C:/src/vcpkg/installed/x64-windows-static/debug/Program Files/Microsoft Visual Studio/2022/Community/Common7/IDE/CommonExtensions/Microsoft/FSharp/Tools/cc"
      - "C:/src/vcpkg/installed/x64-windows-static/debug/Program Files/Microsoft Visual Studio/2022/Community/Common7/IDE/CommonExtensions/Microsoft/FSharp/Tools/gcc.com"
      - "C:/src/vcpkg/installed/x64-windows-static/debug/Program Files/Microsoft Visual Studio/2022/Community/Common7/IDE/CommonExtensions/Microsoft/FSharp/Tools/gcc.exe"
      - "C:/src/vcpkg/installed/x64-windows-static/debug/Program Files/Microsoft Visual Studio/2022/Community/Common7/IDE/CommonExtensions/Microsoft/FSharp/Tools/gcc"
      - "C:/src/vcpkg/installed/x64-windows-static/debug/Program Files/Microsoft Visual Studio/2022/Community/Common7/IDE/CommonExtensions/Microsoft/FSharp/Tools/cl.com"
      - "C:/src/vcpkg/installed/x64-windows-static/debug/Program Files/Microsoft Visual Studio/2022/Community/Common7/IDE/CommonExtensions/Microsoft/FSharp/Tools/cl.exe"
      - "C:/src/vcpkg/installed/x64-windows-static/debug/Program Files/Microsoft Visual Studio/2022/Community/Common7/IDE/CommonExtensions/Microsoft/FSharp/Tools/cl"
      - "C:/src/vcpkg/installed/x64-windows-static/debug/Program Files/Microsoft Visual Studio/2022/Community/Common7/IDE/CommonExtensions/Microsoft/FSharp/Tools/bcc.com"
      - "C:/src/vcpkg/installed/x64-windows-static/debug/Program Files/Microsoft Visual Studio/2022/Community/Common7/IDE/CommonExtensions/Microsoft/FSharp/Tools/bcc.exe"
      - "C:/src/vcpkg/installed/x64-windows-static/debug/Program Files/Microsoft Visual Studio/2022/Community/Common7/IDE/CommonExtensions/Microsoft/FSharp/Tools/bcc"
      - "C:/src/vcpkg/installed/x64-windows-static/debug/Program Files/Microsoft Visual Studio/2022/Community/Common7/IDE/CommonExtensions/Microsoft/FSharp/Tools/xlc.com"
      - "C:/src/vcpkg/installed/x64-windows-static/debug/Program Files/Microsoft Visual Studio/2022/Community/Common7/IDE/CommonExtensions/Microsoft/FSharp/Tools/xlc.exe"
      - "C:/src/vcpkg/installed/x64-windows-static/debug/Program Files/Microsoft Visual Studio/2022/Community/Common7/IDE/CommonExtensions/Microsoft/FSharp/Tools/xlc"
      - "C:/src/vcpkg/installed/x64-windows-static/debug/Program Files/Microsoft Visual Studio/2022/Community/Common7/IDE/CommonExtensions/Microsoft/FSharp/Tools/icx.com"
      - "C:/src/vcpkg/installed/x64-windows-static/debug/Program Files/Microsoft Visual Studio/2022/Community/Common7/IDE/CommonExtensions/Microsoft/FSharp/Tools/icx.exe"
      - "C:/src/vcpkg/installed/x64-windows-static/debug/Program Files/Microsoft Visual Studio/2022/Community/Common7/IDE/CommonExtensions/Microsoft/FSharp/Tools/icx"
      - "C:/src/vcpkg/installed/x64-windows-static/debug/Program Files/Microsoft Visual Studio/2022/Community/Common7/IDE/CommonExtensions/Microsoft/FSharp/Tools/clang.com"
      - "C:/src/vcpkg/installed/x64-windows-static/debug/Program Files/Microsoft Visual Studio/2022/Community/Common7/IDE/CommonExtensions/Microsoft/FSharp/Tools/clang.exe"
      - "C:/src/vcpkg/installed/x64-windows-static/debug/Program Files/Microsoft Visual Studio/2022/Community/Common7/IDE/CommonExtensions/Microsoft/FSharp/Tools/clang"
      - "C:/src/vcpkg/installed/x64-windows-static/debug/Program Files/Microsoft Visual Studio/2022/Community/Team Tools/DiagnosticsHub/Collector/cc.com"
      - "C:/src/vcpkg/installed/x64-windows-static/debug/Program Files/Microsoft Visual Studio/2022/Community/Team Tools/DiagnosticsHub/Collector/cc.exe"
      - "C:/src/vcpkg/installed/x64-windows-static/debug/Program Files/Microsoft Visual Studio/2022/Community/Team Tools/DiagnosticsHub/Collector/cc"
      - "C:/src/vcpkg/installed/x64-windows-static/debug/Program Files/Microsoft Visual Studio/2022/Community/Team Tools/DiagnosticsHub/Collector/gcc.com"
      - "C:/src/vcpkg/installed/x64-windows-static/debug/Program Files/Microsoft Visual Studio/2022/Community/Team Tools/DiagnosticsHub/Collector/gcc.exe"
      - "C:/src/vcpkg/installed/x64-windows-static/debug/Program Files/Microsoft Visual Studio/2022/Community/Team Tools/DiagnosticsHub/Collector/gcc"
      - "C:/src/vcpkg/installed/x64-windows-static/debug/Program Files/Microsoft Visual Studio/2022/Community/Team Tools/DiagnosticsHub/Collector/cl.com"
      - "C:/src/vcpkg/installed/x64-windows-static/debug/Program Files/Microsoft Visual Studio/2022/Community/Team Tools/DiagnosticsHub/Collector/cl.exe"
      - "C:/src/vcpkg/installed/x64-windows-static/debug/Program Files/Microsoft Visual Studio/2022/Community/Team Tools/DiagnosticsHub/Collector/cl"
      - "C:/src/vcpkg/installed/x64-windows-static/debug/Program Files/Microsoft Visual Studio/2022/Community/Team Tools/DiagnosticsHub/Collector/bcc.com"
      - "C:/src/vcpkg/installed/x64-windows-static/debug/Program Files/Microsoft Visual Studio/2022/Community/Team Tools/DiagnosticsHub/Collector/bcc.exe"
      - "C:/src/vcpkg/installed/x64-windows-static/debug/Program Files/Microsoft Visual Studio/2022/Community/Team Tools/DiagnosticsHub/Collector/bcc"
      - "C:/src/vcpkg/installed/x64-windows-static/debug/Program Files/Microsoft Visual Studio/2022/Community/Team Tools/DiagnosticsHub/Collector/xlc.com"
      - "C:/src/vcpkg/installed/x64-windows-static/debug/Program Files/Microsoft Visual Studio/2022/Community/Team Tools/DiagnosticsHub/Collector/xlc.exe"
      - "C:/src/vcpkg/installed/x64-windows-static/debug/Program Files/Microsoft Visual Studio/2022/Community/Team Tools/DiagnosticsHub/Collector/xlc"
      - "C:/src/vcpkg/installed/x64-windows-static/debug/Program Files/Microsoft Visual Studio/2022/Community/Team Tools/DiagnosticsHub/Collector/icx.com"
      - "C:/src/vcpkg/installed/x64-windows-static/debug/Program Files/Microsoft Visual Studio/2022/Community/Team Tools/DiagnosticsHub/Collector/icx.exe"
      - "C:/src/vcpkg/installed/x64-windows-static/debug/Program Files/Microsoft Visual Studio/2022/Community/Team Tools/DiagnosticsHub/Collector/icx"
      - "C:/src/vcpkg/installed/x64-windows-static/debug/Program Files/Microsoft Visual Studio/2022/Community/Team Tools/DiagnosticsHub/Collector/clang.com"
      - "C:/src/vcpkg/installed/x64-windows-static/debug/Program Files/Microsoft Visual Studio/2022/Community/Team Tools/DiagnosticsHub/Collector/clang.exe"
      - "C:/src/vcpkg/installed/x64-windows-static/debug/Program Files/Microsoft Visual Studio/2022/Community/Team Tools/DiagnosticsHub/Collector/clang"
      - "C:/src/vcpkg/installed/x64-windows-static/debug/Program Files (x86)/Windows Kits/10/bin/10.0.26100.0/x64/cc.com"
      - "C:/src/vcpkg/installed/x64-windows-static/debug/Program Files (x86)/Windows Kits/10/bin/10.0.26100.0/x64/cc.exe"
      - "C:/src/vcpkg/installed/x64-windows-static/debug/Program Files (x86)/Windows Kits/10/bin/10.0.26100.0/x64/cc"
      - "C:/src/vcpkg/installed/x64-windows-static/debug/Program Files (x86)/Windows Kits/10/bin/10.0.26100.0/x64/gcc.com"
      - "C:/src/vcpkg/installed/x64-windows-static/debug/Program Files (x86)/Windows Kits/10/bin/10.0.26100.0/x64/gcc.exe"
      - "C:/src/vcpkg/installed/x64-windows-static/debug/Program Files (x86)/Windows Kits/10/bin/10.0.26100.0/x64/gcc"
      - "C:/src/vcpkg/installed/x64-windows-static/debug/Program Files (x86)/Windows Kits/10/bin/10.0.26100.0/x64/cl.com"
      - "C:/src/vcpkg/installed/x64-windows-static/debug/Program Files (x86)/Windows Kits/10/bin/10.0.26100.0/x64/cl.exe"
      - "C:/src/vcpkg/installed/x64-windows-static/debug/Program Files (x86)/Windows Kits/10/bin/10.0.26100.0/x64/cl"
      - "C:/src/vcpkg/installed/x64-windows-static/debug/Program Files (x86)/Windows Kits/10/bin/10.0.26100.0/x64/bcc.com"
      - "C:/src/vcpkg/installed/x64-windows-static/debug/Program Files (x86)/Windows Kits/10/bin/10.0.26100.0/x64/bcc.exe"
      - "C:/src/vcpkg/installed/x64-windows-static/debug/Program Files (x86)/Windows Kits/10/bin/10.0.26100.0/x64/bcc"
      - "C:/src/vcpkg/installed/x64-windows-static/debug/Program Files (x86)/Windows Kits/10/bin/10.0.26100.0/x64/xlc.com"
      - "C:/src/vcpkg/installed/x64-windows-static/debug/Program Files (x86)/Windows Kits/10/bin/10.0.26100.0/x64/xlc.exe"
      - "C:/src/vcpkg/installed/x64-windows-static/debug/Program Files (x86)/Windows Kits/10/bin/10.0.26100.0/x64/xlc"
      - "C:/src/vcpkg/installed/x64-windows-static/debug/Program Files (x86)/Windows Kits/10/bin/10.0.26100.0/x64/icx.com"
      - "C:/src/vcpkg/installed/x64-windows-static/debug/Program Files (x86)/Windows Kits/10/bin/10.0.26100.0/x64/icx.exe"
      - "C:/src/vcpkg/installed/x64-windows-static/debug/Program Files (x86)/Windows Kits/10/bin/10.0.26100.0/x64/icx"
      - "C:/src/vcpkg/installed/x64-windows-static/debug/Program Files (x86)/Windows Kits/10/bin/10.0.26100.0/x64/clang.com"
      - "C:/src/vcpkg/installed/x64-windows-static/debug/Program Files (x86)/Windows Kits/10/bin/10.0.26100.0/x64/clang.exe"
      - "C:/src/vcpkg/installed/x64-windows-static/debug/Program Files (x86)/Windows Kits/10/bin/10.0.26100.0/x64/clang"
      - "C:/src/vcpkg/installed/x64-windows-static/debug/Program Files (x86)/Windows Kits/10/bin/x64/cc.com"
      - "C:/src/vcpkg/installed/x64-windows-static/debug/Program Files (x86)/Windows Kits/10/bin/x64/cc.exe"
      - "C:/src/vcpkg/installed/x64-windows-static/debug/Program Files (x86)/Windows Kits/10/bin/x64/cc"
      - "C:/src/vcpkg/installed/x64-windows-static/debug/Program Files (x86)/Windows Kits/10/bin/x64/gcc.com"
      - "C:/src/vcpkg/installed/x64-windows-static/debug/Program Files (x86)/Windows Kits/10/bin/x64/gcc.exe"
      - "C:/src/vcpkg/installed/x64-windows-static/debug/Program Files (x86)/Windows Kits/10/bin/x64/gcc"
      - "C:/src/vcpkg/installed/x64-windows-static/debug/Program Files (x86)/Windows Kits/10/bin/x64/cl.com"
      - "C:/src/vcpkg/installed/x64-windows-static/debug/Program Files (x86)/Windows Kits/10/bin/x64/cl.exe"
      - "C:/src/vcpkg/installed/x64-windows-static/debug/Program Files (x86)/Windows Kits/10/bin/x64/cl"
      - "C:/src/vcpkg/installed/x64-windows-static/debug/Program Files (x86)/Windows Kits/10/bin/x64/bcc.com"
      - "C:/src/vcpkg/installed/x64-windows-static/debug/Program Files (x86)/Windows Kits/10/bin/x64/bcc.exe"
      - "C:/src/vcpkg/installed/x64-windows-static/debug/Program Files (x86)/Windows Kits/10/bin/x64/bcc"
      - "C:/src/vcpkg/installed/x64-windows-static/debug/Program Files (x86)/Windows Kits/10/bin/x64/xlc.com"
      - "C:/src/vcpkg/installed/x64-windows-static/debug/Program Files (x86)/Windows Kits/10/bin/x64/xlc.exe"
      - "C:/src/vcpkg/installed/x64-windows-static/debug/Program Files (x86)/Windows Kits/10/bin/x64/xlc"
      - "C:/src/vcpkg/installed/x64-windows-static/debug/Program Files (x86)/Windows Kits/10/bin/x64/icx.com"
      - "C:/src/vcpkg/installed/x64-windows-static/debug/Program Files (x86)/Windows Kits/10/bin/x64/icx.exe"
      - "C:/src/vcpkg/installed/x64-windows-static/debug/Program Files (x86)/Windows Kits/10/bin/x64/icx"
      - "C:/src/vcpkg/installed/x64-windows-static/debug/Program Files (x86)/Windows Kits/10/bin/x64/clang.com"
      - "C:/src/vcpkg/installed/x64-windows-static/debug/Program Files (x86)/Windows Kits/10/bin/x64/clang.exe"
      - "C:/src/vcpkg/installed/x64-windows-static/debug/Program Files (x86)/Windows Kits/10/bin/x64/clang"
      - "C:/src/vcpkg/installed/x64-windows-static/debug/Program Files/Microsoft Visual Studio/2022/Community/MSBuild/Current/Bin/amd64/cc.com"
      - "C:/src/vcpkg/installed/x64-windows-static/debug/Program Files/Microsoft Visual Studio/2022/Community/MSBuild/Current/Bin/amd64/cc.exe"
      - "C:/src/vcpkg/installed/x64-windows-static/debug/Program Files/Microsoft Visual Studio/2022/Community/MSBuild/Current/Bin/amd64/cc"
      - "C:/src/vcpkg/installed/x64-windows-static/debug/Program Files/Microsoft Visual Studio/2022/Community/MSBuild/Current/Bin/amd64/gcc.com"
      - "C:/src/vcpkg/installed/x64-windows-static/debug/Program Files/Microsoft Visual Studio/2022/Community/MSBuild/Current/Bin/amd64/gcc.exe"
      - "C:/src/vcpkg/installed/x64-windows-static/debug/Program Files/Microsoft Visual Studio/2022/Community/MSBuild/Current/Bin/amd64/gcc"
      - "C:/src/vcpkg/installed/x64-windows-static/debug/Program Files/Microsoft Visual Studio/2022/Community/MSBuild/Current/Bin/amd64/cl.com"
      - "C:/src/vcpkg/installed/x64-windows-static/debug/Program Files/Microsoft Visual Studio/2022/Community/MSBuild/Current/Bin/amd64/cl.exe"
      - "C:/src/vcpkg/installed/x64-windows-static/debug/Program Files/Microsoft Visual Studio/2022/Community/MSBuild/Current/Bin/amd64/cl"
      - "C:/src/vcpkg/installed/x64-windows-static/debug/Program Files/Microsoft Visual Studio/2022/Community/MSBuild/Current/Bin/amd64/bcc.com"
      - "C:/src/vcpkg/installed/x64-windows-static/debug/Program Files/Microsoft Visual Studio/2022/Community/MSBuild/Current/Bin/amd64/bcc.exe"
      - "C:/src/vcpkg/installed/x64-windows-static/debug/Program Files/Microsoft Visual Studio/2022/Community/MSBuild/Current/Bin/amd64/bcc"
      - "C:/src/vcpkg/installed/x64-windows-static/debug/Program Files/Microsoft Visual Studio/2022/Community/MSBuild/Current/Bin/amd64/xlc.com"
      - "C:/src/vcpkg/installed/x64-windows-static/debug/Program Files/Microsoft Visual Studio/2022/Community/MSBuild/Current/Bin/amd64/xlc.exe"
      - "C:/src/vcpkg/installed/x64-windows-static/debug/Program Files/Microsoft Visual Studio/2022/Community/MSBuild/Current/Bin/amd64/xlc"
      - "C:/src/vcpkg/installed/x64-windows-static/debug/Program Files/Microsoft Visual Studio/2022/Community/MSBuild/Current/Bin/amd64/icx.com"
      - "C:/src/vcpkg/installed/x64-windows-static/debug/Program Files/Microsoft Visual Studio/2022/Community/MSBuild/Current/Bin/amd64/icx.exe"
      - "C:/src/vcpkg/installed/x64-windows-static/debug/Program Files/Microsoft Visual Studio/2022/Community/MSBuild/Current/Bin/amd64/icx"
      - "C:/src/vcpkg/installed/x64-windows-static/debug/Program Files/Microsoft Visual Studio/2022/Community/MSBuild/Current/Bin/amd64/clang.com"
      - "C:/src/vcpkg/installed/x64-windows-static/debug/Program Files/Microsoft Visual Studio/2022/Community/MSBuild/Current/Bin/amd64/clang.exe"
      - "C:/src/vcpkg/installed/x64-windows-static/debug/Program Files/Microsoft Visual Studio/2022/Community/MSBuild/Current/Bin/amd64/clang"
      - "C:/src/vcpkg/installed/x64-windows-static/debug/Windows/Microsoft.NET/Framework64/v4.0.30319/cc.com"
      - "C:/src/vcpkg/installed/x64-windows-static/debug/Windows/Microsoft.NET/Framework64/v4.0.30319/cc.exe"
      - "C:/src/vcpkg/installed/x64-windows-static/debug/Windows/Microsoft.NET/Framework64/v4.0.30319/cc"
      - "C:/src/vcpkg/installed/x64-windows-static/debug/Windows/Microsoft.NET/Framework64/v4.0.30319/gcc.com"
      - "C:/src/vcpkg/installed/x64-windows-static/debug/Windows/Microsoft.NET/Framework64/v4.0.30319/gcc.exe"
      - "C:/src/vcpkg/installed/x64-windows-static/debug/Windows/Microsoft.NET/Framework64/v4.0.30319/gcc"
      - "C:/src/vcpkg/installed/x64-windows-static/debug/Windows/Microsoft.NET/Framework64/v4.0.30319/cl.com"
      - "C:/src/vcpkg/installed/x64-windows-static/debug/Windows/Microsoft.NET/Framework64/v4.0.30319/cl.exe"
      - "C:/src/vcpkg/installed/x64-windows-static/debug/Windows/Microsoft.NET/Framework64/v4.0.30319/cl"
      - "C:/src/vcpkg/installed/x64-windows-static/debug/Windows/Microsoft.NET/Framework64/v4.0.30319/bcc.com"
      - "C:/src/vcpkg/installed/x64-windows-static/debug/Windows/Microsoft.NET/Framework64/v4.0.30319/bcc.exe"
      - "C:/src/vcpkg/installed/x64-windows-static/debug/Windows/Microsoft.NET/Framework64/v4.0.30319/bcc"
      - "C:/src/vcpkg/installed/x64-windows-static/debug/Windows/Microsoft.NET/Framework64/v4.0.30319/xlc.com"
      - "C:/src/vcpkg/installed/x64-windows-static/debug/Windows/Microsoft.NET/Framework64/v4.0.30319/xlc.exe"
      - "C:/src/vcpkg/installed/x64-windows-static/debug/Windows/Microsoft.NET/Framework64/v4.0.30319/xlc"
      - "C:/src/vcpkg/installed/x64-windows-static/debug/Windows/Microsoft.NET/Framework64/v4.0.30319/icx.com"
      - "C:/src/vcpkg/installed/x64-windows-static/debug/Windows/Microsoft.NET/Framework64/v4.0.30319/icx.exe"
      - "C:/src/vcpkg/installed/x64-windows-static/debug/Windows/Microsoft.NET/Framework64/v4.0.30319/icx"
      - "C:/src/vcpkg/installed/x64-windows-static/debug/Windows/Microsoft.NET/Framework64/v4.0.30319/clang.com"
      - "C:/src/vcpkg/installed/x64-windows-static/debug/Windows/Microsoft.NET/Framework64/v4.0.30319/clang.exe"
      - "C:/src/vcpkg/installed/x64-windows-static/debug/Windows/Microsoft.NET/Framework64/v4.0.30319/clang"
      - "C:/src/vcpkg/installed/x64-windows-static/debug/Program Files/Microsoft Visual Studio/2022/Community/Common7/IDE/cc.com"
      - "C:/src/vcpkg/installed/x64-windows-static/debug/Program Files/Microsoft Visual Studio/2022/Community/Common7/IDE/cc.exe"
      - "C:/src/vcpkg/installed/x64-windows-static/debug/Program Files/Microsoft Visual Studio/2022/Community/Common7/IDE/cc"
      - "C:/src/vcpkg/installed/x64-windows-static/debug/Program Files/Microsoft Visual Studio/2022/Community/Common7/IDE/gcc.com"
      - "C:/src/vcpkg/installed/x64-windows-static/debug/Program Files/Microsoft Visual Studio/2022/Community/Common7/IDE/gcc.exe"
      - "C:/src/vcpkg/installed/x64-windows-static/debug/Program Files/Microsoft Visual Studio/2022/Community/Common7/IDE/gcc"
      - "C:/src/vcpkg/installed/x64-windows-static/debug/Program Files/Microsoft Visual Studio/2022/Community/Common7/IDE/cl.com"
      - "C:/src/vcpkg/installed/x64-windows-static/debug/Program Files/Microsoft Visual Studio/2022/Community/Common7/IDE/cl.exe"
      - "C:/src/vcpkg/installed/x64-windows-static/debug/Program Files/Microsoft Visual Studio/2022/Community/Common7/IDE/cl"
      - "C:/src/vcpkg/installed/x64-windows-static/debug/Program Files/Microsoft Visual Studio/2022/Community/Common7/IDE/bcc.com"
      - "C:/src/vcpkg/installed/x64-windows-static/debug/Program Files/Microsoft Visual Studio/2022/Community/Common7/IDE/bcc.exe"
      - "C:/src/vcpkg/installed/x64-windows-static/debug/Program Files/Microsoft Visual Studio/2022/Community/Common7/IDE/bcc"
      - "C:/src/vcpkg/installed/x64-windows-static/debug/Program Files/Microsoft Visual Studio/2022/Community/Common7/IDE/xlc.com"
      - "C:/src/vcpkg/installed/x64-windows-static/debug/Program Files/Microsoft Visual Studio/2022/Community/Common7/IDE/xlc.exe"
      - "C:/src/vcpkg/installed/x64-windows-static/debug/Program Files/Microsoft Visual Studio/2022/Community/Common7/IDE/xlc"
      - "C:/src/vcpkg/installed/x64-windows-static/debug/Program Files/Microsoft Visual Studio/2022/Community/Common7/IDE/icx.com"
      - "C:/src/vcpkg/installed/x64-windows-static/debug/Program Files/Microsoft Visual Studio/2022/Community/Common7/IDE/icx.exe"
      - "C:/src/vcpkg/installed/x64-windows-static/debug/Program Files/Microsoft Visual Studio/2022/Community/Common7/IDE/icx"
      - "C:/src/vcpkg/installed/x64-windows-static/debug/Program Files/Microsoft Visual Studio/2022/Community/Common7/IDE/clang.com"
      - "C:/src/vcpkg/installed/x64-windows-static/debug/Program Files/Microsoft Visual Studio/2022/Community/Common7/IDE/clang.exe"
      - "C:/src/vcpkg/installed/x64-windows-static/debug/Program Files/Microsoft Visual Studio/2022/Community/Common7/IDE/clang"
      - "C:/src/vcpkg/installed/x64-windows-static/debug/Program Files/Microsoft Visual Studio/2022/Community/Common7/Tools/cc.com"
      - "C:/src/vcpkg/installed/x64-windows-static/debug/Program Files/Microsoft Visual Studio/2022/Community/Common7/Tools/cc.exe"
      - "C:/src/vcpkg/installed/x64-windows-static/debug/Program Files/Microsoft Visual Studio/2022/Community/Common7/Tools/cc"
      - "C:/src/vcpkg/installed/x64-windows-static/debug/Program Files/Microsoft Visual Studio/2022/Community/Common7/Tools/gcc.com"
      - "C:/src/vcpkg/installed/x64-windows-static/debug/Program Files/Microsoft Visual Studio/2022/Community/Common7/Tools/gcc.exe"
      - "C:/src/vcpkg/installed/x64-windows-static/debug/Program Files/Microsoft Visual Studio/2022/Community/Common7/Tools/gcc"
      - "C:/src/vcpkg/installed/x64-windows-static/debug/Program Files/Microsoft Visual Studio/2022/Community/Common7/Tools/cl.com"
      - "C:/src/vcpkg/installed/x64-windows-static/debug/Program Files/Microsoft Visual Studio/2022/Community/Common7/Tools/cl.exe"
      - "C:/src/vcpkg/installed/x64-windows-static/debug/Program Files/Microsoft Visual Studio/2022/Community/Common7/Tools/cl"
      - "C:/src/vcpkg/installed/x64-windows-static/debug/Program Files/Microsoft Visual Studio/2022/Community/Common7/Tools/bcc.com"
      - "C:/src/vcpkg/installed/x64-windows-static/debug/Program Files/Microsoft Visual Studio/2022/Community/Common7/Tools/bcc.exe"
      - "C:/src/vcpkg/installed/x64-windows-static/debug/Program Files/Microsoft Visual Studio/2022/Community/Common7/Tools/bcc"
      - "C:/src/vcpkg/installed/x64-windows-static/debug/Program Files/Microsoft Visual Studio/2022/Community/Common7/Tools/xlc.com"
      - "C:/src/vcpkg/installed/x64-windows-static/debug/Program Files/Microsoft Visual Studio/2022/Community/Common7/Tools/xlc.exe"
      - "C:/src/vcpkg/installed/x64-windows-static/debug/Program Files/Microsoft Visual Studio/2022/Community/Common7/Tools/xlc"
      - "C:/src/vcpkg/installed/x64-windows-static/debug/Program Files/Microsoft Visual Studio/2022/Community/Common7/Tools/icx.com"
      - "C:/src/vcpkg/installed/x64-windows-static/debug/Program Files/Microsoft Visual Studio/2022/Community/Common7/Tools/icx.exe"
      - "C:/src/vcpkg/installed/x64-windows-static/debug/Program Files/Microsoft Visual Studio/2022/Community/Common7/Tools/icx"
      - "C:/src/vcpkg/installed/x64-windows-static/debug/Program Files/Microsoft Visual Studio/2022/Community/Common7/Tools/clang.com"
      - "C:/src/vcpkg/installed/x64-windows-static/debug/Program Files/Microsoft Visual Studio/2022/Community/Common7/Tools/clang.exe"
      - "C:/src/vcpkg/installed/x64-windows-static/debug/Program Files/Microsoft Visual Studio/2022/Community/Common7/Tools/clang"
      - "C:/src/vcpkg/installed/x64-windows-static/debug/src/vcpkg/downloads/tools/powershell-core-7.6.4-windows/cc.com"
      - "C:/src/vcpkg/installed/x64-windows-static/debug/src/vcpkg/downloads/tools/powershell-core-7.6.4-windows/cc.exe"
      - "C:/src/vcpkg/installed/x64-windows-static/debug/src/vcpkg/downloads/tools/powershell-core-7.6.4-windows/cc"
      - "C:/src/vcpkg/installed/x64-windows-static/debug/src/vcpkg/downloads/tools/powershell-core-7.6.4-windows/gcc.com"
      - "C:/src/vcpkg/installed/x64-windows-static/debug/src/vcpkg/downloads/tools/powershell-core-7.6.4-windows/gcc.exe"
      - "C:/src/vcpkg/installed/x64-windows-static/debug/src/vcpkg/downloads/tools/powershell-core-7.6.4-windows/gcc"
      - "C:/src/vcpkg/installed/x64-windows-static/debug/src/vcpkg/downloads/tools/powershell-core-7.6.4-windows/cl.com"
      - "C:/src/vcpkg/installed/x64-windows-static/debug/src/vcpkg/downloads/tools/powershell-core-7.6.4-windows/cl.exe"
      - "C:/src/vcpkg/installed/x64-windows-static/debug/src/vcpkg/downloads/tools/powershell-core-7.6.4-windows/cl"
      - "C:/src/vcpkg/installed/x64-windows-static/debug/src/vcpkg/downloads/tools/powershell-core-7.6.4-windows/bcc.com"
      - "C:/src/vcpkg/installed/x64-windows-static/debug/src/vcpkg/downloads/tools/powershell-core-7.6.4-windows/bcc.exe"
      - "C:/src/vcpkg/installed/x64-windows-static/debug/src/vcpkg/downloads/tools/powershell-core-7.6.4-windows/bcc"
      - "C:/src/vcpkg/installed/x64-windows-static/debug/src/vcpkg/downloads/tools/powershell-core-7.6.4-windows/xlc.com"
      - "C:/src/vcpkg/installed/x64-windows-static/debug/src/vcpkg/downloads/tools/powershell-core-7.6.4-windows/xlc.exe"
      - "C:/src/vcpkg/installed/x64-windows-static/debug/src/vcpkg/downloads/tools/powershell-core-7.6.4-windows/xlc"
      - "C:/src/vcpkg/installed/x64-windows-static/debug/src/vcpkg/downloads/tools/powershell-core-7.6.4-windows/icx.com"
      - "C:/src/vcpkg/installed/x64-windows-static/debug/src/vcpkg/downloads/tools/powershell-core-7.6.4-windows/icx.exe"
      - "C:/src/vcpkg/installed/x64-windows-static/debug/src/vcpkg/downloads/tools/powershell-core-7.6.4-windows/icx"
      - "C:/src/vcpkg/installed/x64-windows-static/debug/src/vcpkg/downloads/tools/powershell-core-7.6.4-windows/clang.com"
      - "C:/src/vcpkg/installed/x64-windows-static/debug/src/vcpkg/downloads/tools/powershell-core-7.6.4-windows/clang.exe"
      - "C:/src/vcpkg/installed/x64-windows-static/debug/src/vcpkg/downloads/tools/powershell-core-7.6.4-windows/clang"
      - "C:/src/vcpkg/installed/x64-windows-static/debug/Windows/System32/cc.com"
      - "C:/src/vcpkg/installed/x64-windows-static/debug/Windows/System32/cc.exe"
      - "C:/src/vcpkg/installed/x64-windows-static/debug/Windows/System32/cc"
      - "C:/src/vcpkg/installed/x64-windows-static/debug/Windows/System32/gcc.com"
      - "C:/src/vcpkg/installed/x64-windows-static/debug/Windows/System32/gcc.exe"
      - "C:/src/vcpkg/installed/x64-windows-static/debug/Windows/System32/gcc"
      - "C:/src/vcpkg/installed/x64-windows-static/debug/Windows/System32/cl.com"
      - "C:/src/vcpkg/installed/x64-windows-static/debug/Windows/System32/cl.exe"
      - "C:/src/vcpkg/installed/x64-windows-static/debug/Windows/System32/cl"
      - "C:/src/vcpkg/installed/x64-windows-static/debug/Windows/System32/bcc.com"
      - "C:/src/vcpkg/installed/x64-windows-static/debug/Windows/System32/bcc.exe"
      - "C:/src/vcpkg/installed/x64-windows-static/debug/Windows/System32/bcc"
      - "C:/src/vcpkg/installed/x64-windows-static/debug/Windows/System32/xlc.com"
      - "C:/src/vcpkg/installed/x64-windows-static/debug/Windows/System32/xlc.exe"
      - "C:/src/vcpkg/installed/x64-windows-static/debug/Windows/System32/xlc"
      - "C:/src/vcpkg/installed/x64-windows-static/debug/Windows/System32/icx.com"
      - "C:/src/vcpkg/installed/x64-windows-static/debug/Windows/System32/icx.exe"
      - "C:/src/vcpkg/installed/x64-windows-static/debug/Windows/System32/icx"
      - "C:/src/vcpkg/installed/x64-windows-static/debug/Windows/System32/clang.com"
      - "C:/src/vcpkg/installed/x64-windows-static/debug/Windows/System32/clang.exe"
      - "C:/src/vcpkg/installed/x64-windows-static/debug/Windows/System32/clang"
      - "C:/src/vcpkg/installed/x64-windows-static/debug/Windows/cc.com"
      - "C:/src/vcpkg/installed/x64-windows-static/debug/Windows/cc.exe"
      - "C:/src/vcpkg/installed/x64-windows-static/debug/Windows/cc"
      - "C:/src/vcpkg/installed/x64-windows-static/debug/Windows/gcc.com"
      - "C:/src/vcpkg/installed/x64-windows-static/debug/Windows/gcc.exe"
      - "C:/src/vcpkg/installed/x64-windows-static/debug/Windows/gcc"
      - "C:/src/vcpkg/installed/x64-windows-static/debug/Windows/cl.com"
      - "C:/src/vcpkg/installed/x64-windows-static/debug/Windows/cl.exe"
      - "C:/src/vcpkg/installed/x64-windows-static/debug/Windows/cl"
      - "C:/src/vcpkg/installed/x64-windows-static/debug/Windows/bcc.com"
      - "C:/src/vcpkg/installed/x64-windows-static/debug/Windows/bcc.exe"
      - "C:/src/vcpkg/installed/x64-windows-static/debug/Windows/bcc"
      - "C:/src/vcpkg/installed/x64-windows-static/debug/Windows/xlc.com"
      - "C:/src/vcpkg/installed/x64-windows-static/debug/Windows/xlc.exe"
      - "C:/src/vcpkg/installed/x64-windows-static/debug/Windows/xlc"
      - "C:/src/vcpkg/installed/x64-windows-static/debug/Windows/icx.com"
      - "C:/src/vcpkg/installed/x64-windows-static/debug/Windows/icx.exe"
      - "C:/src/vcpkg/installed/x64-windows-static/debug/Windows/icx"
      - "C:/src/vcpkg/installed/x64-windows-static/debug/Windows/clang.com"
      - "C:/src/vcpkg/installed/x64-windows-static/debug/Windows/clang.exe"
      - "C:/src/vcpkg/installed/x64-windows-static/debug/Windows/clang"
      - "C:/src/vcpkg/installed/x64-windows-static/debug/Windows/System32/wbem/cc.com"
      - "C:/src/vcpkg/installed/x64-windows-static/debug/Windows/System32/wbem/cc.exe"
      - "C:/src/vcpkg/installed/x64-windows-static/debug/Windows/System32/wbem/cc"
      - "C:/src/vcpkg/installed/x64-windows-static/debug/Windows/System32/wbem/gcc.com"
      - "C:/src/vcpkg/installed/x64-windows-static/debug/Windows/System32/wbem/gcc.exe"
      - "C:/src/vcpkg/installed/x64-windows-static/debug/Windows/System32/wbem/gcc"
      - "C:/src/vcpkg/installed/x64-windows-static/debug/Windows/System32/wbem/cl.com"
      - "C:/src/vcpkg/installed/x64-windows-static/debug/Windows/System32/wbem/cl.exe"
      - "C:/src/vcpkg/installed/x64-windows-static/debug/Windows/System32/wbem/cl"
      - "C:/src/vcpkg/installed/x64-windows-static/debug/Windows/System32/wbem/bcc.com"
      - "C:/src/vcpkg/installed/x64-windows-static/debug/Windows/System32/wbem/bcc.exe"
      - "C:/src/vcpkg/installed/x64-windows-static/debug/Windows/System32/wbem/bcc"
      - "C:/src/vcpkg/installed/x64-windows-static/debug/Windows/System32/wbem/xlc.com"
      - "C:/src/vcpkg/installed/x64-windows-static/debug/Windows/System32/wbem/xlc.exe"
      - "C:/src/vcpkg/installed/x64-windows-static/debug/Windows/System32/wbem/xlc"
      - "C:/src/vcpkg/installed/x64-windows-static/debug/Windows/System32/wbem/icx.com"
      - "C:/src/vcpkg/installed/x64-windows-static/debug/Windows/System32/wbem/icx.exe"
      - "C:/src/vcpkg/installed/x64-windows-static/debug/Windows/System32/wbem/icx"
      - "C:/src/vcpkg/installed/x64-windows-static/debug/Windows/System32/wbem/clang.com"
      - "C:/src/vcpkg/installed/x64-windows-static/debug/Windows/System32/wbem/clang.exe"
      - "C:/src/vcpkg/installed/x64-windows-static/debug/Windows/System32/wbem/clang"
      - "C:/src/vcpkg/installed/x64-windows-static/debug/Windows/System32/WindowsPowerShell/v1.0/cc.com"
      - "C:/src/vcpkg/installed/x64-windows-static/debug/Windows/System32/WindowsPowerShell/v1.0/cc.exe"
      - "C:/src/vcpkg/installed/x64-windows-static/debug/Windows/System32/WindowsPowerShell/v1.0/cc"
      - "C:/src/vcpkg/installed/x64-windows-static/debug/Windows/System32/WindowsPowerShell/v1.0/gcc.com"
      - "C:/src/vcpkg/installed/x64-windows-static/debug/Windows/System32/WindowsPowerShell/v1.0/gcc.exe"
      - "C:/src/vcpkg/installed/x64-windows-static/debug/Windows/System32/WindowsPowerShell/v1.0/gcc"
      - "C:/src/vcpkg/installed/x64-windows-static/debug/Windows/System32/WindowsPowerShell/v1.0/cl.com"
      - "C:/src/vcpkg/installed/x64-windows-static/debug/Windows/System32/WindowsPowerShell/v1.0/cl.exe"
      - "C:/src/vcpkg/installed/x64-windows-static/debug/Windows/System32/WindowsPowerShell/v1.0/cl"
      - "C:/src/vcpkg/installed/x64-windows-static/debug/Windows/System32/WindowsPowerShell/v1.0/bcc.com"
      - "C:/src/vcpkg/installed/x64-windows-static/debug/Windows/System32/WindowsPowerShell/v1.0/bcc.exe"
      - "C:/src/vcpkg/installed/x64-windows-static/debug/Windows/System32/WindowsPowerShell/v1.0/bcc"
      - "C:/src/vcpkg/installed/x64-windows-static/debug/Windows/System32/WindowsPowerShell/v1.0/xlc.com"
      - "C:/src/vcpkg/installed/x64-windows-static/debug/Windows/System32/WindowsPowerShell/v1.0/xlc.exe"
      - "C:/src/vcpkg/installed/x64-windows-static/debug/Windows/System32/WindowsPowerShell/v1.0/xlc"
      - "C:/src/vcpkg/installed/x64-windows-static/debug/Windows/System32/WindowsPowerShell/v1.0/icx.com"
      - "C:/src/vcpkg/installed/x64-windows-static/debug/Windows/System32/WindowsPowerShell/v1.0/icx.exe"
      - "C:/src/vcpkg/installed/x64-windows-static/debug/Windows/System32/WindowsPowerShell/v1.0/icx"
      - "C:/src/vcpkg/installed/x64-windows-static/debug/Windows/System32/WindowsPowerShell/v1.0/clang.com"
      - "C:/src/vcpkg/installed/x64-windows-static/debug/Windows/System32/WindowsPowerShell/v1.0/clang.exe"
      - "C:/src/vcpkg/installed/x64-windows-static/debug/Windows/System32/WindowsPowerShell/v1.0/clang"
      - "C:/src/vcpkg/installed/x64-windows-static/debug/Windows/System32/OpenSSH/cc.com"
      - "C:/src/vcpkg/installed/x64-windows-static/debug/Windows/System32/OpenSSH/cc.exe"
      - "C:/src/vcpkg/installed/x64-windows-static/debug/Windows/System32/OpenSSH/cc"
      - "C:/src/vcpkg/installed/x64-windows-static/debug/Windows/System32/OpenSSH/gcc.com"
      - "C:/src/vcpkg/installed/x64-windows-static/debug/Windows/System32/OpenSSH/gcc.exe"
      - "C:/src/vcpkg/installed/x64-windows-static/debug/Windows/System32/OpenSSH/gcc"
      - "C:/src/vcpkg/installed/x64-windows-static/debug/Windows/System32/OpenSSH/cl.com"
      - "C:/src/vcpkg/installed/x64-windows-static/debug/Windows/System32/OpenSSH/cl.exe"
      - "C:/src/vcpkg/installed/x64-windows-static/debug/Windows/System32/OpenSSH/cl"
      - "C:/src/vcpkg/installed/x64-windows-static/debug/Windows/System32/OpenSSH/bcc.com"
      - "C:/src/vcpkg/installed/x64-windows-static/debug/Windows/System32/OpenSSH/bcc.exe"
      - "C:/src/vcpkg/installed/x64-windows-static/debug/Windows/System32/OpenSSH/bcc"
      - "C:/src/vcpkg/installed/x64-windows-static/debug/Windows/System32/OpenSSH/xlc.com"
      - "C:/src/vcpkg/installed/x64-windows-static/debug/Windows/System32/OpenSSH/xlc.exe"
      - "C:/src/vcpkg/installed/x64-windows-static/debug/Windows/System32/OpenSSH/xlc"
      - "C:/src/vcpkg/installed/x64-windows-static/debug/Windows/System32/OpenSSH/icx.com"
      - "C:/src/vcpkg/installed/x64-windows-static/debug/Windows/System32/OpenSSH/icx.exe"
      - "C:/src/vcpkg/installed/x64-windows-static/debug/Windows/System32/OpenSSH/icx"
      - "C:/src/vcpkg/installed/x64-windows-static/debug/Windows/System32/OpenSSH/clang.com"
      - "C:/src/vcpkg/installed/x64-windows-static/debug/Windows/System32/OpenSSH/clang.exe"
      - "C:/src/vcpkg/installed/x64-windows-static/debug/Windows/System32/OpenSSH/clang"
      - "C:/src/vcpkg/installed/x64-windows-static/debug/Program Files/Microsoft Visual Studio/2022/Community/Common7/IDE/CommonExtensions/Microsoft/CMake/CMake/bin/cc.com"
      - "C:/src/vcpkg/installed/x64-windows-static/debug/Program Files/Microsoft Visual Studio/2022/Community/Common7/IDE/CommonExtensions/Microsoft/CMake/CMake/bin/cc.exe"
      - "C:/src/vcpkg/installed/x64-windows-static/debug/Program Files/Microsoft Visual Studio/2022/Community/Common7/IDE/CommonExtensions/Microsoft/CMake/CMake/bin/cc"
      - "C:/src/vcpkg/installed/x64-windows-static/debug/Program Files/Microsoft Visual Studio/2022/Community/Common7/IDE/CommonExtensions/Microsoft/CMake/CMake/bin/gcc.com"
      - "C:/src/vcpkg/installed/x64-windows-static/debug/Program Files/Microsoft Visual Studio/2022/Community/Common7/IDE/CommonExtensions/Microsoft/CMake/CMake/bin/gcc.exe"
      - "C:/src/vcpkg/installed/x64-windows-static/debug/Program Files/Microsoft Visual Studio/2022/Community/Common7/IDE/CommonExtensions/Microsoft/CMake/CMake/bin/gcc"
      - "C:/src/vcpkg/installed/x64-windows-static/debug/Program Files/Microsoft Visual Studio/2022/Community/Common7/IDE/CommonExtensions/Microsoft/CMake/CMake/bin/cl.com"
      - "C:/src/vcpkg/installed/x64-windows-static/debug/Program Files/Microsoft Visual Studio/2022/Community/Common7/IDE/CommonExtensions/Microsoft/CMake/CMake/bin/cl.exe"
      - "C:/src/vcpkg/installed/x64-windows-static/debug/Program Files/Microsoft Visual Studio/2022/Community/Common7/IDE/CommonExtensions/Microsoft/CMake/CMake/bin/cl"
      - "C:/src/vcpkg/installed/x64-windows-static/debug/Program Files/Microsoft Visual Studio/2022/Community/Common7/IDE/CommonExtensions/Microsoft/CMake/CMake/bin/bcc.com"
      - "C:/src/vcpkg/installed/x64-windows-static/debug/Program Files/Microsoft Visual Studio/2022/Community/Common7/IDE/CommonExtensions/Microsoft/CMake/CMake/bin/bcc.exe"
      - "C:/src/vcpkg/installed/x64-windows-static/debug/Program Files/Microsoft Visual Studio/2022/Community/Common7/IDE/CommonExtensions/Microsoft/CMake/CMake/bin/bcc"
      - "C:/src/vcpkg/installed/x64-windows-static/debug/Program Files/Microsoft Visual Studio/2022/Community/Common7/IDE/CommonExtensions/Microsoft/CMake/CMake/bin/xlc.com"
      - "C:/src/vcpkg/installed/x64-windows-static/debug/Program Files/Microsoft Visual Studio/2022/Community/Common7/IDE/CommonExtensions/Microsoft/CMake/CMake/bin/xlc.exe"
      - "C:/src/vcpkg/installed/x64-windows-static/debug/Program Files/Microsoft Visual Studio/2022/Community/Common7/IDE/CommonExtensions/Microsoft/CMake/CMake/bin/xlc"
      - "C:/src/vcpkg/installed/x64-windows-static/debug/Program Files/Microsoft Visual Studio/2022/Community/Common7/IDE/CommonExtensions/Microsoft/CMake/CMake/bin/icx.com"
      - "C:/src/vcpkg/installed/x64-windows-static/debug/Program Files/Microsoft Visual Studio/2022/Community/Common7/IDE/CommonExtensions/Microsoft/CMake/CMake/bin/icx.exe"
      - "C:/src/vcpkg/installed/x64-windows-static/debug/Program Files/Microsoft Visual Studio/2022/Community/Common7/IDE/CommonExtensions/Microsoft/CMake/CMake/bin/icx"
      - "C:/src/vcpkg/installed/x64-windows-static/debug/Program Files/Microsoft Visual Studio/2022/Community/Common7/IDE/CommonExtensions/Microsoft/CMake/CMake/bin/clang.com"
      - "C:/src/vcpkg/installed/x64-windows-static/debug/Program Files/Microsoft Visual Studio/2022/Community/Common7/IDE/CommonExtensions/Microsoft/CMake/CMake/bin/clang.exe"
      - "C:/src/vcpkg/installed/x64-windows-static/debug/Program Files/Microsoft Visual Studio/2022/Community/Common7/IDE/CommonExtensions/Microsoft/CMake/CMake/bin/clang"
      - "C:/src/vcpkg/installed/x64-windows-static/debug/Program Files/Microsoft Visual Studio/2022/Community/Common7/IDE/CommonExtensions/Microsoft/CMake/Ninja/cc.com"
      - "C:/src/vcpkg/installed/x64-windows-static/debug/Program Files/Microsoft Visual Studio/2022/Community/Common7/IDE/CommonExtensions/Microsoft/CMake/Ninja/cc.exe"
      - "C:/src/vcpkg/installed/x64-windows-static/debug/Program Files/Microsoft Visual Studio/2022/Community/Common7/IDE/CommonExtensions/Microsoft/CMake/Ninja/cc"
      - "C:/src/vcpkg/installed/x64-windows-static/debug/Program Files/Microsoft Visual Studio/2022/Community/Common7/IDE/CommonExtensions/Microsoft/CMake/Ninja/gcc.com"
      - "C:/src/vcpkg/installed/x64-windows-static/debug/Program Files/Microsoft Visual Studio/2022/Community/Common7/IDE/CommonExtensions/Microsoft/CMake/Ninja/gcc.exe"
      - "C:/src/vcpkg/installed/x64-windows-static/debug/Program Files/Microsoft Visual Studio/2022/Community/Common7/IDE/CommonExtensions/Microsoft/CMake/Ninja/gcc"
      - "C:/src/vcpkg/installed/x64-windows-static/debug/Program Files/Microsoft Visual Studio/2022/Community/Common7/IDE/CommonExtensions/Microsoft/CMake/Ninja/cl.com"
      - "C:/src/vcpkg/installed/x64-windows-static/debug/Program Files/Microsoft Visual Studio/2022/Community/Common7/IDE/CommonExtensions/Microsoft/CMake/Ninja/cl.exe"
      - "C:/src/vcpkg/installed/x64-windows-static/debug/Program Files/Microsoft Visual Studio/2022/Community/Common7/IDE/CommonExtensions/Microsoft/CMake/Ninja/cl"
      - "C:/src/vcpkg/installed/x64-windows-static/debug/Program Files/Microsoft Visual Studio/2022/Community/Common7/IDE/CommonExtensions/Microsoft/CMake/Ninja/bcc.com"
      - "C:/src/vcpkg/installed/x64-windows-static/debug/Program Files/Microsoft Visual Studio/2022/Community/Common7/IDE/CommonExtensions/Microsoft/CMake/Ninja/bcc.exe"
      - "C:/src/vcpkg/installed/x64-windows-static/debug/Program Files/Microsoft Visual Studio/2022/Community/Common7/IDE/CommonExtensions/Microsoft/CMake/Ninja/bcc"
      - "C:/src/vcpkg/installed/x64-windows-static/debug/Program Files/Microsoft Visual Studio/2022/Community/Common7/IDE/CommonExtensions/Microsoft/CMake/Ninja/xlc.com"
      - "C:/src/vcpkg/installed/x64-windows-static/debug/Program Files/Microsoft Visual Studio/2022/Community/Common7/IDE/CommonExtensions/Microsoft/CMake/Ninja/xlc.exe"
      - "C:/src/vcpkg/installed/x64-windows-static/debug/Program Files/Microsoft Visual Studio/2022/Community/Common7/IDE/CommonExtensions/Microsoft/CMake/Ninja/xlc"
      - "C:/src/vcpkg/installed/x64-windows-static/debug/Program Files/Microsoft Visual Studio/2022/Community/Common7/IDE/CommonExtensions/Microsoft/CMake/Ninja/icx.com"
      - "C:/src/vcpkg/installed/x64-windows-static/debug/Program Files/Microsoft Visual Studio/2022/Community/Common7/IDE/CommonExtensions/Microsoft/CMake/Ninja/icx.exe"
      - "C:/src/vcpkg/installed/x64-windows-static/debug/Program Files/Microsoft Visual Studio/2022/Community/Common7/IDE/CommonExtensions/Microsoft/CMake/Ninja/icx"
      - "C:/src/vcpkg/installed/x64-windows-static/debug/Program Files/Microsoft Visual Studio/2022/Community/Common7/IDE/CommonExtensions/Microsoft/CMake/Ninja/clang.com"
      - "C:/src/vcpkg/installed/x64-windows-static/debug/Program Files/Microsoft Visual Studio/2022/Community/Common7/IDE/CommonExtensions/Microsoft/CMake/Ninja/clang.exe"
      - "C:/src/vcpkg/installed/x64-windows-static/debug/Program Files/Microsoft Visual Studio/2022/Community/Common7/IDE/CommonExtensions/Microsoft/CMake/Ninja/clang"
      - "C:/src/vcpkg/installed/x64-windows-static/debug/Program Files/Microsoft Visual Studio/2022/Community/Common7/IDE/VC/Linux/bin/ConnectionManagerExe/cc.com"
      - "C:/src/vcpkg/installed/x64-windows-static/debug/Program Files/Microsoft Visual Studio/2022/Community/Common7/IDE/VC/Linux/bin/ConnectionManagerExe/cc.exe"
      - "C:/src/vcpkg/installed/x64-windows-static/debug/Program Files/Microsoft Visual Studio/2022/Community/Common7/IDE/VC/Linux/bin/ConnectionManagerExe/cc"
      - "C:/src/vcpkg/installed/x64-windows-static/debug/Program Files/Microsoft Visual Studio/2022/Community/Common7/IDE/VC/Linux/bin/ConnectionManagerExe/gcc.com"
      - "C:/src/vcpkg/installed/x64-windows-static/debug/Program Files/Microsoft Visual Studio/2022/Community/Common7/IDE/VC/Linux/bin/ConnectionManagerExe/gcc.exe"
      - "C:/src/vcpkg/installed/x64-windows-static/debug/Program Files/Microsoft Visual Studio/2022/Community/Common7/IDE/VC/Linux/bin/ConnectionManagerExe/gcc"
      - "C:/src/vcpkg/installed/x64-windows-static/debug/Program Files/Microsoft Visual Studio/2022/Community/Common7/IDE/VC/Linux/bin/ConnectionManagerExe/cl.com"
      - "C:/src/vcpkg/installed/x64-windows-static/debug/Program Files/Microsoft Visual Studio/2022/Community/Common7/IDE/VC/Linux/bin/ConnectionManagerExe/cl.exe"
      - "C:/src/vcpkg/installed/x64-windows-static/debug/Program Files/Microsoft Visual Studio/2022/Community/Common7/IDE/VC/Linux/bin/ConnectionManagerExe/cl"
      - "C:/src/vcpkg/installed/x64-windows-static/debug/Program Files/Microsoft Visual Studio/2022/Community/Common7/IDE/VC/Linux/bin/ConnectionManagerExe/bcc.com"
      - "C:/src/vcpkg/installed/x64-windows-static/debug/Program Files/Microsoft Visual Studio/2022/Community/Common7/IDE/VC/Linux/bin/ConnectionManagerExe/bcc.exe"
      - "C:/src/vcpkg/installed/x64-windows-static/debug/Program Files/Microsoft Visual Studio/2022/Community/Common7/IDE/VC/Linux/bin/ConnectionManagerExe/bcc"
      - "C:/src/vcpkg/installed/x64-windows-static/debug/Program Files/Microsoft Visual Studio/2022/Community/Common7/IDE/VC/Linux/bin/ConnectionManagerExe/xlc.com"
      - "C:/src/vcpkg/installed/x64-windows-static/debug/Program Files/Microsoft Visual Studio/2022/Community/Common7/IDE/VC/Linux/bin/ConnectionManagerExe/xlc.exe"
      - "C:/src/vcpkg/installed/x64-windows-static/debug/Program Files/Microsoft Visual Studio/2022/Community/Common7/IDE/VC/Linux/bin/ConnectionManagerExe/xlc"
      - "C:/src/vcpkg/installed/x64-windows-static/debug/Program Files/Microsoft Visual Studio/2022/Community/Common7/IDE/VC/Linux/bin/ConnectionManagerExe/icx.com"
      - "C:/src/vcpkg/installed/x64-windows-static/debug/Program Files/Microsoft Visual Studio/2022/Community/Common7/IDE/VC/Linux/bin/ConnectionManagerExe/icx.exe"
      - "C:/src/vcpkg/installed/x64-windows-static/debug/Program Files/Microsoft Visual Studio/2022/Community/Common7/IDE/VC/Linux/bin/ConnectionManagerExe/icx"
      - "C:/src/vcpkg/installed/x64-windows-static/debug/Program Files/Microsoft Visual Studio/2022/Community/Common7/IDE/VC/Linux/bin/ConnectionManagerExe/clang.com"
      - "C:/src/vcpkg/installed/x64-windows-static/debug/Program Files/Microsoft Visual Studio/2022/Community/Common7/IDE/VC/Linux/bin/ConnectionManagerExe/clang.exe"
      - "C:/src/vcpkg/installed/x64-windows-static/debug/Program Files/Microsoft Visual Studio/2022/Community/Common7/IDE/VC/Linux/bin/ConnectionManagerExe/clang"
      - "C:/src/vcpkg/installed/x64-windows-static/debug/Program Files/Microsoft Visual Studio/2022/Community/VC/vcpkg/cc.com"
      - "C:/src/vcpkg/installed/x64-windows-static/debug/Program Files/Microsoft Visual Studio/2022/Community/VC/vcpkg/cc.exe"
      - "C:/src/vcpkg/installed/x64-windows-static/debug/Program Files/Microsoft Visual Studio/2022/Community/VC/vcpkg/cc"
      - "C:/src/vcpkg/installed/x64-windows-static/debug/Program Files/Microsoft Visual Studio/2022/Community/VC/vcpkg/gcc.com"
      - "C:/src/vcpkg/installed/x64-windows-static/debug/Program Files/Microsoft Visual Studio/2022/Community/VC/vcpkg/gcc.exe"
      - "C:/src/vcpkg/installed/x64-windows-static/debug/Program Files/Microsoft Visual Studio/2022/Community/VC/vcpkg/gcc"
      - "C:/src/vcpkg/installed/x64-windows-static/debug/Program Files/Microsoft Visual Studio/2022/Community/VC/vcpkg/cl.com"
      - "C:/src/vcpkg/installed/x64-windows-static/debug/Program Files/Microsoft Visual Studio/2022/Community/VC/vcpkg/cl.exe"
      - "C:/src/vcpkg/installed/x64-windows-static/debug/Program Files/Microsoft Visual Studio/2022/Community/VC/vcpkg/cl"
      - "C:/src/vcpkg/installed/x64-windows-static/debug/Program Files/Microsoft Visual Studio/2022/Community/VC/vcpkg/bcc.com"
      - "C:/src/vcpkg/installed/x64-windows-static/debug/Program Files/Microsoft Visual Studio/2022/Community/VC/vcpkg/bcc.exe"
      - "C:/src/vcpkg/installed/x64-windows-static/debug/Program Files/Microsoft Visual Studio/2022/Community/VC/vcpkg/bcc"
      - "C:/src/vcpkg/installed/x64-windows-static/debug/Program Files/Microsoft Visual Studio/2022/Community/VC/vcpkg/xlc.com"
      - "C:/src/vcpkg/installed/x64-windows-static/debug/Program Files/Microsoft Visual Studio/2022/Community/VC/vcpkg/xlc.exe"
      - "C:/src/vcpkg/installed/x64-windows-static/debug/Program Files/Microsoft Visual Studio/2022/Community/VC/vcpkg/xlc"
      - "C:/src/vcpkg/installed/x64-windows-static/debug/Program Files/Microsoft Visual Studio/2022/Community/VC/vcpkg/icx.com"
      - "C:/src/vcpkg/installed/x64-windows-static/debug/Program Files/Microsoft Visual Studio/2022/Community/VC/vcpkg/icx.exe"
      - "C:/src/vcpkg/installed/x64-windows-static/debug/Program Files/Microsoft Visual Studio/2022/Community/VC/vcpkg/icx"
      - "C:/src/vcpkg/installed/x64-windows-static/debug/Program Files/Microsoft Visual Studio/2022/Community/VC/vcpkg/clang.com"
      - "C:/src/vcpkg/installed/x64-windows-static/debug/Program Files/Microsoft Visual Studio/2022/Community/VC/vcpkg/clang.exe"
      - "C:/src/vcpkg/installed/x64-windows-static/debug/Program Files/Microsoft Visual Studio/2022/Community/VC/vcpkg/clang"
      - "C:/src/vcpkg/installed/x64-windows-static/debug/src/vcpkg/downloads/tools/ninja-1.13.2-windows/cc.com"
      - "C:/src/vcpkg/installed/x64-windows-static/debug/src/vcpkg/downloads/tools/ninja-1.13.2-windows/cc.exe"
      - "C:/src/vcpkg/installed/x64-windows-static/debug/src/vcpkg/downloads/tools/ninja-1.13.2-windows/cc"
      - "C:/src/vcpkg/installed/x64-windows-static/debug/src/vcpkg/downloads/tools/ninja-1.13.2-windows/gcc.com"
      - "C:/src/vcpkg/installed/x64-windows-static/debug/src/vcpkg/downloads/tools/ninja-1.13.2-windows/gcc.exe"
      - "C:/src/vcpkg/installed/x64-windows-static/debug/src/vcpkg/downloads/tools/ninja-1.13.2-windows/gcc"
      - "C:/src/vcpkg/installed/x64-windows-static/debug/src/vcpkg/downloads/tools/ninja-1.13.2-windows/cl.com"
      - "C:/src/vcpkg/installed/x64-windows-static/debug/src/vcpkg/downloads/tools/ninja-1.13.2-windows/cl.exe"
      - "C:/src/vcpkg/installed/x64-windows-static/debug/src/vcpkg/downloads/tools/ninja-1.13.2-windows/cl"
      - "C:/src/vcpkg/installed/x64-windows-static/debug/src/vcpkg/downloads/tools/ninja-1.13.2-windows/bcc.com"
      - "C:/src/vcpkg/installed/x64-windows-static/debug/src/vcpkg/downloads/tools/ninja-1.13.2-windows/bcc.exe"
      - "C:/src/vcpkg/installed/x64-windows-static/debug/src/vcpkg/downloads/tools/ninja-1.13.2-windows/bcc"
      - "C:/src/vcpkg/installed/x64-windows-static/debug/src/vcpkg/downloads/tools/ninja-1.13.2-windows/xlc.com"
      - "C:/src/vcpkg/installed/x64-windows-static/debug/src/vcpkg/downloads/tools/ninja-1.13.2-windows/xlc.exe"
      - "C:/src/vcpkg/installed/x64-windows-static/debug/src/vcpkg/downloads/tools/ninja-1.13.2-windows/xlc"
      - "C:/src/vcpkg/installed/x64-windows-static/debug/src/vcpkg/downloads/tools/ninja-1.13.2-windows/icx.com"
      - "C:/src/vcpkg/installed/x64-windows-static/debug/src/vcpkg/downloads/tools/ninja-1.13.2-windows/icx.exe"
      - "C:/src/vcpkg/installed/x64-windows-static/debug/src/vcpkg/downloads/tools/ninja-1.13.2-windows/icx"
      - "C:/src/vcpkg/installed/x64-windows-static/debug/src/vcpkg/downloads/tools/ninja-1.13.2-windows/clang.com"
      - "C:/src/vcpkg/installed/x64-windows-static/debug/src/vcpkg/downloads/tools/ninja-1.13.2-windows/clang.exe"
      - "C:/src/vcpkg/installed/x64-windows-static/debug/src/vcpkg/downloads/tools/ninja-1.13.2-windows/clang"
      - "C:/Program Files/Microsoft Visual Studio/2022/Community/VC/Tools/MSVC/14.44.35207/bin/Hostx64/x64/cc.com"
      - "C:/Program Files/Microsoft Visual Studio/2022/Community/VC/Tools/MSVC/14.44.35207/bin/Hostx64/x64/cc.exe"
      - "C:/Program Files/Microsoft Visual Studio/2022/Community/VC/Tools/MSVC/14.44.35207/bin/Hostx64/x64/cc"
      - "C:/Program Files/Microsoft Visual Studio/2022/Community/VC/Tools/MSVC/14.44.35207/bin/Hostx64/x64/gcc.com"
      - "C:/Program Files/Microsoft Visual Studio/2022/Community/VC/Tools/MSVC/14.44.35207/bin/Hostx64/x64/gcc.exe"
      - "C:/Program Files/Microsoft Visual Studio/2022/Community/VC/Tools/MSVC/14.44.35207/bin/Hostx64/x64/gcc"
      - "C:/Program Files/Microsoft Visual Studio/2022/Community/VC/Tools/MSVC/14.44.35207/bin/Hostx64/x64/cl.com"
    found: "C:/Program Files/Microsoft Visual Studio/2022/Community/VC/Tools/MSVC/14.44.35207/bin/Hostx64/x64/cl.exe"
    search_context:
      CMAKE_PROGRAM_PATH:
        - "C:/src/vcpkg/installed/x64-windows-static/tools"
      CMAKE_PREFIX_PATH:
        - "C:/src/vcpkg/installed/x64-windows-static"
        - "C:/src/vcpkg/installed/x64-windows-static/debug"
      ENV{PATH}:
        - "C:\\Program Files\\Microsoft Visual Studio\\2022\\Community\\VC\\Tools\\MSVC\\14.44.35207\\bin\\HostX64\\x64"
        - "C:\\Program Files\\Microsoft Visual Studio\\2022\\Community\\Common7\\IDE\\VC\\VCPackages"
        - "C:\\Program Files\\Microsoft Visual Studio\\2022\\Community\\Common7\\IDE\\CommonExtensions\\Microsoft\\TestWindow"
        - "C:\\Program Files\\Microsoft Visual Studio\\2022\\Community\\Common7\\IDE\\CommonExtensions\\Microsoft\\TeamFoundation\\Team Explorer"
        - "C:\\Program Files\\Microsoft Visual Studio\\2022\\Community\\MSBuild\\Current\\bin\\Roslyn"
        - "C:\\Program Files (x86)\\Microsoft SDKs\\Windows\\v10.0A\\bin\\NETFX 4.8 Tools\\x64\\"
        - "C:\\Program Files\\Microsoft Visual Studio\\2022\\Community\\Common7\\IDE\\CommonExtensions\\Microsoft\\FSharp\\Tools"
        - "C:\\Program Files\\Microsoft Visual Studio\\2022\\Community\\Team Tools\\DiagnosticsHub\\Collector"
        - "C:\\Program Files (x86)\\Windows Kits\\10\\bin\\10.0.26100.0\\x64"
        - "C:\\Program Files (x86)\\Windows Kits\\10\\bin\\x64"
        - "C:\\Program Files\\Microsoft Visual Studio\\2022\\Community\\MSBuild\\Current\\Bin\\amd64"
        - "C:\\Windows\\Microsoft.NET\\Framework64\\v4.0.30319"
        - "C:\\Program Files\\Microsoft Visual Studio\\2022\\Community\\Common7\\IDE\\"
        - "C:\\Program Files\\Microsoft Visual Studio\\2022\\Community\\Common7\\Tools\\"
        - "C:\\src\\vcpkg\\downloads\\tools\\powershell-core-7.6.4-windows"
        - "C:\\WINDOWS\\system32"
        - "C:\\WINDOWS"
        - "C:\\WINDOWS\\system32\\Wbem"
        - "C:\\WINDOWS\\system32\\WindowsPowerShell\\v1.0\\"
        - "C:\\WINDOWS\\system32\\OpenSSH\\"
        - "C:\\Program Files\\Microsoft Visual Studio\\2022\\Community\\Common7\\IDE\\CommonExtensions\\Microsoft\\CMake\\CMake\\bin"
        - "C:\\Program Files\\Microsoft Visual Studio\\2022\\Community\\Common7\\IDE\\CommonExtensions\\Microsoft\\CMake\\Ninja"
        - "C:\\Program Files\\Microsoft Visual Studio\\2022\\Community\\Common7\\IDE\\VC\\Linux\\bin\\ConnectionManagerExe"
        - "C:\\Program Files\\Microsoft Visual Studio\\2022\\Community\\VC\\vcpkg"
        - "C:\\src\\vcpkg\\downloads\\tools\\ninja-1.13.2-windows"
      CMAKE_INSTALL_PREFIX: "C:/src/vcpkg/packages/sdl2_x64-windows-static"
      CMAKE_FIND_ROOT_PATH: "C:/src/vcpkg/installed/x64-windows-static;C:/src/vcpkg/installed/x64-windows-static/debug"
  -
    kind: "find-v1"
    backtrace:
      - "C:/Program Files/CMake/share/cmake-4.4/Modules/CMakeDetermineCompilerId.cmake:501 (find_file)"
      - "C:/Program Files/CMake/share/cmake-4.4/Modules/CMakeDetermineCompilerId.cmake:538 (CMAKE_DETERMINE_COMPILER_ID_WRITE)"
      - "C:/Program Files/CMake/share/cmake-4.4/Modules/CMakeDetermineCompilerId.cmake:8 (CMAKE_DETERMINE_COMPILER_ID_BUILD)"
      - "C:/Program Files/CMake/share/cmake-4.4/Modules/CMakeDetermineCompilerId.cmake:64 (__determine_compiler_id_test)"
      - "C:/Program Files/CMake/share/cmake-4.4/Modules/CMakeDetermineCCompiler.cmake:122 (CMAKE_DETERMINE_COMPILER_ID)"
      - "CMakeLists.txt:9 (project)"
    mode: "file"
    variable: "src_in"
    description: "Path to a file."
    settings:
      SearchFramework: "LAST"
      SearchAppBundle: "LAST"
      CMAKE_FIND_USE_CMAKE_PATH: true
      CMAKE_FIND_USE_CMAKE_ENVIRONMENT_PATH: true
      CMAKE_FIND_USE_SYSTEM_ENVIRONMENT_PATH: true
      CMAKE_FIND_USE_CMAKE_SYSTEM_PATH: true
      CMAKE_FIND_USE_INSTALL_PREFIX: true
    names:
      - "CMakeCCompilerId.c.in"
    candidate_directories:
      - "C:/Program Files/CMake/share/cmake-4.4/Modules/"
    found: "C:/Program Files/CMake/share/cmake-4.4/Modules/CMakeCCompilerId.c.in"
    search_context:
      CMAKE_PREFIX_PATH:
        - "C:/src/vcpkg/installed/x64-windows-static"
        - "C:/src/vcpkg/installed/x64-windows-static/debug"
      ENV{PATH}:
        - "C:\\Program Files\\Microsoft Visual Studio\\2022\\Community\\VC\\Tools\\MSVC\\14.44.35207\\bin\\HostX64\\x64"
        - "C:\\Program Files\\Microsoft Visual Studio\\2022\\Community\\Common7\\IDE\\VC\\VCPackages"
        - "C:\\Program Files\\Microsoft Visual Studio\\2022\\Community\\Common7\\IDE\\CommonExtensions\\Microsoft\\TestWindow"
        - "C:\\Program Files\\Microsoft Visual Studio\\2022\\Community\\Common7\\IDE\\CommonExtensions\\Microsoft\\TeamFoundation\\Team Explorer"
        - "C:\\Program Files\\Microsoft Visual Studio\\2022\\Community\\MSBuild\\Current\\bin\\Roslyn"
        - "C:\\Program Files (x86)\\Microsoft SDKs\\Windows\\v10.0A\\bin\\NETFX 4.8 Tools\\x64\\"
        - "C:\\Program Files\\Microsoft Visual Studio\\2022\\Community\\Common7\\IDE\\CommonExtensions\\Microsoft\\FSharp\\Tools"
        - "C:\\Program Files\\Microsoft Visual Studio\\2022\\Community\\Team Tools\\DiagnosticsHub\\Collector"
        - "C:\\Program Files (x86)\\Windows Kits\\10\\bin\\10.0.26100.0\\x64"
        - "C:\\Program Files (x86)\\Windows Kits\\10\\bin\\x64"
        - "C:\\Program Files\\Microsoft Visual Studio\\2022\\Community\\MSBuild\\Current\\Bin\\amd64"
        - "C:\\Windows\\Microsoft.NET\\Framework64\\v4.0.30319"
        - "C:\\Program Files\\Microsoft Visual Studio\\2022\\Community\\Common7\\IDE\\"
        - "C:\\Program Files\\Microsoft Visual Studio\\2022\\Community\\Common7\\Tools\\"
        - "C:\\src\\vcpkg\\downloads\\tools\\powershell-core-7.6.4-windows"
        - "C:\\WINDOWS\\system32"
        - "C:\\WINDOWS"
        - "C:\\WINDOWS\\system32\\Wbem"
        - "C:\\WINDOWS\\system32\\WindowsPowerShell\\v1.0\\"
        - "C:\\WINDOWS\\system32\\OpenSSH\\"
        - "C:\\Program Files\\Microsoft Visual Studio\\2022\\Community\\Common7\\IDE\\CommonExtensions\\Microsoft\\CMake\\CMake\\bin"
        - "C:\\Program Files\\Microsoft Visual Studio\\2022\\Community\\Common7\\IDE\\CommonExtensions\\Microsoft\\CMake\\Ninja"
        - "C:\\Program Files\\Microsoft Visual Studio\\2022\\Community\\Common7\\IDE\\VC\\Linux\\bin\\ConnectionManagerExe"
        - "C:\\Program Files\\Microsoft Visual Studio\\2022\\Community\\VC\\vcpkg"
        - "C:\\src\\vcpkg\\downloads\\tools\\ninja-1.13.2-windows"
      CMAKE_INSTALL_PREFIX: "C:/src/vcpkg/packages/sdl2_x64-windows-static"
      CMAKE_FIND_ROOT_PATH: "C:/src/vcpkg/installed/x64-windows-static;C:/src/vcpkg/installed/x64-windows-static/debug"
      ENV{INCLUDE}:
        - "C:\\Program Files\\Microsoft Visual Studio\\2022\\Community\\VC\\Tools\\MSVC\\14.44.35207\\include"
        - "C:\\Program Files\\Microsoft Visual Studio\\2022\\Community\\VC\\Tools\\MSVC\\14.44.35207\\ATLMFC\\include"
        - "C:\\Program Files\\Microsoft Visual Studio\\2022\\Community\\VC\\Auxiliary\\VS\\include"
        - "C:\\Program Files (x86)\\Windows Kits\\10\\include\\10.0.26100.0\\ucrt"
        - "C:\\Program Files (x86)\\Windows Kits\\10\\\\include\\10.0.26100.0\\\\um"
        - "C:\\Program Files (x86)\\Windows Kits\\10\\\\include\\10.0.26100.0\\\\shared"
        - "C:\\Program Files (x86)\\Windows Kits\\10\\\\include\\10.0.26100.0\\\\winrt"
        - "C:\\Program Files (x86)\\Windows Kits\\10\\\\include\\10.0.26100.0\\\\cppwinrt"
        - "C:\\Program Files (x86)\\Windows Kits\\NETFXSDK\\4.8\\include\\um"
  -
    kind: "message-v1"
    backtrace:
      - "C:/Program Files/CMake/share/cmake-4.4/Modules/CMakeDetermineCompilerId.cmake:17 (message)"
      - "C:/Program Files/CMake/share/cmake-4.4/Modules/CMakeDetermineCompilerId.cmake:64 (__determine_compiler_id_test)"
      - "C:/Program Files/CMake/share/cmake-4.4/Modules/CMakeDetermineCCompiler.cmake:122 (CMAKE_DETERMINE_COMPILER_ID)"
      - "CMakeLists.txt:9 (project)"
    message: |
      Compiling the C compiler identification source file "CMakeCCompilerId.c" succeeded.
      Compiler: C:/Program Files/Microsoft Visual Studio/2022/Community/VC/Tools/MSVC/14.44.35207/bin/Hostx64/x64/cl.exe 
      Build flags: /nologo;/DWIN32;/D_WINDOWS;/utf-8;/MP
      Id flags:  
      
      The output was:
      0
      CMakeCCompilerId.c
      
      
      Compilation of the C compiler identification source "CMakeCCompilerId.c" produced "CMakeCCompilerId.exe"
      
      Compilation of the C compiler identification source "CMakeCCompilerId.c" produced "CMakeCCompilerId.obj"
      
      The C compiler identification is MSVC, found in:
        C:/src/vcpkg/buildtrees/sdl2/x64-windows-static-rel/CMakeFiles/4.4.3/CompilerIdC/CMakeCCompilerId.exe
      
  -
    kind: "message-v1"
    backtrace:
      - "C:/Program Files/CMake/share/cmake-4.4/Modules/CMakeDetermineCompilerId.cmake:1379 (message)"
      - "C:/Program Files/CMake/share/cmake-4.4/Modules/CMakeDetermineCompilerId.cmake:277 (CMAKE_DETERMINE_MSVC_SHOWINCLUDES_PREFIX)"
      - "C:/Program Files/CMake/share/cmake-4.4/Modules/CMakeDetermineCCompiler.cmake:122 (CMAKE_DETERMINE_COMPILER_ID)"
      - "CMakeLists.txt:9 (project)"
    message: |
      Detecting C compiler /showIncludes prefix:
        main.c
        Note: including file: C:\\src\\vcpkg\\buildtrees\\sdl2\\x64-windows-static-rel\\CMakeFiles\\ShowIncludes\\foo.h
        
      Found prefix "Note: including file: "
  -
    kind: "find-v1"
    backtrace:
      - "C:/Program Files/CMake/share/cmake-4.4/Modules/CMakeFindBinUtils.cmake:37 (find_program)"
      - "C:/Program Files/CMake/share/cmake-4.4/Modules/CMakeFindBinUtils.cmake:64 (__resolve_tool_path)"
      - "C:/Program Files/CMake/share/cmake-4.4/Modules/CMakeFindBinUtils.cmake:102 (__resolve_linker_path)"
      - "C:/Program Files/CMake/share/cmake-4.4/Modules/CMakeDetermineCCompiler.cmake:200 (include)"
      - "CMakeLists.txt:9 (project)"
    mode: "program"
    variable: "_CMAKE_TOOL_WITH_PATH"
    description: "Path to a program."
    settings:
      SearchFramework: "LAST"
      SearchAppBundle: "LAST"
      CMAKE_FIND_USE_CMAKE_PATH: false
      CMAKE_FIND_USE_CMAKE_ENVIRONMENT_PATH: false
      CMAKE_FIND_USE_SYSTEM_ENVIRONMENT_PATH: true
      CMAKE_FIND_USE_CMAKE_SYSTEM_PATH: true
      CMAKE_FIND_USE_INSTALL_PREFIX: true
    names:
      - "link"
    candidate_directories:
      - "C:/src/vcpkg/installed/x64-windows-static/Program Files/Microsoft Visual Studio/2022/Community/VC/Tools/MSVC/14.44.35207/bin/Hostx64/x64/"
      - "C:/src/vcpkg/installed/x64-windows-static/Program Files/Microsoft Visual Studio/2022/Community/Common7/IDE/VC/vcpackages/"
      - "C:/src/vcpkg/installed/x64-windows-static/Program Files/Microsoft Visual Studio/2022/Community/Common7/IDE/CommonExtensions/Microsoft/TestWindow/"
      - "C:/src/vcpkg/installed/x64-windows-static/Program Files/Microsoft Visual Studio/2022/Community/Common7/IDE/CommonExtensions/Microsoft/TeamFoundation/Team Explorer/"
      - "C:/src/vcpkg/installed/x64-windows-static/Program Files/Microsoft Visual Studio/2022/Community/MSBuild/Current/Bin/Roslyn/"
      - "C:/src/vcpkg/installed/x64-windows-static/Program Files (x86)/Microsoft SDKs/Windows/v10.0A/bin/NETFX 4.8 Tools/x64/"
      - "C:/src/vcpkg/installed/x64-windows-static/Program Files/Microsoft Visual Studio/2022/Community/Common7/IDE/CommonExtensions/Microsoft/FSharp/Tools/"
      - "C:/src/vcpkg/installed/x64-windows-static/Program Files/Microsoft Visual Studio/2022/Community/Team Tools/DiagnosticsHub/Collector/"
      - "C:/src/vcpkg/installed/x64-windows-static/Program Files (x86)/Windows Kits/10/bin/10.0.26100.0/x64/"
      - "C:/src/vcpkg/installed/x64-windows-static/Program Files (x86)/Windows Kits/10/bin/x64/"
      - "C:/src/vcpkg/installed/x64-windows-static/Program Files/Microsoft Visual Studio/2022/Community/MSBuild/Current/Bin/amd64/"
      - "C:/src/vcpkg/installed/x64-windows-static/Windows/Microsoft.NET/Framework64/v4.0.30319/"
      - "C:/src/vcpkg/installed/x64-windows-static/Program Files/Microsoft Visual Studio/2022/Community/Common7/IDE/"
      - "C:/src/vcpkg/installed/x64-windows-static/Program Files/Microsoft Visual Studio/2022/Community/Common7/Tools/"
      - "C:/src/vcpkg/installed/x64-windows-static/src/vcpkg/downloads/tools/powershell-core-7.6.4-windows/"
      - "C:/src/vcpkg/installed/x64-windows-static/Windows/System32/"
      - "C:/src/vcpkg/installed/x64-windows-static/Windows/"
      - "C:/src/vcpkg/installed/x64-windows-static/Windows/System32/wbem/"
      - "C:/src/vcpkg/installed/x64-windows-static/Windows/System32/WindowsPowerShell/v1.0/"
      - "C:/src/vcpkg/installed/x64-windows-static/Windows/System32/OpenSSH/"
      - "C:/src/vcpkg/installed/x64-windows-static/Program Files/Microsoft Visual Studio/2022/Community/Common7/IDE/CommonExtensions/Microsoft/CMake/CMake/bin/"
      - "C:/src/vcpkg/installed/x64-windows-static/Program Files/Microsoft Visual Studio/2022/Community/Common7/IDE/CommonExtensions/Microsoft/CMake/Ninja/"
      - "C:/src/vcpkg/installed/x64-windows-static/Program Files/Microsoft Visual Studio/2022/Community/Common7/IDE/VC/Linux/bin/ConnectionManagerExe/"
      - "C:/src/vcpkg/installed/x64-windows-static/Program Files/Microsoft Visual Studio/2022/Community/VC/vcpkg/"
      - "C:/src/vcpkg/installed/x64-windows-static/src/vcpkg/downloads/tools/ninja-1.13.2-windows/"
      - "C:/src/vcpkg/installed/x64-windows-static/debug/Program Files/Microsoft Visual Studio/2022/Community/VC/Tools/MSVC/14.44.35207/bin/Hostx64/x64/"
      - "C:/src/vcpkg/installed/x64-windows-static/debug/Program Files/Microsoft Visual Studio/2022/Community/Common7/IDE/VC/vcpackages/"
      - "C:/src/vcpkg/installed/x64-windows-static/debug/Program Files/Microsoft Visual Studio/2022/Community/Common7/IDE/CommonExtensions/Microsoft/TestWindow/"
      - "C:/src/vcpkg/installed/x64-windows-static/debug/Program Files/Microsoft Visual Studio/2022/Community/Common7/IDE/CommonExtensions/Microsoft/TeamFoundation/Team Explorer/"
      - "C:/src/vcpkg/installed/x64-windows-static/debug/Program Files/Microsoft Visual Studio/2022/Community/MSBuild/Current/Bin/Roslyn/"
      - "C:/src/vcpkg/installed/x64-windows-static/debug/Program Files (x86)/Microsoft SDKs/Windows/v10.0A/bin/NETFX 4.8 Tools/x64/"
      - "C:/src/vcpkg/installed/x64-windows-static/debug/Program Files/Microsoft Visual Studio/2022/Community/Common7/IDE/CommonExtensions/Microsoft/FSharp/Tools/"
      - "C:/src/vcpkg/installed/x64-windows-static/debug/Program Files/Microsoft Visual Studio/2022/Community/Team Tools/DiagnosticsHub/Collector/"
      - "C:/src/vcpkg/installed/x64-windows-static/debug/Program Files (x86)/Windows Kits/10/bin/10.0.26100.0/x64/"
      - "C:/src/vcpkg/installed/x64-windows-static/debug/Program Files (x86)/Windows Kits/10/bin/x64/"
      - "C:/src/vcpkg/installed/x64-windows-static/debug/Program Files/Microsoft Visual Studio/2022/Community/MSBuild/Current/Bin/amd64/"
      - "C:/src/vcpkg/installed/x64-windows-static/debug/Windows/Microsoft.NET/Framework64/v4.0.30319/"
      - "C:/src/vcpkg/installed/x64-windows-static/debug/Program Files/Microsoft Visual Studio/2022/Community/Common7/IDE/"
      - "C:/src/vcpkg/installed/x64-windows-static/debug/Program Files/Microsoft Visual Studio/2022/Community/Common7/Tools/"
      - "C:/src/vcpkg/installed/x64-windows-static/debug/src/vcpkg/downloads/tools/powershell-core-7.6.4-windows/"
      - "C:/src/vcpkg/installed/x64-windows-static/debug/Windows/System32/"
      - "C:/src/vcpkg/installed/x64-windows-static/debug/Windows/"
      - "C:/src/vcpkg/installed/x64-windows-static/debug/Windows/System32/wbem/"
      - "C:/src/vcpkg/installed/x64-windows-static/debug/Windows/System32/WindowsPowerShell/v1.0/"
      - "C:/src/vcpkg/installed/x64-windows-static/debug/Windows/System32/OpenSSH/"
      - "C:/src/vcpkg/installed/x64-windows-static/debug/Program Files/Microsoft Visual Studio/2022/Community/Common7/IDE/CommonExtensions/Microsoft/CMake/CMake/bin/"
      - "C:/src/vcpkg/installed/x64-windows-static/debug/Program Files/Microsoft Visual Studio/2022/Community/Common7/IDE/CommonExtensions/Microsoft/CMake/Ninja/"
      - "C:/src/vcpkg/installed/x64-windows-static/debug/Program Files/Microsoft Visual Studio/2022/Community/Common7/IDE/VC/Linux/bin/ConnectionManagerExe/"
      - "C:/src/vcpkg/installed/x64-windows-static/debug/Program Files/Microsoft Visual Studio/2022/Community/VC/vcpkg/"
      - "C:/src/vcpkg/installed/x64-windows-static/debug/src/vcpkg/downloads/tools/ninja-1.13.2-windows/"
      - "C:/Program Files/Microsoft Visual Studio/2022/Community/VC/Tools/MSVC/14.44.35207/bin/Hostx64/x64/"
      - "C:/Program Files/Microsoft Visual Studio/2022/Community/Common7/IDE/VC/vcpackages/"
      - "C:/Program Files/Microsoft Visual Studio/2022/Community/Common7/IDE/CommonExtensions/Microsoft/TestWindow/"
      - "C:/Program Files/Microsoft Visual Studio/2022/Community/Common7/IDE/CommonExtensions/Microsoft/TeamFoundation/Team Explorer/"
      - "C:/Program Files/Microsoft Visual Studio/2022/Community/MSBuild/Current/Bin/Roslyn/"
      - "C:/Program Files (x86)/Microsoft SDKs/Windows/v10.0A/bin/NETFX 4.8 Tools/x64/"
      - "C:/Program Files/Microsoft Visual Studio/2022/Community/Common7/IDE/CommonExtensions/Microsoft/FSharp/Tools/"
      - "C:/Program Files/Microsoft Visual Studio/2022/Community/Team Tools/DiagnosticsHub/Collector/"
      - "C:/Program Files (x86)/Windows Kits/10/bin/10.0.26100.0/x64/"
      - "C:/Program Files (x86)/Windows Kits/10/bin/x64/"
      - "C:/Program Files/Microsoft Visual Studio/2022/Community/MSBuild/Current/Bin/amd64/"
      - "C:/Windows/Microsoft.NET/Framework64/v4.0.30319/"
      - "C:/Program Files/Microsoft Visual Studio/2022/Community/Common7/IDE/"
      - "C:/Program Files/Microsoft Visual Studio/2022/Community/Common7/Tools/"
      - "C:/src/vcpkg/downloads/tools/powershell-core-7.6.4-windows/"
      - "C:/Windows/System32/"
      - "C:/Windows/"
      - "C:/Windows/System32/wbem/"
      - "C:/Windows/System32/WindowsPowerShell/v1.0/"
      - "C:/Windows/System32/OpenSSH/"
      - "C:/Program Files/Microsoft Visual Studio/2022/Community/Common7/IDE/CommonExtensions/Microsoft/CMake/CMake/bin/"
      - "C:/Program Files/Microsoft Visual Studio/2022/Community/Common7/IDE/CommonExtensions/Microsoft/CMake/Ninja/"
      - "C:/Program Files/Microsoft Visual Studio/2022/Community/Common7/IDE/VC/Linux/bin/ConnectionManagerExe/"
      - "C:/Program Files/Microsoft Visual Studio/2022/Community/VC/vcpkg/"
      - "C:/src/vcpkg/downloads/tools/ninja-1.13.2-windows/"
    searched_directories:
      - "C:/src/vcpkg/installed/x64-windows-static/Program Files/Microsoft Visual Studio/2022/Community/VC/Tools/MSVC/14.44.35207/bin/Hostx64/x64/link.com"
      - "C:/src/vcpkg/installed/x64-windows-static/Program Files/Microsoft Visual Studio/2022/Community/VC/Tools/MSVC/14.44.35207/bin/Hostx64/x64/link.exe"
      - "C:/src/vcpkg/installed/x64-windows-static/Program Files/Microsoft Visual Studio/2022/Community/VC/Tools/MSVC/14.44.35207/bin/Hostx64/x64/link"
      - "C:/src/vcpkg/installed/x64-windows-static/Program Files/Microsoft Visual Studio/2022/Community/Common7/IDE/VC/vcpackages/link.com"
      - "C:/src/vcpkg/installed/x64-windows-static/Program Files/Microsoft Visual Studio/2022/Community/Common7/IDE/VC/vcpackages/link.exe"
      - "C:/src/vcpkg/installed/x64-windows-static/Program Files/Microsoft Visual Studio/2022/Community/Common7/IDE/VC/vcpackages/link"
      - "C:/src/vcpkg/installed/x64-windows-static/Program Files/Microsoft Visual Studio/2022/Community/Common7/IDE/CommonExtensions/Microsoft/TestWindow/link.com"
      - "C:/src/vcpkg/installed/x64-windows-static/Program Files/Microsoft Visual Studio/2022/Community/Common7/IDE/CommonExtensions/Microsoft/TestWindow/link.exe"
      - "C:/src/vcpkg/installed/x64-windows-static/Program Files/Microsoft Visual Studio/2022/Community/Common7/IDE/CommonExtensions/Microsoft/TestWindow/link"
      - "C:/src/vcpkg/installed/x64-windows-static/Program Files/Microsoft Visual Studio/2022/Community/Common7/IDE/CommonExtensions/Microsoft/TeamFoundation/Team Explorer/link.com"
      - "C:/src/vcpkg/installed/x64-windows-static/Program Files/Microsoft Visual Studio/2022/Community/Common7/IDE/CommonExtensions/Microsoft/TeamFoundation/Team Explorer/link.exe"
      - "C:/src/vcpkg/installed/x64-windows-static/Program Files/Microsoft Visual Studio/2022/Community/Common7/IDE/CommonExtensions/Microsoft/TeamFoundation/Team Explorer/link"
      - "C:/src/vcpkg/installed/x64-windows-static/Program Files/Microsoft Visual Studio/2022/Community/MSBuild/Current/Bin/Roslyn/link.com"
      - "C:/src/vcpkg/installed/x64-windows-static/Program Files/Microsoft Visual Studio/2022/Community/MSBuild/Current/Bin/Roslyn/link.exe"
      - "C:/src/vcpkg/installed/x64-windows-static/Program Files/Microsoft Visual Studio/2022/Community/MSBuild/Current/Bin/Roslyn/link"
      - "C:/src/vcpkg/installed/x64-windows-static/Program Files (x86)/Microsoft SDKs/Windows/v10.0A/bin/NETFX 4.8 Tools/x64/link.com"
      - "C:/src/vcpkg/installed/x64-windows-static/Program Files (x86)/Microsoft SDKs/Windows/v10.0A/bin/NETFX 4.8 Tools/x64/link.exe"
      - "C:/src/vcpkg/installed/x64-windows-static/Program Files (x86)/Microsoft SDKs/Windows/v10.0A/bin/NETFX 4.8 Tools/x64/link"
      - "C:/src/vcpkg/installed/x64-windows-static/Program Files/Microsoft Visual Studio/2022/Community/Common7/IDE/CommonExtensions/Microsoft/FSharp/Tools/link.com"
      - "C:/src/vcpkg/installed/x64-windows-static/Program Files/Microsoft Visual Studio/2022/Community/Common7/IDE/CommonExtensions/Microsoft/FSharp/Tools/link.exe"
      - "C:/src/vcpkg/installed/x64-windows-static/Program Files/Microsoft Visual Studio/2022/Community/Common7/IDE/CommonExtensions/Microsoft/FSharp/Tools/link"
      - "C:/src/vcpkg/installed/x64-windows-static/Program Files/Microsoft Visual Studio/2022/Community/Team Tools/DiagnosticsHub/Collector/link.com"
      - "C:/src/vcpkg/installed/x64-windows-static/Program Files/Microsoft Visual Studio/2022/Community/Team Tools/DiagnosticsHub/Collector/link.exe"
      - "C:/src/vcpkg/installed/x64-windows-static/Program Files/Microsoft Visual Studio/2022/Community/Team Tools/DiagnosticsHub/Collector/link"
      - "C:/src/vcpkg/installed/x64-windows-static/Program Files (x86)/Windows Kits/10/bin/10.0.26100.0/x64/link.com"
      - "C:/src/vcpkg/installed/x64-windows-static/Program Files (x86)/Windows Kits/10/bin/10.0.26100.0/x64/link.exe"
      - "C:/src/vcpkg/installed/x64-windows-static/Program Files (x86)/Windows Kits/10/bin/10.0.26100.0/x64/link"
      - "C:/src/vcpkg/installed/x64-windows-static/Program Files (x86)/Windows Kits/10/bin/x64/link.com"
      - "C:/src/vcpkg/installed/x64-windows-static/Program Files (x86)/Windows Kits/10/bin/x64/link.exe"
      - "C:/src/vcpkg/installed/x64-windows-static/Program Files (x86)/Windows Kits/10/bin/x64/link"
      - "C:/src/vcpkg/installed/x64-windows-static/Program Files/Microsoft Visual Studio/2022/Community/MSBuild/Current/Bin/amd64/link.com"
      - "C:/src/vcpkg/installed/x64-windows-static/Program Files/Microsoft Visual Studio/2022/Community/MSBuild/Current/Bin/amd64/link.exe"
      - "C:/src/vcpkg/installed/x64-windows-static/Program Files/Microsoft Visual Studio/2022/Community/MSBuild/Current/Bin/amd64/link"
      - "C:/src/vcpkg/installed/x64-windows-static/Windows/Microsoft.NET/Framework64/v4.0.30319/link.com"
      - "C:/src/vcpkg/installed/x64-windows-static/Windows/Microsoft.NET/Framework64/v4.0.30319/link.exe"
      - "C:/src/vcpkg/installed/x64-windows-static/Windows/Microsoft.NET/Framework64/v4.0.30319/link"
      - "C:/src/vcpkg/installed/x64-windows-static/Program Files/Microsoft Visual Studio/2022/Community/Common7/IDE/link.com"
      - "C:/src/vcpkg/installed/x64-windows-static/Program Files/Microsoft Visual Studio/2022/Community/Common7/IDE/link.exe"
      - "C:/src/vcpkg/installed/x64-windows-static/Program Files/Microsoft Visual Studio/2022/Community/Common7/IDE/link"
      - "C:/src/vcpkg/installed/x64-windows-static/Program Files/Microsoft Visual Studio/2022/Community/Common7/Tools/link.com"
      - "C:/src/vcpkg/installed/x64-windows-static/Program Files/Microsoft Visual Studio/2022/Community/Common7/Tools/link.exe"
      - "C:/src/vcpkg/installed/x64-windows-static/Program Files/Microsoft Visual Studio/2022/Community/Common7/Tools/link"
      - "C:/src/vcpkg/installed/x64-windows-static/src/vcpkg/downloads/tools/powershell-core-7.6.4-windows/link.com"
      - "C:/src/vcpkg/installed/x64-windows-static/src/vcpkg/downloads/tools/powershell-core-7.6.4-windows/link.exe"
      - "C:/src/vcpkg/installed/x64-windows-static/src/vcpkg/downloads/tools/powershell-core-7.6.4-windows/link"
      - "C:/src/vcpkg/installed/x64-windows-static/Windows/System32/link.com"
      - "C:/src/vcpkg/installed/x64-windows-static/Windows/System32/link.exe"
      - "C:/src/vcpkg/installed/x64-windows-static/Windows/System32/link"
      - "C:/src/vcpkg/installed/x64-windows-static/Windows/link.com"
      - "C:/src/vcpkg/installed/x64-windows-static/Windows/link.exe"
      - "C:/src/vcpkg/installed/x64-windows-static/Windows/link"
      - "C:/src/vcpkg/installed/x64-windows-static/Windows/System32/wbem/link.com"
      - "C:/src/vcpkg/installed/x64-windows-static/Windows/System32/wbem/link.exe"
      - "C:/src/vcpkg/installed/x64-windows-static/Windows/System32/wbem/link"
      - "C:/src/vcpkg/installed/x64-windows-static/Windows/System32/WindowsPowerShell/v1.0/link.com"
      - "C:/src/vcpkg/installed/x64-windows-static/Windows/System32/WindowsPowerShell/v1.0/link.exe"
      - "C:/src/vcpkg/installed/x64-windows-static/Windows/System32/WindowsPowerShell/v1.0/link"
      - "C:/src/vcpkg/installed/x64-windows-static/Windows/System32/OpenSSH/link.com"
      - "C:/src/vcpkg/installed/x64-windows-static/Windows/System32/OpenSSH/link.exe"
      - "C:/src/vcpkg/installed/x64-windows-static/Windows/System32/OpenSSH/link"
      - "C:/src/vcpkg/installed/x64-windows-static/Program Files/Microsoft Visual Studio/2022/Community/Common7/IDE/CommonExtensions/Microsoft/CMake/CMake/bin/link.com"
      - "C:/src/vcpkg/installed/x64-windows-static/Program Files/Microsoft Visual Studio/2022/Community/Common7/IDE/CommonExtensions/Microsoft/CMake/CMake/bin/link.exe"
      - "C:/src/vcpkg/installed/x64-windows-static/Program Files/Microsoft Visual Studio/2022/Community/Common7/IDE/CommonExtensions/Microsoft/CMake/CMake/bin/link"
      - "C:/src/vcpkg/installed/x64-windows-static/Program Files/Microsoft Visual Studio/2022/Community/Common7/IDE/CommonExtensions/Microsoft/CMake/Ninja/link.com"
      - "C:/src/vcpkg/installed/x64-windows-static/Program Files/Microsoft Visual Studio/2022/Community/Common7/IDE/CommonExtensions/Microsoft/CMake/Ninja/link.exe"
      - "C:/src/vcpkg/installed/x64-windows-static/Program Files/Microsoft Visual Studio/2022/Community/Common7/IDE/CommonExtensions/Microsoft/CMake/Ninja/link"
      - "C:/src/vcpkg/installed/x64-windows-static/Program Files/Microsoft Visual Studio/2022/Community/Common7/IDE/VC/Linux/bin/ConnectionManagerExe/link.com"
      - "C:/src/vcpkg/installed/x64-windows-static/Program Files/Microsoft Visual Studio/2022/Community/Common7/IDE/VC/Linux/bin/ConnectionManagerExe/link.exe"
      - "C:/src/vcpkg/installed/x64-windows-static/Program Files/Microsoft Visual Studio/2022/Community/Common7/IDE/VC/Linux/bin/ConnectionManagerExe/link"
      - "C:/src/vcpkg/installed/x64-windows-static/Program Files/Microsoft Visual Studio/2022/Community/VC/vcpkg/link.com"
      - "C:/src/vcpkg/installed/x64-windows-static/Program Files/Microsoft Visual Studio/2022/Community/VC/vcpkg/link.exe"
      - "C:/src/vcpkg/installed/x64-windows-static/Program Files/Microsoft Visual Studio/2022/Community/VC/vcpkg/link"
      - "C:/src/vcpkg/installed/x64-windows-static/src/vcpkg/downloads/tools/ninja-1.13.2-windows/link.com"
      - "C:/src/vcpkg/installed/x64-windows-static/src/vcpkg/downloads/tools/ninja-1.13.2-windows/link.exe"
      - "C:/src/vcpkg/installed/x64-windows-static/src/vcpkg/downloads/tools/ninja-1.13.2-windows/link"
      - "C:/src/vcpkg/installed/x64-windows-static/debug/Program Files/Microsoft Visual Studio/2022/Community/VC/Tools/MSVC/14.44.35207/bin/Hostx64/x64/link.com"
      - "C:/src/vcpkg/installed/x64-windows-static/debug/Program Files/Microsoft Visual Studio/2022/Community/VC/Tools/MSVC/14.44.35207/bin/Hostx64/x64/link.exe"
      - "C:/src/vcpkg/installed/x64-windows-static/debug/Program Files/Microsoft Visual Studio/2022/Community/VC/Tools/MSVC/14.44.35207/bin/Hostx64/x64/link"
      - "C:/src/vcpkg/installed/x64-windows-static/debug/Program Files/Microsoft Visual Studio/2022/Community/Common7/IDE/VC/vcpackages/link.com"
      - "C:/src/vcpkg/installed/x64-windows-static/debug/Program Files/Microsoft Visual Studio/2022/Community/Common7/IDE/VC/vcpackages/link.exe"
      - "C:/src/vcpkg/installed/x64-windows-static/debug/Program Files/Microsoft Visual Studio/2022/Community/Common7/IDE/VC/vcpackages/link"
      - "C:/src/vcpkg/installed/x64-windows-static/debug/Program Files/Microsoft Visual Studio/2022/Community/Common7/IDE/CommonExtensions/Microsoft/TestWindow/link.com"
      - "C:/src/vcpkg/installed/x64-windows-static/debug/Program Files/Microsoft Visual Studio/2022/Community/Common7/IDE/CommonExtensions/Microsoft/TestWindow/link.exe"
      - "C:/src/vcpkg/installed/x64-windows-static/debug/Program Files/Microsoft Visual Studio/2022/Community/Common7/IDE/CommonExtensions/Microsoft/TestWindow/link"
      - "C:/src/vcpkg/installed/x64-windows-static/debug/Program Files/Microsoft Visual Studio/2022/Community/Common7/IDE/CommonExtensions/Microsoft/TeamFoundation/Team Explorer/link.com"
      - "C:/src/vcpkg/installed/x64-windows-static/debug/Program Files/Microsoft Visual Studio/2022/Community/Common7/IDE/CommonExtensions/Microsoft/TeamFoundation/Team Explorer/link.exe"
      - "C:/src/vcpkg/installed/x64-windows-static/debug/Program Files/Microsoft Visual Studio/2022/Community/Common7/IDE/CommonExtensions/Microsoft/TeamFoundation/Team Explorer/link"
      - "C:/src/vcpkg/installed/x64-windows-static/debug/Program Files/Microsoft Visual Studio/2022/Community/MSBuild/Current/Bin/Roslyn/link.com"
      - "C:/src/vcpkg/installed/x64-windows-static/debug/Program Files/Microsoft Visual Studio/2022/Community/MSBuild/Current/Bin/Roslyn/link.exe"
      - "C:/src/vcpkg/installed/x64-windows-static/debug/Program Files/Microsoft Visual Studio/2022/Community/MSBuild/Current/Bin/Roslyn/link"
      - "C:/src/vcpkg/installed/x64-windows-static/debug/Program Files (x86)/Microsoft SDKs/Windows/v10.0A/bin/NETFX 4.8 Tools/x64/link.com"
      - "C:/src/vcpkg/installed/x64-windows-static/debug/Program Files (x86)/Microsoft SDKs/Windows/v10.0A/bin/NETFX 4.8 Tools/x64/link.exe"
      - "C:/src/vcpkg/installed/x64-windows-static/debug/Program Files (x86)/Microsoft SDKs/Windows/v10.0A/bin/NETFX 4.8 Tools/x64/link"
      - "C:/src/vcpkg/installed/x64-windows-static/debug/Program Files/Microsoft Visual Studio/2022/Community/Common7/IDE/CommonExtensions/Microsoft/FSharp/Tools/link.com"
      - "C:/src/vcpkg/installed/x64-windows-static/debug/Program Files/Microsoft Visual Studio/2022/Community/Common7/IDE/CommonExtensions/Microsoft/FSharp/Tools/link.exe"
      - "C:/src/vcpkg/installed/x64-windows-static/debug/Program Files/Microsoft Visual Studio/2022/Community/Common7/IDE/CommonExtensions/Microsoft/FSharp/Tools/link"
      - "C:/src/vcpkg/installed/x64-windows-static/debug/Program Files/Microsoft Visual Studio/2022/Community/Team Tools/DiagnosticsHub/Collector/link.com"
      - "C:/src/vcpkg/installed/x64-windows-static/debug/Program Files/Microsoft Visual Studio/2022/Community/Team Tools/DiagnosticsHub/Collector/link.exe"
      - "C:/src/vcpkg/installed/x64-windows-static/debug/Program Files/Microsoft Visual Studio/2022/Community/Team Tools/DiagnosticsHub/Collector/link"
      - "C:/src/vcpkg/installed/x64-windows-static/debug/Program Files (x86)/Windows Kits/10/bin/10.0.26100.0/x64/link.com"
      - "C:/src/vcpkg/installed/x64-windows-static/debug/Program Files (x86)/Windows Kits/10/bin/10.0.26100.0/x64/link.exe"
      - "C:/src/vcpkg/installed/x64-windows-static/debug/Program Files (x86)/Windows Kits/10/bin/10.0.26100.0/x64/link"
      - "C:/src/vcpkg/installed/x64-windows-static/debug/Program Files (x86)/Windows Kits/10/bin/x64/link.com"
      - "C:/src/vcpkg/installed/x64-windows-static/debug/Program Files (x86)/Windows Kits/10/bin/x64/link.exe"
      - "C:/src/vcpkg/installed/x64-windows-static/debug/Program Files (x86)/Windows Kits/10/bin/x64/link"
      - "C:/src/vcpkg/installed/x64-windows-static/debug/Program Files/Microsoft Visual Studio/2022/Community/MSBuild/Current/Bin/amd64/link.com"
      - "C:/src/vcpkg/installed/x64-windows-static/debug/Program Files/Microsoft Visual Studio/2022/Community/MSBuild/Current/Bin/amd64/link.exe"
      - "C:/src/vcpkg/installed/x64-windows-static/debug/Program Files/Microsoft Visual Studio/2022/Community/MSBuild/Current/Bin/amd64/link"
      - "C:/src/vcpkg/installed/x64-windows-static/debug/Windows/Microsoft.NET/Framework64/v4.0.30319/link.com"
      - "C:/src/vcpkg/installed/x64-windows-static/debug/Windows/Microsoft.NET/Framework64/v4.0.30319/link.exe"
      - "C:/src/vcpkg/installed/x64-windows-static/debug/Windows/Microsoft.NET/Framework64/v4.0.30319/link"
      - "C:/src/vcpkg/installed/x64-windows-static/debug/Program Files/Microsoft Visual Studio/2022/Community/Common7/IDE/link.com"
      - "C:/src/vcpkg/installed/x64-windows-static/debug/Program Files/Microsoft Visual Studio/2022/Community/Common7/IDE/link.exe"
      - "C:/src/vcpkg/installed/x64-windows-static/debug/Program Files/Microsoft Visual Studio/2022/Community/Common7/IDE/link"
      - "C:/src/vcpkg/installed/x64-windows-static/debug/Program Files/Microsoft Visual Studio/2022/Community/Common7/Tools/link.com"
      - "C:/src/vcpkg/installed/x64-windows-static/debug/Program Files/Microsoft Visual Studio/2022/Community/Common7/Tools/link.exe"
      - "C:/src/vcpkg/installed/x64-windows-static/debug/Program Files/Microsoft Visual Studio/2022/Community/Common7/Tools/link"
      - "C:/src/vcpkg/installed/x64-windows-static/debug/src/vcpkg/downloads/tools/powershell-core-7.6.4-windows/link.com"
      - "C:/src/vcpkg/installed/x64-windows-static/debug/src/vcpkg/downloads/tools/powershell-core-7.6.4-windows/link.exe"
      - "C:/src/vcpkg/installed/x64-windows-static/debug/src/vcpkg/downloads/tools/powershell-core-7.6.4-windows/link"
      - "C:/src/vcpkg/installed/x64-windows-static/debug/Windows/System32/link.com"
      - "C:/src/vcpkg/installed/x64-windows-static/debug/Windows/System32/link.exe"
      - "C:/src/vcpkg/installed/x64-windows-static/debug/Windows/System32/link"
      - "C:/src/vcpkg/installed/x64-windows-static/debug/Windows/link.com"
      - "C:/src/vcpkg/installed/x64-windows-static/debug/Windows/link.exe"
      - "C:/src/vcpkg/installed/x64-windows-static/debug/Windows/link"
      - "C:/src/vcpkg/installed/x64-windows-static/debug/Windows/System32/wbem/link.com"
      - "C:/src/vcpkg/installed/x64-windows-static/debug/Windows/System32/wbem/link.exe"
      - "C:/src/vcpkg/installed/x64-windows-static/debug/Windows/System32/wbem/link"
      - "C:/src/vcpkg/installed/x64-windows-static/debug/Windows/System32/WindowsPowerShell/v1.0/link.com"
      - "C:/src/vcpkg/installed/x64-windows-static/debug/Windows/System32/WindowsPowerShell/v1.0/link.exe"
      - "C:/src/vcpkg/installed/x64-windows-static/debug/Windows/System32/WindowsPowerShell/v1.0/link"
      - "C:/src/vcpkg/installed/x64-windows-static/debug/Windows/System32/OpenSSH/link.com"
      - "C:/src/vcpkg/installed/x64-windows-static/debug/Windows/System32/OpenSSH/link.exe"
      - "C:/src/vcpkg/installed/x64-windows-static/debug/Windows/System32/OpenSSH/link"
      - "C:/src/vcpkg/installed/x64-windows-static/debug/Program Files/Microsoft Visual Studio/2022/Community/Common7/IDE/CommonExtensions/Microsoft/CMake/CMake/bin/link.com"
      - "C:/src/vcpkg/installed/x64-windows-static/debug/Program Files/Microsoft Visual Studio/2022/Community/Common7/IDE/CommonExtensions/Microsoft/CMake/CMake/bin/link.exe"
      - "C:/src/vcpkg/installed/x64-windows-static/debug/Program Files/Microsoft Visual Studio/2022/Community/Common7/IDE/CommonExtensions/Microsoft/CMake/CMake/bin/link"
      - "C:/src/vcpkg/installed/x64-windows-static/debug/Program Files/Microsoft Visual Studio/2022/Community/Common7/IDE/CommonExtensions/Microsoft/CMake/Ninja/link.com"
      - "C:/src/vcpkg/installed/x64-windows-static/debug/Program Files/Microsoft Visual Studio/2022/Community/Common7/IDE/CommonExtensions/Microsoft/CMake/Ninja/link.exe"
      - "C:/src/vcpkg/installed/x64-windows-static/debug/Program Files/Microsoft Visual Studio/2022/Community/Common7/IDE/CommonExtensions/Microsoft/CMake/Ninja/link"
      - "C:/src/vcpkg/installed/x64-windows-static/debug/Program Files/Microsoft Visual Studio/2022/Community/Common7/IDE/VC/Linux/bin/ConnectionManagerExe/link.com"
      - "C:/src/vcpkg/installed/x64-windows-static/debug/Program Files/Microsoft Visual Studio/2022/Community/Common7/IDE/VC/Linux/bin/ConnectionManagerExe/link.exe"
      - "C:/src/vcpkg/installed/x64-windows-static/debug/Program Files/Microsoft Visual Studio/2022/Community/Common7/IDE/VC/Linux/bin/ConnectionManagerExe/link"
      - "C:/src/vcpkg/installed/x64-windows-static/debug/Program Files/Microsoft Visual Studio/2022/Community/VC/vcpkg/link.com"
      - "C:/src/vcpkg/installed/x64-windows-static/debug/Program Files/Microsoft Visual Studio/2022/Community/VC/vcpkg/link.exe"
      - "C:/src/vcpkg/installed/x64-windows-static/debug/Program Files/Microsoft Visual Studio/2022/Community/VC/vcpkg/link"
      - "C:/src/vcpkg/installed/x64-windows-static/debug/src/vcpkg/downloads/tools/ninja-1.13.2-windows/link.com"
      - "C:/src/vcpkg/installed/x64-windows-static/debug/src/vcpkg/downloads/tools/ninja-1.13.2-windows/link.exe"
      - "C:/src/vcpkg/installed/x64-windows-static/debug/src/vcpkg/downloads/tools/ninja-1.13.2-windows/link"
      - "C:/Program Files/Microsoft Visual Studio/2022/Community/VC/Tools/MSVC/14.44.35207/bin/Hostx64/x64/link.com"
    found: "C:/Program Files/Microsoft Visual Studio/2022/Community/VC/Tools/MSVC/14.44.35207/bin/Hostx64/x64/link.exe"
    search_context:
      CMAKE_PROGRAM_PATH:
        - "C:/src/vcpkg/installed/x64-windows-static/tools"
      CMAKE_PREFIX_PATH:
        - "C:/src/vcpkg/installed/x64-windows-static"
        - "C:/src/vcpkg/installed/x64-windows-static/debug"
      ENV{PATH}:
        - "C:\\Program Files\\Microsoft Visual Studio\\2022\\Community\\VC\\Tools\\MSVC\\14.44.35207\\bin\\HostX64\\x64"
        - "C:\\Program Files\\Microsoft Visual Studio\\2022\\Community\\Common7\\IDE\\VC\\VCPackages"
        - "C:\\Program Files\\Microsoft Visual Studio\\2022\\Community\\Common7\\IDE\\CommonExtensions\\Microsoft\\TestWindow"
        - "C:\\Program Files\\Microsoft Visual Studio\\2022\\Community\\Common7\\IDE\\CommonExtensions\\Microsoft\\TeamFoundation\\Team Explorer"
        - "C:\\Program Files\\Microsoft Visual Studio\\2022\\Community\\MSBuild\\Current\\bin\\Roslyn"
        - "C:\\Program Files (x86)\\Microsoft SDKs\\Windows\\v10.0A\\bin\\NETFX 4.8 Tools\\x64\\"
        - "C:\\Program Files\\Microsoft Visual Studio\\2022\\Community\\Common7\\IDE\\CommonExtensions\\Microsoft\\FSharp\\Tools"
        - "C:\\Program Files\\Microsoft Visual Studio\\2022\\Community\\Team Tools\\DiagnosticsHub\\Collector"
        - "C:\\Program Files (x86)\\Windows Kits\\10\\bin\\10.0.26100.0\\x64"
        - "C:\\Program Files (x86)\\Windows Kits\\10\\bin\\x64"
        - "C:\\Program Files\\Microsoft Visual Studio\\2022\\Community\\MSBuild\\Current\\Bin\\amd64"
        - "C:\\Windows\\Microsoft.NET\\Framework64\\v4.0.30319"
        - "C:\\Program Files\\Microsoft Visual Studio\\2022\\Community\\Common7\\IDE\\"
        - "C:\\Program Files\\Microsoft Visual Studio\\2022\\Community\\Common7\\Tools\\"
        - "C:\\src\\vcpkg\\downloads\\tools\\powershell-core-7.6.4-windows"
        - "C:\\WINDOWS\\system32"
        - "C:\\WINDOWS"
        - "C:\\WINDOWS\\system32\\Wbem"
        - "C:\\WINDOWS\\system32\\WindowsPowerShell\\v1.0\\"
        - "C:\\WINDOWS\\system32\\OpenSSH\\"
        - "C:\\Program Files\\Microsoft Visual Studio\\2022\\Community\\Common7\\IDE\\CommonExtensions\\Microsoft\\CMake\\CMake\\bin"
        - "C:\\Program Files\\Microsoft Visual Studio\\2022\\Community\\Common7\\IDE\\CommonExtensions\\Microsoft\\CMake\\Ninja"
        - "C:\\Program Files\\Microsoft Visual Studio\\2022\\Community\\Common7\\IDE\\VC\\Linux\\bin\\ConnectionManagerExe"
        - "C:\\Program Files\\Microsoft Visual Studio\\2022\\Community\\VC\\vcpkg"
        - "C:\\src\\vcpkg\\downloads\\tools\\ninja-1.13.2-windows"
      CMAKE_INSTALL_PREFIX: "C:/src/vcpkg/packages/sdl2_x64-windows-static"
      CMAKE_FIND_ROOT_PATH: "C:/src/vcpkg/installed/x64-windows-static;C:/src/vcpkg/installed/x64-windows-static/debug"
  -
    kind: "find-v1"
    backtrace:
      - "C:/Program Files/CMake/share/cmake-4.4/Modules/CMakeFindBinUtils.cmake:37 (find_program)"
      - "C:/Program Files/CMake/share/cmake-4.4/Modules/CMakeFindBinUtils.cmake:64 (__resolve_tool_path)"
      - "C:/Program Files/CMake/share/cmake-4.4/Modules/CMakeFindBinUtils.cmake:103 (__resolve_linker_path)"
      - "C:/Program Files/CMake/share/cmake-4.4/Modules/CMakeDetermineCCompiler.cmake:200 (include)"
      - "CMakeLists.txt:9 (project)"
    mode: "program"
    variable: "_CMAKE_TOOL_WITH_PATH"
    description: "Path to a program."
    settings:
      SearchFramework: "LAST"
      SearchAppBundle: "LAST"
      CMAKE_FIND_USE_CMAKE_PATH: false
      CMAKE_FIND_USE_CMAKE_ENVIRONMENT_PATH: false
      CMAKE_FIND_USE_SYSTEM_ENVIRONMENT_PATH: true
      CMAKE_FIND_USE_CMAKE_SYSTEM_PATH: true
      CMAKE_FIND_USE_INSTALL_PREFIX: true
    names:
      - "lld-link"
    candidate_directories:
      - "C:/src/vcpkg/installed/x64-windows-static/Program Files/Microsoft Visual Studio/2022/Community/VC/Tools/MSVC/14.44.35207/bin/Hostx64/x64/"
      - "C:/src/vcpkg/installed/x64-windows-static/Program Files/Microsoft Visual Studio/2022/Community/Common7/IDE/VC/vcpackages/"
      - "C:/src/vcpkg/installed/x64-windows-static/Program Files/Microsoft Visual Studio/2022/Community/Common7/IDE/CommonExtensions/Microsoft/TestWindow/"
      - "C:/src/vcpkg/installed/x64-windows-static/Program Files/Microsoft Visual Studio/2022/Community/Common7/IDE/CommonExtensions/Microsoft/TeamFoundation/Team Explorer/"
      - "C:/src/vcpkg/installed/x64-windows-static/Program Files/Microsoft Visual Studio/2022/Community/MSBuild/Current/Bin/Roslyn/"
      - "C:/src/vcpkg/installed/x64-windows-static/Program Files (x86)/Microsoft SDKs/Windows/v10.0A/bin/NETFX 4.8 Tools/x64/"
      - "C:/src/vcpkg/installed/x64-windows-static/Program Files/Microsoft Visual Studio/2022/Community/Common7/IDE/CommonExtensions/Microsoft/FSharp/Tools/"
      - "C:/src/vcpkg/installed/x64-windows-static/Program Files/Microsoft Visual Studio/2022/Community/Team Tools/DiagnosticsHub/Collector/"
      - "C:/src/vcpkg/installed/x64-windows-static/Program Files (x86)/Windows Kits/10/bin/10.0.26100.0/x64/"
      - "C:/src/vcpkg/installed/x64-windows-static/Program Files (x86)/Windows Kits/10/bin/x64/"
      - "C:/src/vcpkg/installed/x64-windows-static/Program Files/Microsoft Visual Studio/2022/Community/MSBuild/Current/Bin/amd64/"
      - "C:/src/vcpkg/installed/x64-windows-static/Windows/Microsoft.NET/Framework64/v4.0.30319/"
      - "C:/src/vcpkg/installed/x64-windows-static/Program Files/Microsoft Visual Studio/2022/Community/Common7/IDE/"
      - "C:/src/vcpkg/installed/x64-windows-static/Program Files/Microsoft Visual Studio/2022/Community/Common7/Tools/"
      - "C:/src/vcpkg/installed/x64-windows-static/src/vcpkg/downloads/tools/powershell-core-7.6.4-windows/"
      - "C:/src/vcpkg/installed/x64-windows-static/Windows/System32/"
      - "C:/src/vcpkg/installed/x64-windows-static/Windows/"
      - "C:/src/vcpkg/installed/x64-windows-static/Windows/System32/wbem/"
      - "C:/src/vcpkg/installed/x64-windows-static/Windows/System32/WindowsPowerShell/v1.0/"
      - "C:/src/vcpkg/installed/x64-windows-static/Windows/System32/OpenSSH/"
      - "C:/src/vcpkg/installed/x64-windows-static/Program Files/Microsoft Visual Studio/2022/Community/Common7/IDE/CommonExtensions/Microsoft/CMake/CMake/bin/"
      - "C:/src/vcpkg/installed/x64-windows-static/Program Files/Microsoft Visual Studio/2022/Community/Common7/IDE/CommonExtensions/Microsoft/CMake/Ninja/"
      - "C:/src/vcpkg/installed/x64-windows-static/Program Files/Microsoft Visual Studio/2022/Community/Common7/IDE/VC/Linux/bin/ConnectionManagerExe/"
      - "C:/src/vcpkg/installed/x64-windows-static/Program Files/Microsoft Visual Studio/2022/Community/VC/vcpkg/"
      - "C:/src/vcpkg/installed/x64-windows-static/src/vcpkg/downloads/tools/ninja-1.13.2-windows/"
      - "C:/src/vcpkg/installed/x64-windows-static/debug/Program Files/Microsoft Visual Studio/2022/Community/VC/Tools/MSVC/14.44.35207/bin/Hostx64/x64/"
      - "C:/src/vcpkg/installed/x64-windows-static/debug/Program Files/Microsoft Visual Studio/2022/Community/Common7/IDE/VC/vcpackages/"
      - "C:/src/vcpkg/installed/x64-windows-static/debug/Program Files/Microsoft Visual Studio/2022/Community/Common7/IDE/CommonExtensions/Microsoft/TestWindow/"
      - "C:/src/vcpkg/installed/x64-windows-static/debug/Program Files/Microsoft Visual Studio/2022/Community/Common7/IDE/CommonExtensions/Microsoft/TeamFoundation/Team Explorer/"
      - "C:/src/vcpkg/installed/x64-windows-static/debug/Program Files/Microsoft Visual Studio/2022/Community/MSBuild/Current/Bin/Roslyn/"
      - "C:/src/vcpkg/installed/x64-windows-static/debug/Program Files (x86)/Microsoft SDKs/Windows/v10.0A/bin/NETFX 4.8 Tools/x64/"
      - "C:/src/vcpkg/installed/x64-windows-static/debug/Program Files/Microsoft Visual Studio/2022/Community/Common7/IDE/CommonExtensions/Microsoft/FSharp/Tools/"
      - "C:/src/vcpkg/installed/x64-windows-static/debug/Program Files/Microsoft Visual Studio/2022/Community/Team Tools/DiagnosticsHub/Collector/"
      - "C:/src/vcpkg/installed/x64-windows-static/debug/Program Files (x86)/Windows Kits/10/bin/10.0.26100.0/x64/"
      - "C:/src/vcpkg/installed/x64-windows-static/debug/Program Files (x86)/Windows Kits/10/bin/x64/"
      - "C:/src/vcpkg/installed/x64-windows-static/debug/Program Files/Microsoft Visual Studio/2022/Community/MSBuild/Current/Bin/amd64/"
      - "C:/src/vcpkg/installed/x64-windows-static/debug/Windows/Microsoft.NET/Framework64/v4.0.30319/"
      - "C:/src/vcpkg/installed/x64-windows-static/debug/Program Files/Microsoft Visual Studio/2022/Community/Common7/IDE/"
      - "C:/src/vcpkg/installed/x64-windows-static/debug/Program Files/Microsoft Visual Studio/2022/Community/Common7/Tools/"
      - "C:/src/vcpkg/installed/x64-windows-static/debug/src/vcpkg/downloads/tools/powershell-core-7.6.4-windows/"
      - "C:/src/vcpkg/installed/x64-windows-static/debug/Windows/System32/"
      - "C:/src/vcpkg/installed/x64-windows-static/debug/Windows/"
      - "C:/src/vcpkg/installed/x64-windows-static/debug/Windows/System32/wbem/"
      - "C:/src/vcpkg/installed/x64-windows-static/debug/Windows/System32/WindowsPowerShell/v1.0/"
      - "C:/src/vcpkg/installed/x64-windows-static/debug/Windows/System32/OpenSSH/"
      - "C:/src/vcpkg/installed/x64-windows-static/debug/Program Files/Microsoft Visual Studio/2022/Community/Common7/IDE/CommonExtensions/Microsoft/CMake/CMake/bin/"
      - "C:/src/vcpkg/installed/x64-windows-static/debug/Program Files/Microsoft Visual Studio/2022/Community/Common7/IDE/CommonExtensions/Microsoft/CMake/Ninja/"
      - "C:/src/vcpkg/installed/x64-windows-static/debug/Program Files/Microsoft Visual Studio/2022/Community/Common7/IDE/VC/Linux/bin/ConnectionManagerExe/"
      - "C:/src/vcpkg/installed/x64-windows-static/debug/Program Files/Microsoft Visual Studio/2022/Community/VC/vcpkg/"
      - "C:/src/vcpkg/installed/x64-windows-static/debug/src/vcpkg/downloads/tools/ninja-1.13.2-windows/"
      - "C:/Program Files/Microsoft Visual Studio/2022/Community/VC/Tools/MSVC/14.44.35207/bin/Hostx64/x64/"
      - "C:/Program Files/Microsoft Visual Studio/2022/Community/Common7/IDE/VC/vcpackages/"
      - "C:/Program Files/Microsoft Visual Studio/2022/Community/Common7/IDE/CommonExtensions/Microsoft/TestWindow/"
      - "C:/Program Files/Microsoft Visual Studio/2022/Community/Common7/IDE/CommonExtensions/Microsoft/TeamFoundation/Team Explorer/"
      - "C:/Program Files/Microsoft Visual Studio/2022/Community/MSBuild/Current/Bin/Roslyn/"
      - "C:/Program Files (x86)/Microsoft SDKs/Windows/v10.0A/bin/NETFX 4.8 Tools/x64/"
      - "C:/Program Files/Microsoft Visual Studio/2022/Community/Common7/IDE/CommonExtensions/Microsoft/FSharp/Tools/"
      - "C:/Program Files/Microsoft Visual Studio/2022/Community/Team Tools/DiagnosticsHub/Collector/"
      - "C:/Program Files (x86)/Windows Kits/10/bin/10.0.26100.0/x64/"
      - "C:/Program Files (x86)/Windows Kits/10/bin/x64/"
      - "C:/Program Files/Microsoft Visual Studio/2022/Community/MSBuild/Current/Bin/amd64/"
      - "C:/Windows/Microsoft.NET/Framework64/v4.0.30319/"
      - "C:/Program Files/Microsoft Visual Studio/2022/Community/Common7/IDE/"
      - "C:/Program Files/Microsoft Visual Studio/2022/Community/Common7/Tools/"
      - "C:/src/vcpkg/downloads/tools/powershell-core-7.6.4-windows/"
      - "C:/Windows/System32/"
      - "C:/Windows/"
      - "C:/Windows/System32/wbem/"
      - "C:/Windows/System32/WindowsPowerShell/v1.0/"
      - "C:/Windows/System32/OpenSSH/"
      - "C:/Program Files/Microsoft Visual Studio/2022/Community/Common7/IDE/CommonExtensions/Microsoft/CMake/CMake/bin/"
      - "C:/Program Files/Microsoft Visual Studio/2022/Community/Common7/IDE/CommonExtensions/Microsoft/CMake/Ninja/"
      - "C:/Program Files/Microsoft Visual Studio/2022/Community/Common7/IDE/VC/Linux/bin/ConnectionManagerExe/"
      - "C:/Program Files/Microsoft Visual Studio/2022/Community/VC/vcpkg/"
      - "C:/src/vcpkg/downloads/tools/ninja-1.13.2-windows/"
    searched_directories:
      - "C:/src/vcpkg/installed/x64-windows-static/Program Files/Microsoft Visual Studio/2022/Community/VC/Tools/MSVC/14.44.35207/bin/Hostx64/x64/lld-link.com"
      - "C:/src/vcpkg/installed/x64-windows-static/Program Files/Microsoft Visual Studio/2022/Community/VC/Tools/MSVC/14.44.35207/bin/Hostx64/x64/lld-link.exe"
      - "C:/src/vcpkg/installed/x64-windows-static/Program Files/Microsoft Visual Studio/2022/Community/VC/Tools/MSVC/14.44.35207/bin/Hostx64/x64/lld-link"
      - "C:/src/vcpkg/installed/x64-windows-static/Program Files/Microsoft Visual Studio/2022/Community/Common7/IDE/VC/vcpackages/lld-link.com"
      - "C:/src/vcpkg/installed/x64-windows-static/Program Files/Microsoft Visual Studio/2022/Community/Common7/IDE/VC/vcpackages/lld-link.exe"
      - "C:/src/vcpkg/installed/x64-windows-static/Program Files/Microsoft Visual Studio/2022/Community/Common7/IDE/VC/vcpackages/lld-link"
      - "C:/src/vcpkg/installed/x64-windows-static/Program Files/Microsoft Visual Studio/2022/Community/Common7/IDE/CommonExtensions/Microsoft/TestWindow/lld-link.com"
      - "C:/src/vcpkg/installed/x64-windows-static/Program Files/Microsoft Visual Studio/2022/Community/Common7/IDE/CommonExtensions/Microsoft/TestWindow/lld-link.exe"
      - "C:/src/vcpkg/installed/x64-windows-static/Program Files/Microsoft Visual Studio/2022/Community/Common7/IDE/CommonExtensions/Microsoft/TestWindow/lld-link"
      - "C:/src/vcpkg/installed/x64-windows-static/Program Files/Microsoft Visual Studio/2022/Community/Common7/IDE/CommonExtensions/Microsoft/TeamFoundation/Team Explorer/lld-link.com"
      - "C:/src/vcpkg/installed/x64-windows-static/Program Files/Microsoft Visual Studio/2022/Community/Common7/IDE/CommonExtensions/Microsoft/TeamFoundation/Team Explorer/lld-link.exe"
      - "C:/src/vcpkg/installed/x64-windows-static/Program Files/Microsoft Visual Studio/2022/Community/Common7/IDE/CommonExtensions/Microsoft/TeamFoundation/Team Explorer/lld-link"
      - "C:/src/vcpkg/installed/x64-windows-static/Program Files/Microsoft Visual Studio/2022/Community/MSBuild/Current/Bin/Roslyn/lld-link.com"
      - "C:/src/vcpkg/installed/x64-windows-static/Program Files/Microsoft Visual Studio/2022/Community/MSBuild/Current/Bin/Roslyn/lld-link.exe"
      - "C:/src/vcpkg/installed/x64-windows-static/Program Files/Microsoft Visual Studio/2022/Community/MSBuild/Current/Bin/Roslyn/lld-link"
      - "C:/src/vcpkg/installed/x64-windows-static/Program Files (x86)/Microsoft SDKs/Windows/v10.0A/bin/NETFX 4.8 Tools/x64/lld-link.com"
      - "C:/src/vcpkg/installed/x64-windows-static/Program Files (x86)/Microsoft SDKs/Windows/v10.0A/bin/NETFX 4.8 Tools/x64/lld-link.exe"
      - "C:/src/vcpkg/installed/x64-windows-static/Program Files (x86)/Microsoft SDKs/Windows/v10.0A/bin/NETFX 4.8 Tools/x64/lld-link"
      - "C:/src/vcpkg/installed/x64-windows-static/Program Files/Microsoft Visual Studio/2022/Community/Common7/IDE/CommonExtensions/Microsoft/FSharp/Tools/lld-link.com"
      - "C:/src/vcpkg/installed/x64-windows-static/Program Files/Microsoft Visual Studio/2022/Community/Common7/IDE/CommonExtensions/Microsoft/FSharp/Tools/lld-link.exe"
      - "C:/src/vcpkg/installed/x64-windows-static/Program Files/Microsoft Visual Studio/2022/Community/Common7/IDE/CommonExtensions/Microsoft/FSharp/Tools/lld-link"
      - "C:/src/vcpkg/installed/x64-windows-static/Program Files/Microsoft Visual Studio/2022/Community/Team Tools/DiagnosticsHub/Collector/lld-link.com"
      - "C:/src/vcpkg/installed/x64-windows-static/Program Files/Microsoft Visual Studio/2022/Community/Team Tools/DiagnosticsHub/Collector/lld-link.exe"
      - "C:/src/vcpkg/installed/x64-windows-static/Program Files/Microsoft Visual Studio/2022/Community/Team Tools/DiagnosticsHub/Collector/lld-link"
      - "C:/src/vcpkg/installed/x64-windows-static/Program Files (x86)/Windows Kits/10/bin/10.0.26100.0/x64/lld-link.com"
      - "C:/src/vcpkg/installed/x64-windows-static/Program Files (x86)/Windows Kits/10/bin/10.0.26100.0/x64/lld-link.exe"
      - "C:/src/vcpkg/installed/x64-windows-static/Program Files (x86)/Windows Kits/10/bin/10.0.26100.0/x64/lld-link"
      - "C:/src/vcpkg/installed/x64-windows-static/Program Files (x86)/Windows Kits/10/bin/x64/lld-link.com"
      - "C:/src/vcpkg/installed/x64-windows-static/Program Files (x86)/Windows Kits/10/bin/x64/lld-link.exe"
      - "C:/src/vcpkg/installed/x64-windows-static/Program Files (x86)/Windows Kits/10/bin/x64/lld-link"
      - "C:/src/vcpkg/installed/x64-windows-static/Program Files/Microsoft Visual Studio/2022/Community/MSBuild/Current/Bin/amd64/lld-link.com"
      - "C:/src/vcpkg/installed/x64-windows-static/Program Files/Microsoft Visual Studio/2022/Community/MSBuild/Current/Bin/amd64/lld-link.exe"
      - "C:/src/vcpkg/installed/x64-windows-static/Program Files/Microsoft Visual Studio/2022/Community/MSBuild/Current/Bin/amd64/lld-link"
      - "C:/src/vcpkg/installed/x64-windows-static/Windows/Microsoft.NET/Framework64/v4.0.30319/lld-link.com"
      - "C:/src/vcpkg/installed/x64-windows-static/Windows/Microsoft.NET/Framework64/v4.0.30319/lld-link.exe"
      - "C:/src/vcpkg/installed/x64-windows-static/Windows/Microsoft.NET/Framework64/v4.0.30319/lld-link"
      - "C:/src/vcpkg/installed/x64-windows-static/Program Files/Microsoft Visual Studio/2022/Community/Common7/IDE/lld-link.com"
      - "C:/src/vcpkg/installed/x64-windows-static/Program Files/Microsoft Visual Studio/2022/Community/Common7/IDE/lld-link.exe"
      - "C:/src/vcpkg/installed/x64-windows-static/Program Files/Microsoft Visual Studio/2022/Community/Common7/IDE/lld-link"
      - "C:/src/vcpkg/installed/x64-windows-static/Program Files/Microsoft Visual Studio/2022/Community/Common7/Tools/lld-link.com"
      - "C:/src/vcpkg/installed/x64-windows-static/Program Files/Microsoft Visual Studio/2022/Community/Common7/Tools/lld-link.exe"
      - "C:/src/vcpkg/installed/x64-windows-static/Program Files/Microsoft Visual Studio/2022/Community/Common7/Tools/lld-link"
      - "C:/src/vcpkg/installed/x64-windows-static/src/vcpkg/downloads/tools/powershell-core-7.6.4-windows/lld-link.com"
      - "C:/src/vcpkg/installed/x64-windows-static/src/vcpkg/downloads/tools/powershell-core-7.6.4-windows/lld-link.exe"
      - "C:/src/vcpkg/installed/x64-windows-static/src/vcpkg/downloads/tools/powershell-core-7.6.4-windows/lld-link"
      - "C:/src/vcpkg/installed/x64-windows-static/Windows/System32/lld-link.com"
      - "C:/src/vcpkg/installed/x64-windows-static/Windows/System32/lld-link.exe"
      - "C:/src/vcpkg/installed/x64-windows-static/Windows/System32/lld-link"
      - "C:/src/vcpkg/installed/x64-windows-static/Windows/lld-link.com"
      - "C:/src/vcpkg/installed/x64-windows-static/Windows/lld-link.exe"
      - "C:/src/vcpkg/installed/x64-windows-static/Windows/lld-link"
      - "C:/src/vcpkg/installed/x64-windows-static/Windows/System32/wbem/lld-link.com"
      - "C:/src/vcpkg/installed/x64-windows-static/Windows/System32/wbem/lld-link.exe"
      - "C:/src/vcpkg/installed/x64-windows-static/Windows/System32/wbem/lld-link"
      - "C:/src/vcpkg/installed/x64-windows-static/Windows/System32/WindowsPowerShell/v1.0/lld-link.com"
      - "C:/src/vcpkg/installed/x64-windows-static/Windows/System32/WindowsPowerShell/v1.0/lld-link.exe"
      - "C:/src/vcpkg/installed/x64-windows-static/Windows/System32/WindowsPowerShell/v1.0/lld-link"
      - "C:/src/vcpkg/installed/x64-windows-static/Windows/System32/OpenSSH/lld-link.com"
      - "C:/src/vcpkg/installed/x64-windows-static/Windows/System32/OpenSSH/lld-link.exe"
      - "C:/src/vcpkg/installed/x64-windows-static/Windows/System32/OpenSSH/lld-link"
      - "C:/src/vcpkg/installed/x64-windows-static/Program Files/Microsoft Visual Studio/2022/Community/Common7/IDE/CommonExtensions/Microsoft/CMake/CMake/bin/lld-link.com"
      - "C:/src/vcpkg/installed/x64-windows-static/Program Files/Microsoft Visual Studio/2022/Community/Common7/IDE/CommonExtensions/Microsoft/CMake/CMake/bin/lld-link.exe"
      - "C:/src/vcpkg/installed/x64-windows-static/Program Files/Microsoft Visual Studio/2022/Community/Common7/IDE/CommonExtensions/Microsoft/CMake/CMake/bin/lld-link"
      - "C:/src/vcpkg/installed/x64-windows-static/Program Files/Microsoft Visual Studio/2022/Community/Common7/IDE/CommonExtensions/Microsoft/CMake/Ninja/lld-link.com"
      - "C:/src/vcpkg/installed/x64-windows-static/Program Files/Microsoft Visual Studio/2022/Community/Common7/IDE/CommonExtensions/Microsoft/CMake/Ninja/lld-link.exe"
      - "C:/src/vcpkg/installed/x64-windows-static/Program Files/Microsoft Visual Studio/2022/Community/Common7/IDE/CommonExtensions/Microsoft/CMake/Ninja/lld-link"
      - "C:/src/vcpkg/installed/x64-windows-static/Program Files/Microsoft Visual Studio/2022/Community/Common7/IDE/VC/Linux/bin/ConnectionManagerExe/lld-link.com"
      - "C:/src/vcpkg/installed/x64-windows-static/Program Files/Microsoft Visual Studio/2022/Community/Common7/IDE/VC/Linux/bin/ConnectionManagerExe/lld-link.exe"
      - "C:/src/vcpkg/installed/x64-windows-static/Program Files/Microsoft Visual Studio/2022/Community/Common7/IDE/VC/Linux/bin/ConnectionManagerExe/lld-link"
      - "C:/src/vcpkg/installed/x64-windows-static/Program Files/Microsoft Visual Studio/2022/Community/VC/vcpkg/lld-link.com"
      - "C:/src/vcpkg/installed/x64-windows-static/Program Files/Microsoft Visual Studio/2022/Community/VC/vcpkg/lld-link.exe"
      - "C:/src/vcpkg/installed/x64-windows-static/Program Files/Microsoft Visual Studio/2022/Community/VC/vcpkg/lld-link"
      - "C:/src/vcpkg/installed/x64-windows-static/src/vcpkg/downloads/tools/ninja-1.13.2-windows/lld-link.com"
      - "C:/src/vcpkg/installed/x64-windows-static/src/vcpkg/downloads/tools/ninja-1.13.2-windows/lld-link.exe"
      - "C:/src/vcpkg/installed/x64-windows-static/src/vcpkg/downloads/tools/ninja-1.13.2-windows/lld-link"
      - "C:/src/vcpkg/installed/x64-windows-static/debug/Program Files/Microsoft Visual Studio/2022/Community/VC/Tools/MSVC/14.44.35207/bin/Hostx64/x64/lld-link.com"
      - "C:/src/vcpkg/installed/x64-windows-static/debug/Program Files/Microsoft Visual Studio/2022/Community/VC/Tools/MSVC/14.44.35207/bin/Hostx64/x64/lld-link.exe"
      - "C:/src/vcpkg/installed/x64-windows-static/debug/Program Files/Microsoft Visual Studio/2022/Community/VC/Tools/MSVC/14.44.35207/bin/Hostx64/x64/lld-link"
      - "C:/src/vcpkg/installed/x64-windows-static/debug/Program Files/Microsoft Visual Studio/2022/Community/Common7/IDE/VC/vcpackages/lld-link.com"
      - "C:/src/vcpkg/installed/x64-windows-static/debug/Program Files/Microsoft Visual Studio/2022/Community/Common7/IDE/VC/vcpackages/lld-link.exe"
      - "C:/src/vcpkg/installed/x64-windows-static/debug/Program Files/Microsoft Visual Studio/2022/Community/Common7/IDE/VC/vcpackages/lld-link"
      - "C:/src/vcpkg/installed/x64-windows-static/debug/Program Files/Microsoft Visual Studio/2022/Community/Common7/IDE/CommonExtensions/Microsoft/TestWindow/lld-link.com"
      - "C:/src/vcpkg/installed/x64-windows-static/debug/Program Files/Microsoft Visual Studio/2022/Community/Common7/IDE/CommonExtensions/Microsoft/TestWindow/lld-link.exe"
      - "C:/src/vcpkg/installed/x64-windows-static/debug/Program Files/Microsoft Visual Studio/2022/Community/Common7/IDE/CommonExtensions/Microsoft/TestWindow/lld-link"
      - "C:/src/vcpkg/installed/x64-windows-static/debug/Program Files/Microsoft Visual Studio/2022/Community/Common7/IDE/CommonExtensions/Microsoft/TeamFoundation/Team Explorer/lld-link.com"
      - "C:/src/vcpkg/installed/x64-windows-static/debug/Program Files/Microsoft Visual Studio/2022/Community/Common7/IDE/CommonExtensions/Microsoft/TeamFoundation/Team Explorer/lld-link.exe"
      - "C:/src/vcpkg/installed/x64-windows-static/debug/Program Files/Microsoft Visual Studio/2022/Community/Common7/IDE/CommonExtensions/Microsoft/TeamFoundation/Team Explorer/lld-link"
      - "C:/src/vcpkg/installed/x64-windows-static/debug/Program Files/Microsoft Visual Studio/2022/Community/MSBuild/Current/Bin/Roslyn/lld-link.com"
      - "C:/src/vcpkg/installed/x64-windows-static/debug/Program Files/Microsoft Visual Studio/2022/Community/MSBuild/Current/Bin/Roslyn/lld-link.exe"
      - "C:/src/vcpkg/installed/x64-windows-static/debug/Program Files/Microsoft Visual Studio/2022/Community/MSBuild/Current/Bin/Roslyn/lld-link"
      - "C:/src/vcpkg/installed/x64-windows-static/debug/Program Files (x86)/Microsoft SDKs/Windows/v10.0A/bin/NETFX 4.8 Tools/x64/lld-link.com"
      - "C:/src/vcpkg/installed/x64-windows-static/debug/Program Files (x86)/Microsoft SDKs/Windows/v10.0A/bin/NETFX 4.8 Tools/x64/lld-link.exe"
      - "C:/src/vcpkg/installed/x64-windows-static/debug/Program Files (x86)/Microsoft SDKs/Windows/v10.0A/bin/NETFX 4.8 Tools/x64/lld-link"
      - "C:/src/vcpkg/installed/x64-windows-static/debug/Program Files/Microsoft Visual Studio/2022/Community/Common7/IDE/CommonExtensions/Microsoft/FSharp/Tools/lld-link.com"
      - "C:/src/vcpkg/installed/x64-windows-static/debug/Program Files/Microsoft Visual Studio/2022/Community/Common7/IDE/CommonExtensions/Microsoft/FSharp/Tools/lld-link.exe"
      - "C:/src/vcpkg/installed/x64-windows-static/debug/Program Files/Microsoft Visual Studio/2022/Community/Common7/IDE/CommonExtensions/Microsoft/FSharp/Tools/lld-link"
      - "C:/src/vcpkg/installed/x64-windows-static/debug/Program Files/Microsoft Visual Studio/2022/Community/Team Tools/DiagnosticsHub/Collector/lld-link.com"
      - "C:/src/vcpkg/installed/x64-windows-static/debug/Program Files/Microsoft Visual Studio/2022/Community/Team Tools/DiagnosticsHub/Collector/lld-link.exe"
      - "C:/src/vcpkg/installed/x64-windows-static/debug/Program Files/Microsoft Visual Studio/2022/Community/Team Tools/DiagnosticsHub/Collector/lld-link"
      - "C:/src/vcpkg/installed/x64-windows-static/debug/Program Files (x86)/Windows Kits/10/bin/10.0.26100.0/x64/lld-link.com"
      - "C:/src/vcpkg/installed/x64-windows-static/debug/Program Files (x86)/Windows Kits/10/bin/10.0.26100.0/x64/lld-link.exe"
      - "C:/src/vcpkg/installed/x64-windows-static/debug/Program Files (x86)/Windows Kits/10/bin/10.0.26100.0/x64/lld-link"
      - "C:/src/vcpkg/installed/x64-windows-static/debug/Program Files (x86)/Windows Kits/10/bin/x64/lld-link.com"
      - "C:/src/vcpkg/installed/x64-windows-static/debug/Program Files (x86)/Windows Kits/10/bin/x64/lld-link.exe"
      - "C:/src/vcpkg/installed/x64-windows-static/debug/Program Files (x86)/Windows Kits/10/bin/x64/lld-link"
      - "C:/src/vcpkg/installed/x64-windows-static/debug/Program Files/Microsoft Visual Studio/2022/Community/MSBuild/Current/Bin/amd64/lld-link.com"
      - "C:/src/vcpkg/installed/x64-windows-static/debug/Program Files/Microsoft Visual Studio/2022/Community/MSBuild/Current/Bin/amd64/lld-link.exe"
      - "C:/src/vcpkg/installed/x64-windows-static/debug/Program Files/Microsoft Visual Studio/2022/Community/MSBuild/Current/Bin/amd64/lld-link"
      - "C:/src/vcpkg/installed/x64-windows-static/debug/Windows/Microsoft.NET/Framework64/v4.0.30319/lld-link.com"
      - "C:/src/vcpkg/installed/x64-windows-static/debug/Windows/Microsoft.NET/Framework64/v4.0.30319/lld-link.exe"
      - "C:/src/vcpkg/installed/x64-windows-static/debug/Windows/Microsoft.NET/Framework64/v4.0.30319/lld-link"
      - "C:/src/vcpkg/installed/x64-windows-static/debug/Program Files/Microsoft Visual Studio/2022/Community/Common7/IDE/lld-link.com"
      - "C:/src/vcpkg/installed/x64-windows-static/debug/Program Files/Microsoft Visual Studio/2022/Community/Common7/IDE/lld-link.exe"
      - "C:/src/vcpkg/installed/x64-windows-static/debug/Program Files/Microsoft Visual Studio/2022/Community/Common7/IDE/lld-link"
      - "C:/src/vcpkg/installed/x64-windows-static/debug/Program Files/Microsoft Visual Studio/2022/Community/Common7/Tools/lld-link.com"
      - "C:/src/vcpkg/installed/x64-windows-static/debug/Program Files/Microsoft Visual Studio/2022/Community/Common7/Tools/lld-link.exe"
      - "C:/src/vcpkg/installed/x64-windows-static/debug/Program Files/Microsoft Visual Studio/2022/Community/Common7/Tools/lld-link"
      - "C:/src/vcpkg/installed/x64-windows-static/debug/src/vcpkg/downloads/tools/powershell-core-7.6.4-windows/lld-link.com"
      - "C:/src/vcpkg/installed/x64-windows-static/debug/src/vcpkg/downloads/tools/powershell-core-7.6.4-windows/lld-link.exe"
      - "C:/src/vcpkg/installed/x64-windows-static/debug/src/vcpkg/downloads/tools/powershell-core-7.6.4-windows/lld-link"
      - "C:/src/vcpkg/installed/x64-windows-static/debug/Windows/System32/lld-link.com"
      - "C:/src/vcpkg/installed/x64-windows-static/debug/Windows/System32/lld-link.exe"
      - "C:/src/vcpkg/installed/x64-windows-static/debug/Windows/System32/lld-link"
      - "C:/src/vcpkg/installed/x64-windows-static/debug/Windows/lld-link.com"
      - "C:/src/vcpkg/installed/x64-windows-static/debug/Windows/lld-link.exe"
      - "C:/src/vcpkg/installed/x64-windows-static/debug/Windows/lld-link"
      - "C:/src/vcpkg/installed/x64-windows-static/debug/Windows/System32/wbem/lld-link.com"
      - "C:/src/vcpkg/installed/x64-windows-static/debug/Windows/System32/wbem/lld-link.exe"
      - "C:/src/vcpkg/installed/x64-windows-static/debug/Windows/System32/wbem/lld-link"
      - "C:/src/vcpkg/installed/x64-windows-static/debug/Windows/System32/WindowsPowerShell/v1.0/lld-link.com"
      - "C:/src/vcpkg/installed/x64-windows-static/debug/Windows/System32/WindowsPowerShell/v1.0/lld-link.exe"
      - "C:/src/vcpkg/installed/x64-windows-static/debug/Windows/System32/WindowsPowerShell/v1.0/lld-link"
      - "C:/src/vcpkg/installed/x64-windows-static/debug/Windows/System32/OpenSSH/lld-link.com"
      - "C:/src/vcpkg/installed/x64-windows-static/debug/Windows/System32/OpenSSH/lld-link.exe"
      - "C:/src/vcpkg/installed/x64-windows-static/debug/Windows/System32/OpenSSH/lld-link"
      - "C:/src/vcpkg/installed/x64-windows-static/debug/Program Files/Microsoft Visual Studio/2022/Community/Common7/IDE/CommonExtensions/Microsoft/CMake/CMake/bin/lld-link.com"
      - "C:/src/vcpkg/installed/x64-windows-static/debug/Program Files/Microsoft Visual Studio/2022/Community/Common7/IDE/CommonExtensions/Microsoft/CMake/CMake/bin/lld-link.exe"
      - "C:/src/vcpkg/installed/x64-windows-static/debug/Program Files/Microsoft Visual Studio/2022/Community/Common7/IDE/CommonExtensions/Microsoft/CMake/CMake/bin/lld-link"
      - "C:/src/vcpkg/installed/x64-windows-static/debug/Program Files/Microsoft Visual Studio/2022/Community/Common7/IDE/CommonExtensions/Microsoft/CMake/Ninja/lld-link.com"
      - "C:/src/vcpkg/installed/x64-windows-static/debug/Program Files/Microsoft Visual Studio/2022/Community/Common7/IDE/CommonExtensions/Microsoft/CMake/Ninja/lld-link.exe"
      - "C:/src/vcpkg/installed/x64-windows-static/debug/Program Files/Microsoft Visual Studio/2022/Community/Common7/IDE/CommonExtensions/Microsoft/CMake/Ninja/lld-link"
      - "C:/src/vcpkg/installed/x64-windows-static/debug/Program Files/Microsoft Visual Studio/2022/Community/Common7/IDE/VC/Linux/bin/ConnectionManagerExe/lld-link.com"
      - "C:/src/vcpkg/installed/x64-windows-static/debug/Program Files/Microsoft Visual Studio/2022/Community/Common7/IDE/VC/Linux/bin/ConnectionManagerExe/lld-link.exe"
      - "C:/src/vcpkg/installed/x64-windows-static/debug/Program Files/Microsoft Visual Studio/2022/Community/Common7/IDE/VC/Linux/bin/ConnectionManagerExe/lld-link"
      - "C:/src/vcpkg/installed/x64-windows-static/debug/Program Files/Microsoft Visual Studio/2022/Community/VC/vcpkg/lld-link.com"
      - "C:/src/vcpkg/installed/x64-windows-static/debug/Program Files/Microsoft Visual Studio/2022/Community/VC/vcpkg/lld-link.exe"
      - "C:/src/vcpkg/installed/x64-windows-static/debug/Program Files/Microsoft Visual Studio/2022/Community/VC/vcpkg/lld-link"
      - "C:/src/vcpkg/installed/x64-windows-static/debug/src/vcpkg/downloads/tools/ninja-1.13.2-windows/lld-link.com"
      - "C:/src/vcpkg/installed/x64-windows-static/debug/src/vcpkg/downloads/tools/ninja-1.13.2-windows/lld-link.exe"
      - "C:/src/vcpkg/installed/x64-windows-static/debug/src/vcpkg/downloads/tools/ninja-1.13.2-windows/lld-link"
      - "C:/Program Files/Microsoft Visual Studio/2022/Community/VC/Tools/MSVC/14.44.35207/bin/Hostx64/x64/lld-link.com"
      - "C:/Program Files/Microsoft Visual Studio/2022/Community/VC/Tools/MSVC/14.44.35207/bin/Hostx64/x64/lld-link.exe"
      - "C:/Program Files/Microsoft Visual Studio/2022/Community/VC/Tools/MSVC/14.44.35207/bin/Hostx64/x64/lld-link"
      - "C:/Program Files/Microsoft Visual Studio/2022/Community/Common7/IDE/VC/vcpackages/lld-link.com"
      - "C:/Program Files/Microsoft Visual Studio/2022/Community/Common7/IDE/VC/vcpackages/lld-link.exe"
      - "C:/Program Files/Microsoft Visual Studio/2022/Community/Common7/IDE/VC/vcpackages/lld-link"
      - "C:/Program Files/Microsoft Visual Studio/2022/Community/Common7/IDE/CommonExtensions/Microsoft/TestWindow/lld-link.com"
      - "C:/Program Files/Microsoft Visual Studio/2022/Community/Common7/IDE/CommonExtensions/Microsoft/TestWindow/lld-link.exe"
      - "C:/Program Files/Microsoft Visual Studio/2022/Community/Common7/IDE/CommonExtensions/Microsoft/TestWindow/lld-link"
      - "C:/Program Files/Microsoft Visual Studio/2022/Community/Common7/IDE/CommonExtensions/Microsoft/TeamFoundation/Team Explorer/lld-link.com"
      - "C:/Program Files/Microsoft Visual Studio/2022/Community/Common7/IDE/CommonExtensions/Microsoft/TeamFoundation/Team Explorer/lld-link.exe"
      - "C:/Program Files/Microsoft Visual Studio/2022/Community/Common7/IDE/CommonExtensions/Microsoft/TeamFoundation/Team Explorer/lld-link"
      - "C:/Program Files/Microsoft Visual Studio/2022/Community/MSBuild/Current/Bin/Roslyn/lld-link.com"
      - "C:/Program Files/Microsoft Visual Studio/2022/Community/MSBuild/Current/Bin/Roslyn/lld-link.exe"
      - "C:/Program Files/Microsoft Visual Studio/2022/Community/MSBuild/Current/Bin/Roslyn/lld-link"
      - "C:/Program Files (x86)/Microsoft SDKs/Windows/v10.0A/bin/NETFX 4.8 Tools/x64/lld-link.com"
      - "C:/Program Files (x86)/Microsoft SDKs/Windows/v10.0A/bin/NETFX 4.8 Tools/x64/lld-link.exe"
      - "C:/Program Files (x86)/Microsoft SDKs/Windows/v10.0A/bin/NETFX 4.8 Tools/x64/lld-link"
      - "C:/Program Files/Microsoft Visual Studio/2022/Community/Common7/IDE/CommonExtensions/Microsoft/FSharp/Tools/lld-link.com"
      - "C:/Program Files/Microsoft Visual Studio/2022/Community/Common7/IDE/CommonExtensions/Microsoft/FSharp/Tools/lld-link.exe"
      - "C:/Program Files/Microsoft Visual Studio/2022/Community/Common7/IDE/CommonExtensions/Microsoft/FSharp/Tools/lld-link"
      - "C:/Program Files/Microsoft Visual Studio/2022/Community/Team Tools/DiagnosticsHub/Collector/lld-link.com"
      - "C:/Program Files/Microsoft Visual Studio/2022/Community/Team Tools/DiagnosticsHub/Collector/lld-link.exe"
      - "C:/Program Files/Microsoft Visual Studio/2022/Community/Team Tools/DiagnosticsHub/Collector/lld-link"
      - "C:/Program Files (x86)/Windows Kits/10/bin/10.0.26100.0/x64/lld-link.com"
      - "C:/Program Files (x86)/Windows Kits/10/bin/10.0.26100.0/x64/lld-link.exe"
      - "C:/Program Files (x86)/Windows Kits/10/bin/10.0.26100.0/x64/lld-link"
      - "C:/Program Files (x86)/Windows Kits/10/bin/x64/lld-link.com"
      - "C:/Program Files (x86)/Windows Kits/10/bin/x64/lld-link.exe"
      - "C:/Program Files (x86)/Windows Kits/10/bin/x64/lld-link"
      - "C:/Program Files/Microsoft Visual Studio/2022/Community/MSBuild/Current/Bin/amd64/lld-link.com"
      - "C:/Program Files/Microsoft Visual Studio/2022/Community/MSBuild/Current/Bin/amd64/lld-link.exe"
      - "C:/Program Files/Microsoft Visual Studio/2022/Community/MSBuild/Current/Bin/amd64/lld-link"
      - "C:/Windows/Microsoft.NET/Framework64/v4.0.30319/lld-link.com"
      - "C:/Windows/Microsoft.NET/Framework64/v4.0.30319/lld-link.exe"
      - "C:/Windows/Microsoft.NET/Framework64/v4.0.30319/lld-link"
      - "C:/Program Files/Microsoft Visual Studio/2022/Community/Common7/IDE/lld-link.com"
      - "C:/Program Files/Microsoft Visual Studio/2022/Community/Common7/IDE/lld-link.exe"
      - "C:/Program Files/Microsoft Visual Studio/2022/Community/Common7/IDE/lld-link"
      - "C:/Program Files/Microsoft Visual Studio/2022/Community/Common7/Tools/lld-link.com"
      - "C:/Program Files/Microsoft Visual Studio/2022/Community/Common7/Tools/lld-link.exe"
      - "C:/Program Files/Microsoft Visual Studio/2022/Community/Common7/Tools/lld-link"
      - "C:/src/vcpkg/downloads/tools/powershell-core-7.6.4-windows/lld-link.com"
      - "C:/src/vcpkg/downloads/tools/powershell-core-7.6.4-windows/lld-link.exe"
      - "C:/src/vcpkg/downloads/tools/powershell-core-7.6.4-windows/lld-link"
      - "C:/Windows/System32/lld-link.com"
      - "C:/Windows/System32/lld-link.exe"
      - "C:/Windows/System32/lld-link"
      - "C:/Windows/lld-link.com"
      - "C:/Windows/lld-link.exe"
      - "C:/Windows/lld-link"
      - "C:/Windows/System32/wbem/lld-link.com"
      - "C:/Windows/System32/wbem/lld-link.exe"
      - "C:/Windows/System32/wbem/lld-link"
      - "C:/Windows/System32/WindowsPowerShell/v1.0/lld-link.com"
      - "C:/Windows/System32/WindowsPowerShell/v1.0/lld-link.exe"
      - "C:/Windows/System32/WindowsPowerShell/v1.0/lld-link"
      - "C:/Windows/System32/OpenSSH/lld-link.com"
      - "C:/Windows/System32/OpenSSH/lld-link.exe"
      - "C:/Windows/System32/OpenSSH/lld-link"
      - "C:/Program Files/Microsoft Visual Studio/2022/Community/Common7/IDE/CommonExtensions/Microsoft/CMake/CMake/bin/lld-link.com"
      - "C:/Program Files/Microsoft Visual Studio/2022/Community/Common7/IDE/CommonExtensions/Microsoft/CMake/CMake/bin/lld-link.exe"
      - "C:/Program Files/Microsoft Visual Studio/2022/Community/Common7/IDE/CommonExtensions/Microsoft/CMake/CMake/bin/lld-link"
      - "C:/Program Files/Microsoft Visual Studio/2022/Community/Common7/IDE/CommonExtensions/Microsoft/CMake/Ninja/lld-link.com"
      - "C:/Program Files/Microsoft Visual Studio/2022/Community/Common7/IDE/CommonExtensions/Microsoft/CMake/Ninja/lld-link.exe"
      - "C:/Program Files/Microsoft Visual Studio/2022/Community/Common7/IDE/CommonExtensions/Microsoft/CMake/Ninja/lld-link"
      - "C:/Program Files/Microsoft Visual Studio/2022/Community/Common7/IDE/VC/Linux/bin/ConnectionManagerExe/lld-link.com"
      - "C:/Program Files/Microsoft Visual Studio/2022/Community/Common7/IDE/VC/Linux/bin/ConnectionManagerExe/lld-link.exe"
      - "C:/Program Files/Microsoft Visual Studio/2022/Community/Common7/IDE/VC/Linux/bin/ConnectionManagerExe/lld-link"
      - "C:/Program Files/Microsoft Visual Studio/2022/Community/VC/vcpkg/lld-link.com"
      - "C:/Program Files/Microsoft Visual Studio/2022/Community/VC/vcpkg/lld-link.exe"
      - "C:/Program Files/Microsoft Visual Studio/2022/Community/VC/vcpkg/lld-link"
      - "C:/src/vcpkg/downloads/tools/ninja-1.13.2-windows/lld-link.com"
      - "C:/src/vcpkg/downloads/tools/ninja-1.13.2-windows/lld-link.exe"
      - "C:/src/vcpkg/downloads/tools/ninja-1.13.2-windows/lld-link"
    found: false
    search_context:
      CMAKE_PROGRAM_PATH:
        - "C:/src/vcpkg/installed/x64-windows-static/tools"
      CMAKE_PREFIX_PATH:
        - "C:/src/vcpkg/installed/x64-windows-static"
        - "C:/src/vcpkg/installed/x64-windows-static/debug"
      ENV{PATH}:
        - "C:\\Program Files\\Microsoft Visual Studio\\2022\\Community\\VC\\Tools\\MSVC\\14.44.35207\\bin\\HostX64\\x64"
        - "C:\\Program Files\\Microsoft Visual Studio\\2022\\Community\\Common7\\IDE\\VC\\VCPackages"
        - "C:\\Program Files\\Microsoft Visual Studio\\2022\\Community\\Common7\\IDE\\CommonExtensions\\Microsoft\\TestWindow"
        - "C:\\Program Files\\Microsoft Visual Studio\\2022\\Community\\Common7\\IDE\\CommonExtensions\\Microsoft\\TeamFoundation\\Team Explorer"
        - "C:\\Program Files\\Microsoft Visual Studio\\2022\\Community\\MSBuild\\Current\\bin\\Roslyn"
        - "C:\\Program Files (x86)\\Microsoft SDKs\\Windows\\v10.0A\\bin\\NETFX 4.8 Tools\\x64\\"
        - "C:\\Program Files\\Microsoft Visual Studio\\2022\\Community\\Common7\\IDE\\CommonExtensions\\Microsoft\\FSharp\\Tools"
        - "C:\\Program Files\\Microsoft Visual Studio\\2022\\Community\\Team Tools\\DiagnosticsHub\\Collector"
        - "C:\\Program Files (x86)\\Windows Kits\\10\\bin\\10.0.26100.0\\x64"
        - "C:\\Program Files (x86)\\Windows Kits\\10\\bin\\x64"
        - "C:\\Program Files\\Microsoft Visual Studio\\2022\\Community\\MSBuild\\Current\\Bin\\amd64"
        - "C:\\Windows\\Microsoft.NET\\Framework64\\v4.0.30319"
        - "C:\\Program Files\\Microsoft Visual Studio\\2022\\Community\\Common7\\IDE\\"
        - "C:\\Program Files\\Microsoft Visual Studio\\2022\\Community\\Common7\\Tools\\"
        - "C:\\src\\vcpkg\\downloads\\tools\\powershell-core-7.6.4-windows"
        - "C:\\WINDOWS\\system32"
        - "C:\\WINDOWS"
        - "C:\\WINDOWS\\system32\\Wbem"
        - "C:\\WINDOWS\\system32\\WindowsPowerShell\\v1.0\\"
        - "C:\\WINDOWS\\system32\\OpenSSH\\"
        - "C:\\Program Files\\Microsoft Visual Studio\\2022\\Community\\Common7\\IDE\\CommonExtensions\\Microsoft\\CMake\\CMake\\bin"
        - "C:\\Program Files\\Microsoft Visual Studio\\2022\\Community\\Common7\\IDE\\CommonExtensions\\Microsoft\\CMake\\Ninja"
        - "C:\\Program Files\\Microsoft Visual Studio\\2022\\Community\\Common7\\IDE\\VC\\Linux\\bin\\ConnectionManagerExe"
        - "C:\\Program Files\\Microsoft Visual Studio\\2022\\Community\\VC\\vcpkg"
        - "C:\\src\\vcpkg\\downloads\\tools\\ninja-1.13.2-windows"
      CMAKE_INSTALL_PREFIX: "C:/src/vcpkg/packages/sdl2_x64-windows-static"
      CMAKE_FIND_ROOT_PATH: "C:/src/vcpkg/installed/x64-windows-static;C:/src/vcpkg/installed/x64-windows-static/debug"
  -
    kind: "find-v1"
    backtrace:
      - "C:/Program Files/CMake/share/cmake-4.4/Modules/CMakeFindBinUtils.cmake:247 (find_program)"
      - "C:/Program Files/CMake/share/cmake-4.4/Modules/CMakeDetermineCCompiler.cmake:200 (include)"
      - "CMakeLists.txt:9 (project)"
    mode: "program"
    variable: "CMAKE_LINKER"
    description: "Path to a program."
    settings:
      SearchFramework: "LAST"
      SearchAppBundle: "LAST"
      CMAKE_FIND_USE_CMAKE_PATH: false
      CMAKE_FIND_USE_CMAKE_ENVIRONMENT_PATH: false
      CMAKE_FIND_USE_SYSTEM_ENVIRONMENT_PATH: true
      CMAKE_FIND_USE_CMAKE_SYSTEM_PATH: true
      CMAKE_FIND_USE_INSTALL_PREFIX: true
    names:
      - "link"
    candidate_directories:
      - "C:/src/vcpkg/installed/x64-windows-static/Program Files/Microsoft Visual Studio/2022/Community/VC/Tools/MSVC/14.44.35207/bin/Hostx64/x64/"
      - "C:/src/vcpkg/installed/x64-windows-static/Program Files/Microsoft Visual Studio/2022/Community/Common7/IDE/VC/vcpackages/"
      - "C:/src/vcpkg/installed/x64-windows-static/Program Files/Microsoft Visual Studio/2022/Community/Common7/IDE/CommonExtensions/Microsoft/TestWindow/"
      - "C:/src/vcpkg/installed/x64-windows-static/Program Files/Microsoft Visual Studio/2022/Community/Common7/IDE/CommonExtensions/Microsoft/TeamFoundation/Team Explorer/"
      - "C:/src/vcpkg/installed/x64-windows-static/Program Files/Microsoft Visual Studio/2022/Community/MSBuild/Current/Bin/Roslyn/"
      - "C:/src/vcpkg/installed/x64-windows-static/Program Files (x86)/Microsoft SDKs/Windows/v10.0A/bin/NETFX 4.8 Tools/x64/"
      - "C:/src/vcpkg/installed/x64-windows-static/Program Files/Microsoft Visual Studio/2022/Community/Common7/IDE/CommonExtensions/Microsoft/FSharp/Tools/"
      - "C:/src/vcpkg/installed/x64-windows-static/Program Files/Microsoft Visual Studio/2022/Community/Team Tools/DiagnosticsHub/Collector/"
      - "C:/src/vcpkg/installed/x64-windows-static/Program Files (x86)/Windows Kits/10/bin/10.0.26100.0/x64/"
      - "C:/src/vcpkg/installed/x64-windows-static/Program Files (x86)/Windows Kits/10/bin/x64/"
      - "C:/src/vcpkg/installed/x64-windows-static/Program Files/Microsoft Visual Studio/2022/Community/MSBuild/Current/Bin/amd64/"
      - "C:/src/vcpkg/installed/x64-windows-static/Windows/Microsoft.NET/Framework64/v4.0.30319/"
      - "C:/src/vcpkg/installed/x64-windows-static/Program Files/Microsoft Visual Studio/2022/Community/Common7/IDE/"
      - "C:/src/vcpkg/installed/x64-windows-static/Program Files/Microsoft Visual Studio/2022/Community/Common7/Tools/"
      - "C:/src/vcpkg/installed/x64-windows-static/src/vcpkg/downloads/tools/powershell-core-7.6.4-windows/"
      - "C:/src/vcpkg/installed/x64-windows-static/Windows/System32/"
      - "C:/src/vcpkg/installed/x64-windows-static/Windows/"
      - "C:/src/vcpkg/installed/x64-windows-static/Windows/System32/wbem/"
      - "C:/src/vcpkg/installed/x64-windows-static/Windows/System32/WindowsPowerShell/v1.0/"
      - "C:/src/vcpkg/installed/x64-windows-static/Windows/System32/OpenSSH/"
      - "C:/src/vcpkg/installed/x64-windows-static/Program Files/Microsoft Visual Studio/2022/Community/Common7/IDE/CommonExtensions/Microsoft/CMake/CMake/bin/"
      - "C:/src/vcpkg/installed/x64-windows-static/Program Files/Microsoft Visual Studio/2022/Community/Common7/IDE/CommonExtensions/Microsoft/CMake/Ninja/"
      - "C:/src/vcpkg/installed/x64-windows-static/Program Files/Microsoft Visual Studio/2022/Community/Common7/IDE/VC/Linux/bin/ConnectionManagerExe/"
      - "C:/src/vcpkg/installed/x64-windows-static/Program Files/Microsoft Visual Studio/2022/Community/VC/vcpkg/"
      - "C:/src/vcpkg/installed/x64-windows-static/src/vcpkg/downloads/tools/ninja-1.13.2-windows/"
      - "C:/src/vcpkg/installed/x64-windows-static/debug/Program Files/Microsoft Visual Studio/2022/Community/VC/Tools/MSVC/14.44.35207/bin/Hostx64/x64/"
      - "C:/src/vcpkg/installed/x64-windows-static/debug/Program Files/Microsoft Visual Studio/2022/Community/Common7/IDE/VC/vcpackages/"
      - "C:/src/vcpkg/installed/x64-windows-static/debug/Program Files/Microsoft Visual Studio/2022/Community/Common7/IDE/CommonExtensions/Microsoft/TestWindow/"
      - "C:/src/vcpkg/installed/x64-windows-static/debug/Program Files/Microsoft Visual Studio/2022/Community/Common7/IDE/CommonExtensions/Microsoft/TeamFoundation/Team Explorer/"
      - "C:/src/vcpkg/installed/x64-windows-static/debug/Program Files/Microsoft Visual Studio/2022/Community/MSBuild/Current/Bin/Roslyn/"
      - "C:/src/vcpkg/installed/x64-windows-static/debug/Program Files (x86)/Microsoft SDKs/Windows/v10.0A/bin/NETFX 4.8 Tools/x64/"
      - "C:/src/vcpkg/installed/x64-windows-static/debug/Program Files/Microsoft Visual Studio/2022/Community/Common7/IDE/CommonExtensions/Microsoft/FSharp/Tools/"
      - "C:/src/vcpkg/installed/x64-windows-static/debug/Program Files/Microsoft Visual Studio/2022/Community/Team Tools/DiagnosticsHub/Collector/"
      - "C:/src/vcpkg/installed/x64-windows-static/debug/Program Files (x86)/Windows Kits/10/bin/10.0.26100.0/x64/"
      - "C:/src/vcpkg/installed/x64-windows-static/debug/Program Files (x86)/Windows Kits/10/bin/x64/"
      - "C:/src/vcpkg/installed/x64-windows-static/debug/Program Files/Microsoft Visual Studio/2022/Community/MSBuild/Current/Bin/amd64/"
      - "C:/src/vcpkg/installed/x64-windows-static/debug/Windows/Microsoft.NET/Framework64/v4.0.30319/"
      - "C:/src/vcpkg/installed/x64-windows-static/debug/Program Files/Microsoft Visual Studio/2022/Community/Common7/IDE/"
      - "C:/src/vcpkg/installed/x64-windows-static/debug/Program Files/Microsoft Visual Studio/2022/Community/Common7/Tools/"
      - "C:/src/vcpkg/installed/x64-windows-static/debug/src/vcpkg/downloads/tools/powershell-core-7.6.4-windows/"
      - "C:/src/vcpkg/installed/x64-windows-static/debug/Windows/System32/"
      - "C:/src/vcpkg/installed/x64-windows-static/debug/Windows/"
      - "C:/src/vcpkg/installed/x64-windows-static/debug/Windows/System32/wbem/"
      - "C:/src/vcpkg/installed/x64-windows-static/debug/Windows/System32/WindowsPowerShell/v1.0/"
      - "C:/src/vcpkg/installed/x64-windows-static/debug/Windows/System32/OpenSSH/"
      - "C:/src/vcpkg/installed/x64-windows-static/debug/Program Files/Microsoft Visual Studio/2022/Community/Common7/IDE/CommonExtensions/Microsoft/CMake/CMake/bin/"
      - "C:/src/vcpkg/installed/x64-windows-static/debug/Program Files/Microsoft Visual Studio/2022/Community/Common7/IDE/CommonExtensions/Microsoft/CMake/Ninja/"
      - "C:/src/vcpkg/installed/x64-windows-static/debug/Program Files/Microsoft Visual Studio/2022/Community/Common7/IDE/VC/Linux/bin/ConnectionManagerExe/"
      - "C:/src/vcpkg/installed/x64-windows-static/debug/Program Files/Microsoft Visual Studio/2022/Community/VC/vcpkg/"
      - "C:/src/vcpkg/installed/x64-windows-static/debug/src/vcpkg/downloads/tools/ninja-1.13.2-windows/"
      - "C:/Program Files/Microsoft Visual Studio/2022/Community/VC/Tools/MSVC/14.44.35207/bin/Hostx64/x64/"
      - "C:/Program Files/Microsoft Visual Studio/2022/Community/Common7/IDE/VC/vcpackages/"
      - "C:/Program Files/Microsoft Visual Studio/2022/Community/Common7/IDE/CommonExtensions/Microsoft/TestWindow/"
      - "C:/Program Files/Microsoft Visual Studio/2022/Community/Common7/IDE/CommonExtensions/Microsoft/TeamFoundation/Team Explorer/"
      - "C:/Program Files/Microsoft Visual Studio/2022/Community/MSBuild/Current/Bin/Roslyn/"
      - "C:/Program Files (x86)/Microsoft SDKs/Windows/v10.0A/bin/NETFX 4.8 Tools/x64/"
      - "C:/Program Files/Microsoft Visual Studio/2022/Community/Common7/IDE/CommonExtensions/Microsoft/FSharp/Tools/"
      - "C:/Program Files/Microsoft Visual Studio/2022/Community/Team Tools/DiagnosticsHub/Collector/"
      - "C:/Program Files (x86)/Windows Kits/10/bin/10.0.26100.0/x64/"
      - "C:/Program Files (x86)/Windows Kits/10/bin/x64/"
      - "C:/Program Files/Microsoft Visual Studio/2022/Community/MSBuild/Current/Bin/amd64/"
      - "C:/Windows/Microsoft.NET/Framework64/v4.0.30319/"
      - "C:/Program Files/Microsoft Visual Studio/2022/Community/Common7/IDE/"
      - "C:/Program Files/Microsoft Visual Studio/2022/Community/Common7/Tools/"
      - "C:/src/vcpkg/downloads/tools/powershell-core-7.6.4-windows/"
      - "C:/Windows/System32/"
      - "C:/Windows/"
      - "C:/Windows/System32/wbem/"
      - "C:/Windows/System32/WindowsPowerShell/v1.0/"
      - "C:/Windows/System32/OpenSSH/"
      - "C:/Program Files/Microsoft Visual Studio/2022/Community/Common7/IDE/CommonExtensions/Microsoft/CMake/CMake/bin/"
      - "C:/Program Files/Microsoft Visual Studio/2022/Community/Common7/IDE/CommonExtensions/Microsoft/CMake/Ninja/"
      - "C:/Program Files/Microsoft Visual Studio/2022/Community/Common7/IDE/VC/Linux/bin/ConnectionManagerExe/"
      - "C:/Program Files/Microsoft Visual Studio/2022/Community/VC/vcpkg/"
      - "C:/src/vcpkg/downloads/tools/ninja-1.13.2-windows/"
    searched_directories:
      - "C:/src/vcpkg/installed/x64-windows-static/Program Files/Microsoft Visual Studio/2022/Community/VC/Tools/MSVC/14.44.35207/bin/Hostx64/x64/link.com"
      - "C:/src/vcpkg/installed/x64-windows-static/Program Files/Microsoft Visual Studio/2022/Community/VC/Tools/MSVC/14.44.35207/bin/Hostx64/x64/link.exe"
      - "C:/src/vcpkg/installed/x64-windows-static/Program Files/Microsoft Visual Studio/2022/Community/VC/Tools/MSVC/14.44.35207/bin/Hostx64/x64/link"
      - "C:/src/vcpkg/installed/x64-windows-static/Program Files/Microsoft Visual Studio/2022/Community/Common7/IDE/VC/vcpackages/link.com"
      - "C:/src/vcpkg/installed/x64-windows-static/Program Files/Microsoft Visual Studio/2022/Community/Common7/IDE/VC/vcpackages/link.exe"
      - "C:/src/vcpkg/installed/x64-windows-static/Program Files/Microsoft Visual Studio/2022/Community/Common7/IDE/VC/vcpackages/link"
      - "C:/src/vcpkg/installed/x64-windows-static/Program Files/Microsoft Visual Studio/2022/Community/Common7/IDE/CommonExtensions/Microsoft/TestWindow/link.com"
      - "C:/src/vcpkg/installed/x64-windows-static/Program Files/Microsoft Visual Studio/2022/Community/Common7/IDE/CommonExtensions/Microsoft/TestWindow/link.exe"
      - "C:/src/vcpkg/installed/x64-windows-static/Program Files/Microsoft Visual Studio/2022/Community/Common7/IDE/CommonExtensions/Microsoft/TestWindow/link"
      - "C:/src/vcpkg/installed/x64-windows-static/Program Files/Microsoft Visual Studio/2022/Community/Common7/IDE/CommonExtensions/Microsoft/TeamFoundation/Team Explorer/link.com"
      - "C:/src/vcpkg/installed/x64-windows-static/Program Files/Microsoft Visual Studio/2022/Community/Common7/IDE/CommonExtensions/Microsoft/TeamFoundation/Team Explorer/link.exe"
      - "C:/src/vcpkg/installed/x64-windows-static/Program Files/Microsoft Visual Studio/2022/Community/Common7/IDE/CommonExtensions/Microsoft/TeamFoundation/Team Explorer/link"
      - "C:/src/vcpkg/installed/x64-windows-static/Program Files/Microsoft Visual Studio/2022/Community/MSBuild/Current/Bin/Roslyn/link.com"
      - "C:/src/vcpkg/installed/x64-windows-static/Program Files/Microsoft Visual Studio/2022/Community/MSBuild/Current/Bin/Roslyn/link.exe"
      - "C:/src/vcpkg/installed/x64-windows-static/Program Files/Microsoft Visual Studio/2022/Community/MSBuild/Current/Bin/Roslyn/link"
      - "C:/src/vcpkg/installed/x64-windows-static/Program Files (x86)/Microsoft SDKs/Windows/v10.0A/bin/NETFX 4.8 Tools/x64/link.com"
      - "C:/src/vcpkg/installed/x64-windows-static/Program Files (x86)/Microsoft SDKs/Windows/v10.0A/bin/NETFX 4.8 Tools/x64/link.exe"
      - "C:/src/vcpkg/installed/x64-windows-static/Program Files (x86)/Microsoft SDKs/Windows/v10.0A/bin/NETFX 4.8 Tools/x64/link"
      - "C:/src/vcpkg/installed/x64-windows-static/Program Files/Microsoft Visual Studio/2022/Community/Common7/IDE/CommonExtensions/Microsoft/FSharp/Tools/link.com"
      - "C:/src/vcpkg/installed/x64-windows-static/Program Files/Microsoft Visual Studio/2022/Community/Common7/IDE/CommonExtensions/Microsoft/FSharp/Tools/link.exe"
      - "C:/src/vcpkg/installed/x64-windows-static/Program Files/Microsoft Visual Studio/2022/Community/Common7/IDE/CommonExtensions/Microsoft/FSharp/Tools/link"
      - "C:/src/vcpkg/installed/x64-windows-static/Program Files/Microsoft Visual Studio/2022/Community/Team Tools/DiagnosticsHub/Collector/link.com"
      - "C:/src/vcpkg/installed/x64-windows-static/Program Files/Microsoft Visual Studio/2022/Community/Team Tools/DiagnosticsHub/Collector/link.exe"
      - "C:/src/vcpkg/installed/x64-windows-static/Program Files/Microsoft Visual Studio/2022/Community/Team Tools/DiagnosticsHub/Collector/link"
      - "C:/src/vcpkg/installed/x64-windows-static/Program Files (x86)/Windows Kits/10/bin/10.0.26100.0/x64/link.com"
      - "C:/src/vcpkg/installed/x64-windows-static/Program Files (x86)/Windows Kits/10/bin/10.0.26100.0/x64/link.exe"
      - "C:/src/vcpkg/installed/x64-windows-static/Program Files (x86)/Windows Kits/10/bin/10.0.26100.0/x64/link"
      - "C:/src/vcpkg/installed/x64-windows-static/Program Files (x86)/Windows Kits/10/bin/x64/link.com"
      - "C:/src/vcpkg/installed/x64-windows-static/Program Files (x86)/Windows Kits/10/bin/x64/link.exe"
      - "C:/src/vcpkg/installed/x64-windows-static/Program Files (x86)/Windows Kits/10/bin/x64/link"
      - "C:/src/vcpkg/installed/x64-windows-static/Program Files/Microsoft Visual Studio/2022/Community/MSBuild/Current/Bin/amd64/link.com"
      - "C:/src/vcpkg/installed/x64-windows-static/Program Files/Microsoft Visual Studio/2022/Community/MSBuild/Current/Bin/amd64/link.exe"
      - "C:/src/vcpkg/installed/x64-windows-static/Program Files/Microsoft Visual Studio/2022/Community/MSBuild/Current/Bin/amd64/link"
      - "C:/src/vcpkg/installed/x64-windows-static/Windows/Microsoft.NET/Framework64/v4.0.30319/link.com"
      - "C:/src/vcpkg/installed/x64-windows-static/Windows/Microsoft.NET/Framework64/v4.0.30319/link.exe"
      - "C:/src/vcpkg/installed/x64-windows-static/Windows/Microsoft.NET/Framework64/v4.0.30319/link"
      - "C:/src/vcpkg/installed/x64-windows-static/Program Files/Microsoft Visual Studio/2022/Community/Common7/IDE/link.com"
      - "C:/src/vcpkg/installed/x64-windows-static/Program Files/Microsoft Visual Studio/2022/Community/Common7/IDE/link.exe"
      - "C:/src/vcpkg/installed/x64-windows-static/Program Files/Microsoft Visual Studio/2022/Community/Common7/IDE/link"
      - "C:/src/vcpkg/installed/x64-windows-static/Program Files/Microsoft Visual Studio/2022/Community/Common7/Tools/link.com"
      - "C:/src/vcpkg/installed/x64-windows-static/Program Files/Microsoft Visual Studio/2022/Community/Common7/Tools/link.exe"
      - "C:/src/vcpkg/installed/x64-windows-static/Program Files/Microsoft Visual Studio/2022/Community/Common7/Tools/link"
      - "C:/src/vcpkg/installed/x64-windows-static/src/vcpkg/downloads/tools/powershell-core-7.6.4-windows/link.com"
      - "C:/src/vcpkg/installed/x64-windows-static/src/vcpkg/downloads/tools/powershell-core-7.6.4-windows/link.exe"
      - "C:/src/vcpkg/installed/x64-windows-static/src/vcpkg/downloads/tools/powershell-core-7.6.4-windows/link"
      - "C:/src/vcpkg/installed/x64-windows-static/Windows/System32/link.com"
      - "C:/src/vcpkg/installed/x64-windows-static/Windows/System32/link.exe"
      - "C:/src/vcpkg/installed/x64-windows-static/Windows/System32/link"
      - "C:/src/vcpkg/installed/x64-windows-static/Windows/link.com"
      - "C:/src/vcpkg/installed/x64-windows-static/Windows/link.exe"
      - "C:/src/vcpkg/installed/x64-windows-static/Windows/link"
      - "C:/src/vcpkg/installed/x64-windows-static/Windows/System32/wbem/link.com"
      - "C:/src/vcpkg/installed/x64-windows-static/Windows/System32/wbem/link.exe"
      - "C:/src/vcpkg/installed/x64-windows-static/Windows/System32/wbem/link"
      - "C:/src/vcpkg/installed/x64-windows-static/Windows/System32/WindowsPowerShell/v1.0/link.com"
      - "C:/src/vcpkg/installed/x64-windows-static/Windows/System32/WindowsPowerShell/v1.0/link.exe"
      - "C:/src/vcpkg/installed/x64-windows-static/Windows/System32/WindowsPowerShell/v1.0/link"
      - "C:/src/vcpkg/installed/x64-windows-static/Windows/System32/OpenSSH/link.com"
      - "C:/src/vcpkg/installed/x64-windows-static/Windows/System32/OpenSSH/link.exe"
      - "C:/src/vcpkg/installed/x64-windows-static/Windows/System32/OpenSSH/link"
      - "C:/src/vcpkg/installed/x64-windows-static/Program Files/Microsoft Visual Studio/2022/Community/Common7/IDE/CommonExtensions/Microsoft/CMake/CMake/bin/link.com"
      - "C:/src/vcpkg/installed/x64-windows-static/Program Files/Microsoft Visual Studio/2022/Community/Common7/IDE/CommonExtensions/Microsoft/CMake/CMake/bin/link.exe"
      - "C:/src/vcpkg/installed/x64-windows-static/Program Files/Microsoft Visual Studio/2022/Community/Common7/IDE/CommonExtensions/Microsoft/CMake/CMake/bin/link"
      - "C:/src/vcpkg/installed/x64-windows-static/Program Files/Microsoft Visual Studio/2022/Community/Common7/IDE/CommonExtensions/Microsoft/CMake/Ninja/link.com"
      - "C:/src/vcpkg/installed/x64-windows-static/Program Files/Microsoft Visual Studio/2022/Community/Common7/IDE/CommonExtensions/Microsoft/CMake/Ninja/link.exe"
      - "C:/src/vcpkg/installed/x64-windows-static/Program Files/Microsoft Visual Studio/2022/Community/Common7/IDE/CommonExtensions/Microsoft/CMake/Ninja/link"
      - "C:/src/vcpkg/installed/x64-windows-static/Program Files/Microsoft Visual Studio/2022/Community/Common7/IDE/VC/Linux/bin/ConnectionManagerExe/link.com"
      - "C:/src/vcpkg/installed/x64-windows-static/Program Files/Microsoft Visual Studio/2022/Community/Common7/IDE/VC/Linux/bin/ConnectionManagerExe/link.exe"
      - "C:/src/vcpkg/installed/x64-windows-static/Program Files/Microsoft Visual Studio/2022/Community/Common7/IDE/VC/Linux/bin/ConnectionManagerExe/link"
      - "C:/src/vcpkg/installed/x64-windows-static/Program Files/Microsoft Visual Studio/2022/Community/VC/vcpkg/link.com"
      - "C:/src/vcpkg/installed/x64-windows-static/Program Files/Microsoft Visual Studio/2022/Community/VC/vcpkg/link.exe"
      - "C:/src/vcpkg/installed/x64-windows-static/Program Files/Microsoft Visual Studio/2022/Community/VC/vcpkg/link"
      - "C:/src/vcpkg/installed/x64-windows-static/src/vcpkg/downloads/tools/ninja-1.13.2-windows/link.com"
      - "C:/src/vcpkg/installed/x64-windows-static/src/vcpkg/downloads/tools/ninja-1.13.2-windows/link.exe"
      - "C:/src/vcpkg/installed/x64-windows-static/src/vcpkg/downloads/tools/ninja-1.13.2-windows/link"
      - "C:/src/vcpkg/installed/x64-windows-static/debug/Program Files/Microsoft Visual Studio/2022/Community/VC/Tools/MSVC/14.44.35207/bin/Hostx64/x64/link.com"
      - "C:/src/vcpkg/installed/x64-windows-static/debug/Program Files/Microsoft Visual Studio/2022/Community/VC/Tools/MSVC/14.44.35207/bin/Hostx64/x64/link.exe"
      - "C:/src/vcpkg/installed/x64-windows-static/debug/Program Files/Microsoft Visual Studio/2022/Community/VC/Tools/MSVC/14.44.35207/bin/Hostx64/x64/link"
      - "C:/src/vcpkg/installed/x64-windows-static/debug/Program Files/Microsoft Visual Studio/2022/Community/Common7/IDE/VC/vcpackages/link.com"
      - "C:/src/vcpkg/installed/x64-windows-static/debug/Program Files/Microsoft Visual Studio/2022/Community/Common7/IDE/VC/vcpackages/link.exe"
      - "C:/src/vcpkg/installed/x64-windows-static/debug/Program Files/Microsoft Visual Studio/2022/Community/Common7/IDE/VC/vcpackages/link"
      - "C:/src/vcpkg/installed/x64-windows-static/debug/Program Files/Microsoft Visual Studio/2022/Community/Common7/IDE/CommonExtensions/Microsoft/TestWindow/link.com"
      - "C:/src/vcpkg/installed/x64-windows-static/debug/Program Files/Microsoft Visual Studio/2022/Community/Common7/IDE/CommonExtensions/Microsoft/TestWindow/link.exe"
      - "C:/src/vcpkg/installed/x64-windows-static/debug/Program Files/Microsoft Visual Studio/2022/Community/Common7/IDE/CommonExtensions/Microsoft/TestWindow/link"
      - "C:/src/vcpkg/installed/x64-windows-static/debug/Program Files/Microsoft Visual Studio/2022/Community/Common7/IDE/CommonExtensions/Microsoft/TeamFoundation/Team Explorer/link.com"
      - "C:/src/vcpkg/installed/x64-windows-static/debug/Program Files/Microsoft Visual Studio/2022/Community/Common7/IDE/CommonExtensions/Microsoft/TeamFoundation/Team Explorer/link.exe"
      - "C:/src/vcpkg/installed/x64-windows-static/debug/Program Files/Microsoft Visual Studio/2022/Community/Common7/IDE/CommonExtensions/Microsoft/TeamFoundation/Team Explorer/link"
      - "C:/src/vcpkg/installed/x64-windows-static/debug/Program Files/Microsoft Visual Studio/2022/Community/MSBuild/Current/Bin/Roslyn/link.com"
      - "C:/src/vcpkg/installed/x64-windows-static/debug/Program Files/Microsoft Visual Studio/2022/Community/MSBuild/Current/Bin/Roslyn/link.exe"
      - "C:/src/vcpkg/installed/x64-windows-static/debug/Program Files/Microsoft Visual Studio/2022/Community/MSBuild/Current/Bin/Roslyn/link"
      - "C:/src/vcpkg/installed/x64-windows-static/debug/Program Files (x86)/Microsoft SDKs/Windows/v10.0A/bin/NETFX 4.8 Tools/x64/link.com"
      - "C:/src/vcpkg/installed/x64-windows-static/debug/Program Files (x86)/Microsoft SDKs/Windows/v10.0A/bin/NETFX 4.8 Tools/x64/link.exe"
      - "C:/src/vcpkg/installed/x64-windows-static/debug/Program Files (x86)/Microsoft SDKs/Windows/v10.0A/bin/NETFX 4.8 Tools/x64/link"
      - "C:/src/vcpkg/installed/x64-windows-static/debug/Program Files/Microsoft Visual Studio/2022/Community/Common7/IDE/CommonExtensions/Microsoft/FSharp/Tools/link.com"
      - "C:/src/vcpkg/installed/x64-windows-static/debug/Program Files/Microsoft Visual Studio/2022/Community/Common7/IDE/CommonExtensions/Microsoft/FSharp/Tools/link.exe"
      - "C:/src/vcpkg/installed/x64-windows-static/debug/Program Files/Microsoft Visual Studio/2022/Community/Common7/IDE/CommonExtensions/Microsoft/FSharp/Tools/link"
      - "C:/src/vcpkg/installed/x64-windows-static/debug/Program Files/Microsoft Visual Studio/2022/Community/Team Tools/DiagnosticsHub/Collector/link.com"
      - "C:/src/vcpkg/installed/x64-windows-static/debug/Program Files/Microsoft Visual Studio/2022/Community/Team Tools/DiagnosticsHub/Collector/link.exe"
      - "C:/src/vcpkg/installed/x64-windows-static/debug/Program Files/Microsoft Visual Studio/2022/Community/Team Tools/DiagnosticsHub/Collector/link"
      - "C:/src/vcpkg/installed/x64-windows-static/debug/Program Files (x86)/Windows Kits/10/bin/10.0.26100.0/x64/link.com"
      - "C:/src/vcpkg/installed/x64-windows-static/debug/Program Files (x86)/Windows Kits/10/bin/10.0.26100.0/x64/link.exe"
      - "C:/src/vcpkg/installed/x64-windows-static/debug/Program Files (x86)/Windows Kits/10/bin/10.0.26100.0/x64/link"
      - "C:/src/vcpkg/installed/x64-windows-static/debug/Program Files (x86)/Windows Kits/10/bin/x64/link.com"
      - "C:/src/vcpkg/installed/x64-windows-static/debug/Program Files (x86)/Windows Kits/10/bin/x64/link.exe"
      - "C:/src/vcpkg/installed/x64-windows-static/debug/Program Files (x86)/Windows Kits/10/bin/x64/link"
      - "C:/src/vcpkg/installed/x64-windows-static/debug/Program Files/Microsoft Visual Studio/2022/Community/MSBuild/Current/Bin/amd64/link.com"
      - "C:/src/vcpkg/installed/x64-windows-static/debug/Program Files/Microsoft Visual Studio/2022/Community/MSBuild/Current/Bin/amd64/link.exe"
      - "C:/src/vcpkg/installed/x64-windows-static/debug/Program Files/Microsoft Visual Studio/2022/Community/MSBuild/Current/Bin/amd64/link"
      - "C:/src/vcpkg/installed/x64-windows-static/debug/Windows/Microsoft.NET/Framework64/v4.0.30319/link.com"
      - "C:/src/vcpkg/installed/x64-windows-static/debug/Windows/Microsoft.NET/Framework64/v4.0.30319/link.exe"
      - "C:/src/vcpkg/installed/x64-windows-static/debug/Windows/Microsoft.NET/Framework64/v4.0.30319/link"
      - "C:/src/vcpkg/installed/x64-windows-static/debug/Program Files/Microsoft Visual Studio/2022/Community/Common7/IDE/link.com"
      - "C:/src/vcpkg/installed/x64-windows-static/debug/Program Files/Microsoft Visual Studio/2022/Community/Common7/IDE/link.exe"
      - "C:/src/vcpkg/installed/x64-windows-static/debug/Program Files/Microsoft Visual Studio/2022/Community/Common7/IDE/link"
      - "C:/src/vcpkg/installed/x64-windows-static/debug/Program Files/Microsoft Visual Studio/2022/Community/Common7/Tools/link.com"
      - "C:/src/vcpkg/installed/x64-windows-static/debug/Program Files/Microsoft Visual Studio/2022/Community/Common7/Tools/link.exe"
      - "C:/src/vcpkg/installed/x64-windows-static/debug/Program Files/Microsoft Visual Studio/2022/Community/Common7/Tools/link"
      - "C:/src/vcpkg/installed/x64-windows-static/debug/src/vcpkg/downloads/tools/powershell-core-7.6.4-windows/link.com"
      - "C:/src/vcpkg/installed/x64-windows-static/debug/src/vcpkg/downloads/tools/powershell-core-7.6.4-windows/link.exe"
      - "C:/src/vcpkg/installed/x64-windows-static/debug/src/vcpkg/downloads/tools/powershell-core-7.6.4-windows/link"
      - "C:/src/vcpkg/installed/x64-windows-static/debug/Windows/System32/link.com"
      - "C:/src/vcpkg/installed/x64-windows-static/debug/Windows/System32/link.exe"
      - "C:/src/vcpkg/installed/x64-windows-static/debug/Windows/System32/link"
      - "C:/src/vcpkg/installed/x64-windows-static/debug/Windows/link.com"
      - "C:/src/vcpkg/installed/x64-windows-static/debug/Windows/link.exe"
      - "C:/src/vcpkg/installed/x64-windows-static/debug/Windows/link"
      - "C:/src/vcpkg/installed/x64-windows-static/debug/Windows/System32/wbem/link.com"
      - "C:/src/vcpkg/installed/x64-windows-static/debug/Windows/System32/wbem/link.exe"
      - "C:/src/vcpkg/installed/x64-windows-static/debug/Windows/System32/wbem/link"
      - "C:/src/vcpkg/installed/x64-windows-static/debug/Windows/System32/WindowsPowerShell/v1.0/link.com"
      - "C:/src/vcpkg/installed/x64-windows-static/debug/Windows/System32/WindowsPowerShell/v1.0/link.exe"
      - "C:/src/vcpkg/installed/x64-windows-static/debug/Windows/System32/WindowsPowerShell/v1.0/link"
      - "C:/src/vcpkg/installed/x64-windows-static/debug/Windows/System32/OpenSSH/link.com"
      - "C:/src/vcpkg/installed/x64-windows-static/debug/Windows/System32/OpenSSH/link.exe"
      - "C:/src/vcpkg/installed/x64-windows-static/debug/Windows/System32/OpenSSH/link"
      - "C:/src/vcpkg/installed/x64-windows-static/debug/Program Files/Microsoft Visual Studio/2022/Community/Common7/IDE/CommonExtensions/Microsoft/CMake/CMake/bin/link.com"
      - "C:/src/vcpkg/installed/x64-windows-static/debug/Program Files/Microsoft Visual Studio/2022/Community/Common7/IDE/CommonExtensions/Microsoft/CMake/CMake/bin/link.exe"
      - "C:/src/vcpkg/installed/x64-windows-static/debug/Program Files/Microsoft Visual Studio/2022/Community/Common7/IDE/CommonExtensions/Microsoft/CMake/CMake/bin/link"
      - "C:/src/vcpkg/installed/x64-windows-static/debug/Program Files/Microsoft Visual Studio/2022/Community/Common7/IDE/CommonExtensions/Microsoft/CMake/Ninja/link.com"
      - "C:/src/vcpkg/installed/x64-windows-static/debug/Program Files/Microsoft Visual Studio/2022/Community/Common7/IDE/CommonExtensions/Microsoft/CMake/Ninja/link.exe"
      - "C:/src/vcpkg/installed/x64-windows-static/debug/Program Files/Microsoft Visual Studio/2022/Community/Common7/IDE/CommonExtensions/Microsoft/CMake/Ninja/link"
      - "C:/src/vcpkg/installed/x64-windows-static/debug/Program Files/Microsoft Visual Studio/2022/Community/Common7/IDE/VC/Linux/bin/ConnectionManagerExe/link.com"
      - "C:/src/vcpkg/installed/x64-windows-static/debug/Program Files/Microsoft Visual Studio/2022/Community/Common7/IDE/VC/Linux/bin/ConnectionManagerExe/link.exe"
      - "C:/src/vcpkg/installed/x64-windows-static/debug/Program Files/Microsoft Visual Studio/2022/Community/Common7/IDE/VC/Linux/bin/ConnectionManagerExe/link"
      - "C:/src/vcpkg/installed/x64-windows-static/debug/Program Files/Microsoft Visual Studio/2022/Community/VC/vcpkg/link.com"
      - "C:/src/vcpkg/installed/x64-windows-static/debug/Program Files/Microsoft Visual Studio/2022/Community/VC/vcpkg/link.exe"
      - "C:/src/vcpkg/installed/x64-windows-static/debug/Program Files/Microsoft Visual Studio/2022/Community/VC/vcpkg/link"
      - "C:/src/vcpkg/installed/x64-windows-static/debug/src/vcpkg/downloads/tools/ninja-1.13.2-windows/link.com"
      - "C:/src/vcpkg/installed/x64-windows-static/debug/src/vcpkg/downloads/tools/ninja-1.13.2-windows/link.exe"
      - "C:/src/vcpkg/installed/x64-windows-static/debug/src/vcpkg/downloads/tools/ninja-1.13.2-windows/link"
      - "C:/Program Files/Microsoft Visual Studio/2022/Community/VC/Tools/MSVC/14.44.35207/bin/Hostx64/x64/link.com"
    found: "C:/Program Files/Microsoft Visual Studio/2022/Community/VC/Tools/MSVC/14.44.35207/bin/Hostx64/x64/link.exe"
    search_context:
      CMAKE_PROGRAM_PATH:
        - "C:/src/vcpkg/installed/x64-windows-static/tools"
      CMAKE_PREFIX_PATH:
        - "C:/src/vcpkg/installed/x64-windows-static"
        - "C:/src/vcpkg/installed/x64-windows-static/debug"
      ENV{PATH}:
        - "C:\\Program Files\\Microsoft Visual Studio\\2022\\Community\\VC\\Tools\\MSVC\\14.44.35207\\bin\\HostX64\\x64"
        - "C:\\Program Files\\Microsoft Visual Studio\\2022\\Community\\Common7\\IDE\\VC\\VCPackages"
        - "C:\\Program Files\\Microsoft Visual Studio\\2022\\Community\\Common7\\IDE\\CommonExtensions\\Microsoft\\TestWindow"
        - "C:\\Program Files\\Microsoft Visual Studio\\2022\\Community\\Common7\\IDE\\CommonExtensions\\Microsoft\\TeamFoundation\\Team Explorer"
        - "C:\\Program Files\\Microsoft Visual Studio\\2022\\Community\\MSBuild\\Current\\bin\\Roslyn"
        - "C:\\Program Files (x86)\\Microsoft SDKs\\Windows\\v10.0A\\bin\\NETFX 4.8 Tools\\x64\\"
        - "C:\\Program Files\\Microsoft Visual Studio\\2022\\Community\\Common7\\IDE\\CommonExtensions\\Microsoft\\FSharp\\Tools"
        - "C:\\Program Files\\Microsoft Visual Studio\\2022\\Community\\Team Tools\\DiagnosticsHub\\Collector"
        - "C:\\Program Files (x86)\\Windows Kits\\10\\bin\\10.0.26100.0\\x64"
        - "C:\\Program Files (x86)\\Windows Kits\\10\\bin\\x64"
        - "C:\\Program Files\\Microsoft Visual Studio\\2022\\Community\\MSBuild\\Current\\Bin\\amd64"
        - "C:\\Windows\\Microsoft.NET\\Framework64\\v4.0.30319"
        - "C:\\Program Files\\Microsoft Visual Studio\\2022\\Community\\Common7\\IDE\\"
        - "C:\\Program Files\\Microsoft Visual Studio\\2022\\Community\\Common7\\Tools\\"
        - "C:\\src\\vcpkg\\downloads\\tools\\powershell-core-7.6.4-windows"
        - "C:\\WINDOWS\\system32"
        - "C:\\WINDOWS"
        - "C:\\WINDOWS\\system32\\Wbem"
        - "C:\\WINDOWS\\system32\\WindowsPowerShell\\v1.0\\"
        - "C:\\WINDOWS\\system32\\OpenSSH\\"
        - "C:\\Program Files\\Microsoft Visual Studio\\2022\\Community\\Common7\\IDE\\CommonExtensions\\Microsoft\\CMake\\CMake\\bin"
        - "C:\\Program Files\\Microsoft Visual Studio\\2022\\Community\\Common7\\IDE\\CommonExtensions\\Microsoft\\CMake\\Ninja"
        - "C:\\Program Files\\Microsoft Visual Studio\\2022\\Community\\Common7\\IDE\\VC\\Linux\\bin\\ConnectionManagerExe"
        - "C:\\Program Files\\Microsoft Visual Studio\\2022\\Community\\VC\\vcpkg"
        - "C:\\src\\vcpkg\\downloads\\tools\\ninja-1.13.2-windows"
      CMAKE_INSTALL_PREFIX: "C:/src/vcpkg/packages/sdl2_x64-windows-static"
      CMAKE_FIND_ROOT_PATH: "C:/src/vcpkg/installed/x64-windows-static;C:/src/vcpkg/installed/x64-windows-static/debug"
  -
    kind: "find-v1"
    backtrace:
      - "C:/Program Files/CMake/share/cmake-4.4/Modules/CMakeFindBinUtils.cmake:247 (find_program)"
      - "C:/Program Files/CMake/share/cmake-4.4/Modules/CMakeDetermineCCompiler.cmake:200 (include)"
      - "CMakeLists.txt:9 (project)"
    mode: "program"
    variable: "CMAKE_MT"
    description: "Path to a program."
    settings:
      SearchFramework: "LAST"
      SearchAppBundle: "LAST"
      CMAKE_FIND_USE_CMAKE_PATH: false
      CMAKE_FIND_USE_CMAKE_ENVIRONMENT_PATH: false
      CMAKE_FIND_USE_SYSTEM_ENVIRONMENT_PATH: true
      CMAKE_FIND_USE_CMAKE_SYSTEM_PATH: true
      CMAKE_FIND_USE_INSTALL_PREFIX: true
    names:
      - "mt"
    candidate_directories:
      - "C:/src/vcpkg/installed/x64-windows-static/Program Files/Microsoft Visual Studio/2022/Community/VC/Tools/MSVC/14.44.35207/bin/Hostx64/x64/"
      - "C:/src/vcpkg/installed/x64-windows-static/Program Files/Microsoft Visual Studio/2022/Community/Common7/IDE/VC/vcpackages/"
      - "C:/src/vcpkg/installed/x64-windows-static/Program Files/Microsoft Visual Studio/2022/Community/Common7/IDE/CommonExtensions/Microsoft/TestWindow/"
      - "C:/src/vcpkg/installed/x64-windows-static/Program Files/Microsoft Visual Studio/2022/Community/Common7/IDE/CommonExtensions/Microsoft/TeamFoundation/Team Explorer/"
      - "C:/src/vcpkg/installed/x64-windows-static/Program Files/Microsoft Visual Studio/2022/Community/MSBuild/Current/Bin/Roslyn/"
      - "C:/src/vcpkg/installed/x64-windows-static/Program Files (x86)/Microsoft SDKs/Windows/v10.0A/bin/NETFX 4.8 Tools/x64/"
      - "C:/src/vcpkg/installed/x64-windows-static/Program Files/Microsoft Visual Studio/2022/Community/Common7/IDE/CommonExtensions/Microsoft/FSharp/Tools/"
      - "C:/src/vcpkg/installed/x64-windows-static/Program Files/Microsoft Visual Studio/2022/Community/Team Tools/DiagnosticsHub/Collector/"
      - "C:/src/vcpkg/installed/x64-windows-static/Program Files (x86)/Windows Kits/10/bin/10.0.26100.0/x64/"
      - "C:/src/vcpkg/installed/x64-windows-static/Program Files (x86)/Windows Kits/10/bin/x64/"
      - "C:/src/vcpkg/installed/x64-windows-static/Program Files/Microsoft Visual Studio/2022/Community/MSBuild/Current/Bin/amd64/"
      - "C:/src/vcpkg/installed/x64-windows-static/Windows/Microsoft.NET/Framework64/v4.0.30319/"
      - "C:/src/vcpkg/installed/x64-windows-static/Program Files/Microsoft Visual Studio/2022/Community/Common7/IDE/"
      - "C:/src/vcpkg/installed/x64-windows-static/Program Files/Microsoft Visual Studio/2022/Community/Common7/Tools/"
      - "C:/src/vcpkg/installed/x64-windows-static/src/vcpkg/downloads/tools/powershell-core-7.6.4-windows/"
      - "C:/src/vcpkg/installed/x64-windows-static/Windows/System32/"
      - "C:/src/vcpkg/installed/x64-windows-static/Windows/"
      - "C:/src/vcpkg/installed/x64-windows-static/Windows/System32/wbem/"
      - "C:/src/vcpkg/installed/x64-windows-static/Windows/System32/WindowsPowerShell/v1.0/"
      - "C:/src/vcpkg/installed/x64-windows-static/Windows/System32/OpenSSH/"
      - "C:/src/vcpkg/installed/x64-windows-static/Program Files/Microsoft Visual Studio/2022/Community/Common7/IDE/CommonExtensions/Microsoft/CMake/CMake/bin/"
      - "C:/src/vcpkg/installed/x64-windows-static/Program Files/Microsoft Visual Studio/2022/Community/Common7/IDE/CommonExtensions/Microsoft/CMake/Ninja/"
      - "C:/src/vcpkg/installed/x64-windows-static/Program Files/Microsoft Visual Studio/2022/Community/Common7/IDE/VC/Linux/bin/ConnectionManagerExe/"
      - "C:/src/vcpkg/installed/x64-windows-static/Program Files/Microsoft Visual Studio/2022/Community/VC/vcpkg/"
      - "C:/src/vcpkg/installed/x64-windows-static/src/vcpkg/downloads/tools/ninja-1.13.2-windows/"
      - "C:/src/vcpkg/installed/x64-windows-static/debug/Program Files/Microsoft Visual Studio/2022/Community/VC/Tools/MSVC/14.44.35207/bin/Hostx64/x64/"
      - "C:/src/vcpkg/installed/x64-windows-static/debug/Program Files/Microsoft Visual Studio/2022/Community/Common7/IDE/VC/vcpackages/"
      - "C:/src/vcpkg/installed/x64-windows-static/debug/Program Files/Microsoft Visual Studio/2022/Community/Common7/IDE/CommonExtensions/Microsoft/TestWindow/"
      - "C:/src/vcpkg/installed/x64-windows-static/debug/Program Files/Microsoft Visual Studio/2022/Community/Common7/IDE/CommonExtensions/Microsoft/TeamFoundation/Team Explorer/"
      - "C:/src/vcpkg/installed/x64-windows-static/debug/Program Files/Microsoft Visual Studio/2022/Community/MSBuild/Current/Bin/Roslyn/"
      - "C:/src/vcpkg/installed/x64-windows-static/debug/Program Files (x86)/Microsoft SDKs/Windows/v10.0A/bin/NETFX 4.8 Tools/x64/"
      - "C:/src/vcpkg/installed/x64-windows-static/debug/Program Files/Microsoft Visual Studio/2022/Community/Common7/IDE/CommonExtensions/Microsoft/FSharp/Tools/"
      - "C:/src/vcpkg/installed/x64-windows-static/debug/Program Files/Microsoft Visual Studio/2022/Community/Team Tools/DiagnosticsHub/Collector/"
      - "C:/src/vcpkg/installed/x64-windows-static/debug/Program Files (x86)/Windows Kits/10/bin/10.0.26100.0/x64/"
      - "C:/src/vcpkg/installed/x64-windows-static/debug/Program Files (x86)/Windows Kits/10/bin/x64/"
      - "C:/src/vcpkg/installed/x64-windows-static/debug/Program Files/Microsoft Visual Studio/2022/Community/MSBuild/Current/Bin/amd64/"
      - "C:/src/vcpkg/installed/x64-windows-static/debug/Windows/Microsoft.NET/Framework64/v4.0.30319/"
      - "C:/src/vcpkg/installed/x64-windows-static/debug/Program Files/Microsoft Visual Studio/2022/Community/Common7/IDE/"
      - "C:/src/vcpkg/installed/x64-windows-static/debug/Program Files/Microsoft Visual Studio/2022/Community/Common7/Tools/"
      - "C:/src/vcpkg/installed/x64-windows-static/debug/src/vcpkg/downloads/tools/powershell-core-7.6.4-windows/"
      - "C:/src/vcpkg/installed/x64-windows-static/debug/Windows/System32/"
      - "C:/src/vcpkg/installed/x64-windows-static/debug/Windows/"
      - "C:/src/vcpkg/installed/x64-windows-static/debug/Windows/System32/wbem/"
      - "C:/src/vcpkg/installed/x64-windows-static/debug/Windows/System32/WindowsPowerShell/v1.0/"
      - "C:/src/vcpkg/installed/x64-windows-static/debug/Windows/System32/OpenSSH/"
      - "C:/src/vcpkg/installed/x64-windows-static/debug/Program Files/Microsoft Visual Studio/2022/Community/Common7/IDE/CommonExtensions/Microsoft/CMake/CMake/bin/"
      - "C:/src/vcpkg/installed/x64-windows-static/debug/Program Files/Microsoft Visual Studio/2022/Community/Common7/IDE/CommonExtensions/Microsoft/CMake/Ninja/"
      - "C:/src/vcpkg/installed/x64-windows-static/debug/Program Files/Microsoft Visual Studio/2022/Community/Common7/IDE/VC/Linux/bin/ConnectionManagerExe/"
      - "C:/src/vcpkg/installed/x64-windows-static/debug/Program Files/Microsoft Visual Studio/2022/Community/VC/vcpkg/"
      - "C:/src/vcpkg/installed/x64-windows-static/debug/src/vcpkg/downloads/tools/ninja-1.13.2-windows/"
      - "C:/Program Files/Microsoft Visual Studio/2022/Community/VC/Tools/MSVC/14.44.35207/bin/Hostx64/x64/"
      - "C:/Program Files/Microsoft Visual Studio/2022/Community/Common7/IDE/VC/vcpackages/"
      - "C:/Program Files/Microsoft Visual Studio/2022/Community/Common7/IDE/CommonExtensions/Microsoft/TestWindow/"
      - "C:/Program Files/Microsoft Visual Studio/2022/Community/Common7/IDE/CommonExtensions/Microsoft/TeamFoundation/Team Explorer/"
      - "C:/Program Files/Microsoft Visual Studio/2022/Community/MSBuild/Current/Bin/Roslyn/"
      - "C:/Program Files (x86)/Microsoft SDKs/Windows/v10.0A/bin/NETFX 4.8 Tools/x64/"
      - "C:/Program Files/Microsoft Visual Studio/2022/Community/Common7/IDE/CommonExtensions/Microsoft/FSharp/Tools/"
      - "C:/Program Files/Microsoft Visual Studio/2022/Community/Team Tools/DiagnosticsHub/Collector/"
      - "C:/Program Files (x86)/Windows Kits/10/bin/10.0.26100.0/x64/"
      - "C:/Program Files (x86)/Windows Kits/10/bin/x64/"
      - "C:/Program Files/Microsoft Visual Studio/2022/Community/MSBuild/Current/Bin/amd64/"
      - "C:/Windows/Microsoft.NET/Framework64/v4.0.30319/"
      - "C:/Program Files/Microsoft Visual Studio/2022/Community/Common7/IDE/"
      - "C:/Program Files/Microsoft Visual Studio/2022/Community/Common7/Tools/"
      - "C:/src/vcpkg/downloads/tools/powershell-core-7.6.4-windows/"
      - "C:/Windows/System32/"
      - "C:/Windows/"
      - "C:/Windows/System32/wbem/"
      - "C:/Windows/System32/WindowsPowerShell/v1.0/"
      - "C:/Windows/System32/OpenSSH/"
      - "C:/Program Files/Microsoft Visual Studio/2022/Community/Common7/IDE/CommonExtensions/Microsoft/CMake/CMake/bin/"
      - "C:/Program Files/Microsoft Visual Studio/2022/Community/Common7/IDE/CommonExtensions/Microsoft/CMake/Ninja/"
      - "C:/Program Files/Microsoft Visual Studio/2022/Community/Common7/IDE/VC/Linux/bin/ConnectionManagerExe/"
      - "C:/Program Files/Microsoft Visual Studio/2022/Community/VC/vcpkg/"
      - "C:/src/vcpkg/downloads/tools/ninja-1.13.2-windows/"
    searched_directories:
      - "C:/src/vcpkg/installed/x64-windows-static/Program Files/Microsoft Visual Studio/2022/Community/VC/Tools/MSVC/14.44.35207/bin/Hostx64/x64/mt.com"
      - "C:/src/vcpkg/installed/x64-windows-static/Program Files/Microsoft Visual Studio/2022/Community/VC/Tools/MSVC/14.44.35207/bin/Hostx64/x64/mt.exe"
      - "C:/src/vcpkg/installed/x64-windows-static/Program Files/Microsoft Visual Studio/2022/Community/VC/Tools/MSVC/14.44.35207/bin/Hostx64/x64/mt"
      - "C:/src/vcpkg/installed/x64-windows-static/Program Files/Microsoft Visual Studio/2022/Community/Common7/IDE/VC/vcpackages/mt.com"
      - "C:/src/vcpkg/installed/x64-windows-static/Program Files/Microsoft Visual Studio/2022/Community/Common7/IDE/VC/vcpackages/mt.exe"
      - "C:/src/vcpkg/installed/x64-windows-static/Program Files/Microsoft Visual Studio/2022/Community/Common7/IDE/VC/vcpackages/mt"
      - "C:/src/vcpkg/installed/x64-windows-static/Program Files/Microsoft Visual Studio/2022/Community/Common7/IDE/CommonExtensions/Microsoft/TestWindow/mt.com"
      - "C:/src/vcpkg/installed/x64-windows-static/Program Files/Microsoft Visual Studio/2022/Community/Common7/IDE/CommonExtensions/Microsoft/TestWindow/mt.exe"
      - "C:/src/vcpkg/installed/x64-windows-static/Program Files/Microsoft Visual Studio/2022/Community/Common7/IDE/CommonExtensions/Microsoft/TestWindow/mt"
      - "C:/src/vcpkg/installed/x64-windows-static/Program Files/Microsoft Visual Studio/2022/Community/Common7/IDE/CommonExtensions/Microsoft/TeamFoundation/Team Explorer/mt.com"
      - "C:/src/vcpkg/installed/x64-windows-static/Program Files/Microsoft Visual Studio/2022/Community/Common7/IDE/CommonExtensions/Microsoft/TeamFoundation/Team Explorer/mt.exe"
      - "C:/src/vcpkg/installed/x64-windows-static/Program Files/Microsoft Visual Studio/2022/Community/Common7/IDE/CommonExtensions/Microsoft/TeamFoundation/Team Explorer/mt"
      - "C:/src/vcpkg/installed/x64-windows-static/Program Files/Microsoft Visual Studio/2022/Community/MSBuild/Current/Bin/Roslyn/mt.com"
      - "C:/src/vcpkg/installed/x64-windows-static/Program Files/Microsoft Visual Studio/2022/Community/MSBuild/Current/Bin/Roslyn/mt.exe"
      - "C:/src/vcpkg/installed/x64-windows-static/Program Files/Microsoft Visual Studio/2022/Community/MSBuild/Current/Bin/Roslyn/mt"
      - "C:/src/vcpkg/installed/x64-windows-static/Program Files (x86)/Microsoft SDKs/Windows/v10.0A/bin/NETFX 4.8 Tools/x64/mt.com"
      - "C:/src/vcpkg/installed/x64-windows-static/Program Files (x86)/Microsoft SDKs/Windows/v10.0A/bin/NETFX 4.8 Tools/x64/mt.exe"
      - "C:/src/vcpkg/installed/x64-windows-static/Program Files (x86)/Microsoft SDKs/Windows/v10.0A/bin/NETFX 4.8 Tools/x64/mt"
      - "C:/src/vcpkg/installed/x64-windows-static/Program Files/Microsoft Visual Studio/2022/Community/Common7/IDE/CommonExtensions/Microsoft/FSharp/Tools/mt.com"
      - "C:/src/vcpkg/installed/x64-windows-static/Program Files/Microsoft Visual Studio/2022/Community/Common7/IDE/CommonExtensions/Microsoft/FSharp/Tools/mt.exe"
      - "C:/src/vcpkg/installed/x64-windows-static/Program Files/Microsoft Visual Studio/2022/Community/Common7/IDE/CommonExtensions/Microsoft/FSharp/Tools/mt"
      - "C:/src/vcpkg/installed/x64-windows-static/Program Files/Microsoft Visual Studio/2022/Community/Team Tools/DiagnosticsHub/Collector/mt.com"
      - "C:/src/vcpkg/installed/x64-windows-static/Program Files/Microsoft Visual Studio/2022/Community/Team Tools/DiagnosticsHub/Collector/mt.exe"
      - "C:/src/vcpkg/installed/x64-windows-static/Program Files/Microsoft Visual Studio/2022/Community/Team Tools/DiagnosticsHub/Collector/mt"
      - "C:/src/vcpkg/installed/x64-windows-static/Program Files (x86)/Windows Kits/10/bin/10.0.26100.0/x64/mt.com"
      - "C:/src/vcpkg/installed/x64-windows-static/Program Files (x86)/Windows Kits/10/bin/10.0.26100.0/x64/mt.exe"
      - "C:/src/vcpkg/installed/x64-windows-static/Program Files (x86)/Windows Kits/10/bin/10.0.26100.0/x64/mt"
      - "C:/src/vcpkg/installed/x64-windows-static/Program Files (x86)/Windows Kits/10/bin/x64/mt.com"
      - "C:/src/vcpkg/installed/x64-windows-static/Program Files (x86)/Windows Kits/10/bin/x64/mt.exe"
      - "C:/src/vcpkg/installed/x64-windows-static/Program Files (x86)/Windows Kits/10/bin/x64/mt"
      - "C:/src/vcpkg/installed/x64-windows-static/Program Files/Microsoft Visual Studio/2022/Community/MSBuild/Current/Bin/amd64/mt.com"
      - "C:/src/vcpkg/installed/x64-windows-static/Program Files/Microsoft Visual Studio/2022/Community/MSBuild/Current/Bin/amd64/mt.exe"
      - "C:/src/vcpkg/installed/x64-windows-static/Program Files/Microsoft Visual Studio/2022/Community/MSBuild/Current/Bin/amd64/mt"
      - "C:/src/vcpkg/installed/x64-windows-static/Windows/Microsoft.NET/Framework64/v4.0.30319/mt.com"
      - "C:/src/vcpkg/installed/x64-windows-static/Windows/Microsoft.NET/Framework64/v4.0.30319/mt.exe"
      - "C:/src/vcpkg/installed/x64-windows-static/Windows/Microsoft.NET/Framework64/v4.0.30319/mt"
      - "C:/src/vcpkg/installed/x64-windows-static/Program Files/Microsoft Visual Studio/2022/Community/Common7/IDE/mt.com"
      - "C:/src/vcpkg/installed/x64-windows-static/Program Files/Microsoft Visual Studio/2022/Community/Common7/IDE/mt.exe"
      - "C:/src/vcpkg/installed/x64-windows-static/Program Files/Microsoft Visual Studio/2022/Community/Common7/IDE/mt"
      - "C:/src/vcpkg/installed/x64-windows-static/Program Files/Microsoft Visual Studio/2022/Community/Common7/Tools/mt.com"
      - "C:/src/vcpkg/installed/x64-windows-static/Program Files/Microsoft Visual Studio/2022/Community/Common7/Tools/mt.exe"
      - "C:/src/vcpkg/installed/x64-windows-static/Program Files/Microsoft Visual Studio/2022/Community/Common7/Tools/mt"
      - "C:/src/vcpkg/installed/x64-windows-static/src/vcpkg/downloads/tools/powershell-core-7.6.4-windows/mt.com"
      - "C:/src/vcpkg/installed/x64-windows-static/src/vcpkg/downloads/tools/powershell-core-7.6.4-windows/mt.exe"
      - "C:/src/vcpkg/installed/x64-windows-static/src/vcpkg/downloads/tools/powershell-core-7.6.4-windows/mt"
      - "C:/src/vcpkg/installed/x64-windows-static/Windows/System32/mt.com"
      - "C:/src/vcpkg/installed/x64-windows-static/Windows/System32/mt.exe"
      - "C:/src/vcpkg/installed/x64-windows-static/Windows/System32/mt"
      - "C:/src/vcpkg/installed/x64-windows-static/Windows/mt.com"
      - "C:/src/vcpkg/installed/x64-windows-static/Windows/mt.exe"
      - "C:/src/vcpkg/installed/x64-windows-static/Windows/mt"
      - "C:/src/vcpkg/installed/x64-windows-static/Windows/System32/wbem/mt.com"
      - "C:/src/vcpkg/installed/x64-windows-static/Windows/System32/wbem/mt.exe"
      - "C:/src/vcpkg/installed/x64-windows-static/Windows/System32/wbem/mt"
      - "C:/src/vcpkg/installed/x64-windows-static/Windows/System32/WindowsPowerShell/v1.0/mt.com"
      - "C:/src/vcpkg/installed/x64-windows-static/Windows/System32/WindowsPowerShell/v1.0/mt.exe"
      - "C:/src/vcpkg/installed/x64-windows-static/Windows/System32/WindowsPowerShell/v1.0/mt"
      - "C:/src/vcpkg/installed/x64-windows-static/Windows/System32/OpenSSH/mt.com"
      - "C:/src/vcpkg/installed/x64-windows-static/Windows/System32/OpenSSH/mt.exe"
      - "C:/src/vcpkg/installed/x64-windows-static/Windows/System32/OpenSSH/mt"
      - "C:/src/vcpkg/installed/x64-windows-static/Program Files/Microsoft Visual Studio/2022/Community/Common7/IDE/CommonExtensions/Microsoft/CMake/CMake/bin/mt.com"
      - "C:/src/vcpkg/installed/x64-windows-static/Program Files/Microsoft Visual Studio/2022/Community/Common7/IDE/CommonExtensions/Microsoft/CMake/CMake/bin/mt.exe"
      - "C:/src/vcpkg/installed/x64-windows-static/Program Files/Microsoft Visual Studio/2022/Community/Common7/IDE/CommonExtensions/Microsoft/CMake/CMake/bin/mt"
      - "C:/src/vcpkg/installed/x64-windows-static/Program Files/Microsoft Visual Studio/2022/Community/Common7/IDE/CommonExtensions/Microsoft/CMake/Ninja/mt.com"
      - "C:/src/vcpkg/installed/x64-windows-static/Program Files/Microsoft Visual Studio/2022/Community/Common7/IDE/CommonExtensions/Microsoft/CMake/Ninja/mt.exe"
      - "C:/src/vcpkg/installed/x64-windows-static/Program Files/Microsoft Visual Studio/2022/Community/Common7/IDE/CommonExtensions/Microsoft/CMake/Ninja/mt"
      - "C:/src/vcpkg/installed/x64-windows-static/Program Files/Microsoft Visual Studio/2022/Community/Common7/IDE/VC/Linux/bin/ConnectionManagerExe/mt.com"
      - "C:/src/vcpkg/installed/x64-windows-static/Program Files/Microsoft Visual Studio/2022/Community/Common7/IDE/VC/Linux/bin/ConnectionManagerExe/mt.exe"
      - "C:/src/vcpkg/installed/x64-windows-static/Program Files/Microsoft Visual Studio/2022/Community/Common7/IDE/VC/Linux/bin/ConnectionManagerExe/mt"
      - "C:/src/vcpkg/installed/x64-windows-static/Program Files/Microsoft Visual Studio/2022/Community/VC/vcpkg/mt.com"
      - "C:/src/vcpkg/installed/x64-windows-static/Program Files/Microsoft Visual Studio/2022/Community/VC/vcpkg/mt.exe"
      - "C:/src/vcpkg/installed/x64-windows-static/Program Files/Microsoft Visual Studio/2022/Community/VC/vcpkg/mt"
      - "C:/src/vcpkg/installed/x64-windows-static/src/vcpkg/downloads/tools/ninja-1.13.2-windows/mt.com"
      - "C:/src/vcpkg/installed/x64-windows-static/src/vcpkg/downloads/tools/ninja-1.13.2-windows/mt.exe"
      - "C:/src/vcpkg/installed/x64-windows-static/src/vcpkg/downloads/tools/ninja-1.13.2-windows/mt"
      - "C:/src/vcpkg/installed/x64-windows-static/debug/Program Files/Microsoft Visual Studio/2022/Community/VC/Tools/MSVC/14.44.35207/bin/Hostx64/x64/mt.com"
      - "C:/src/vcpkg/installed/x64-windows-static/debug/Program Files/Microsoft Visual Studio/2022/Community/VC/Tools/MSVC/14.44.35207/bin/Hostx64/x64/mt.exe"
      - "C:/src/vcpkg/installed/x64-windows-static/debug/Program Files/Microsoft Visual Studio/2022/Community/VC/Tools/MSVC/14.44.35207/bin/Hostx64/x64/mt"
      - "C:/src/vcpkg/installed/x64-windows-static/debug/Program Files/Microsoft Visual Studio/2022/Community/Common7/IDE/VC/vcpackages/mt.com"
      - "C:/src/vcpkg/installed/x64-windows-static/debug/Program Files/Microsoft Visual Studio/2022/Community/Common7/IDE/VC/vcpackages/mt.exe"
      - "C:/src/vcpkg/installed/x64-windows-static/debug/Program Files/Microsoft Visual Studio/2022/Community/Common7/IDE/VC/vcpackages/mt"
      - "C:/src/vcpkg/installed/x64-windows-static/debug/Program Files/Microsoft Visual Studio/2022/Community/Common7/IDE/CommonExtensions/Microsoft/TestWindow/mt.com"
      - "C:/src/vcpkg/installed/x64-windows-static/debug/Program Files/Microsoft Visual Studio/2022/Community/Common7/IDE/CommonExtensions/Microsoft/TestWindow/mt.exe"
      - "C:/src/vcpkg/installed/x64-windows-static/debug/Program Files/Microsoft Visual Studio/2022/Community/Common7/IDE/CommonExtensions/Microsoft/TestWindow/mt"
      - "C:/src/vcpkg/installed/x64-windows-static/debug/Program Files/Microsoft Visual Studio/2022/Community/Common7/IDE/CommonExtensions/Microsoft/TeamFoundation/Team Explorer/mt.com"
      - "C:/src/vcpkg/installed/x64-windows-static/debug/Program Files/Microsoft Visual Studio/2022/Community/Common7/IDE/CommonExtensions/Microsoft/TeamFoundation/Team Explorer/mt.exe"
      - "C:/src/vcpkg/installed/x64-windows-static/debug/Program Files/Microsoft Visual Studio/2022/Community/Common7/IDE/CommonExtensions/Microsoft/TeamFoundation/Team Explorer/mt"
      - "C:/src/vcpkg/installed/x64-windows-static/debug/Program Files/Microsoft Visual Studio/2022/Community/MSBuild/Current/Bin/Roslyn/mt.com"
      - "C:/src/vcpkg/installed/x64-windows-static/debug/Program Files/Microsoft Visual Studio/2022/Community/MSBuild/Current/Bin/Roslyn/mt.exe"
      - "C:/src/vcpkg/installed/x64-windows-static/debug/Program Files/Microsoft Visual Studio/2022/Community/MSBuild/Current/Bin/Roslyn/mt"
      - "C:/src/vcpkg/installed/x64-windows-static/debug/Program Files (x86)/Microsoft SDKs/Windows/v10.0A/bin/NETFX 4.8 Tools/x64/mt.com"
      - "C:/src/vcpkg/installed/x64-windows-static/debug/Program Files (x86)/Microsoft SDKs/Windows/v10.0A/bin/NETFX 4.8 Tools/x64/mt.exe"
      - "C:/src/vcpkg/installed/x64-windows-static/debug/Program Files (x86)/Microsoft SDKs/Windows/v10.0A/bin/NETFX 4.8 Tools/x64/mt"
      - "C:/src/vcpkg/installed/x64-windows-static/debug/Program Files/Microsoft Visual Studio/2022/Community/Common7/IDE/CommonExtensions/Microsoft/FSharp/Tools/mt.com"
      - "C:/src/vcpkg/installed/x64-windows-static/debug/Program Files/Microsoft Visual Studio/2022/Community/Common7/IDE/CommonExtensions/Microsoft/FSharp/Tools/mt.exe"
      - "C:/src/vcpkg/installed/x64-windows-static/debug/Program Files/Microsoft Visual Studio/2022/Community/Common7/IDE/CommonExtensions/Microsoft/FSharp/Tools/mt"
      - "C:/src/vcpkg/installed/x64-windows-static/debug/Program Files/Microsoft Visual Studio/2022/Community/Team Tools/DiagnosticsHub/Collector/mt.com"
      - "C:/src/vcpkg/installed/x64-windows-static/debug/Program Files/Microsoft Visual Studio/2022/Community/Team Tools/DiagnosticsHub/Collector/mt.exe"
      - "C:/src/vcpkg/installed/x64-windows-static/debug/Program Files/Microsoft Visual Studio/2022/Community/Team Tools/DiagnosticsHub/Collector/mt"
      - "C:/src/vcpkg/installed/x64-windows-static/debug/Program Files (x86)/Windows Kits/10/bin/10.0.26100.0/x64/mt.com"
      - "C:/src/vcpkg/installed/x64-windows-static/debug/Program Files (x86)/Windows Kits/10/bin/10.0.26100.0/x64/mt.exe"
      - "C:/src/vcpkg/installed/x64-windows-static/debug/Program Files (x86)/Windows Kits/10/bin/10.0.26100.0/x64/mt"
      - "C:/src/vcpkg/installed/x64-windows-static/debug/Program Files (x86)/Windows Kits/10/bin/x64/mt.com"
      - "C:/src/vcpkg/installed/x64-windows-static/debug/Program Files (x86)/Windows Kits/10/bin/x64/mt.exe"
      - "C:/src/vcpkg/installed/x64-windows-static/debug/Program Files (x86)/Windows Kits/10/bin/x64/mt"
      - "C:/src/vcpkg/installed/x64-windows-static/debug/Program Files/Microsoft Visual Studio/2022/Community/MSBuild/Current/Bin/amd64/mt.com"
      - "C:/src/vcpkg/installed/x64-windows-static/debug/Program Files/Microsoft Visual Studio/2022/Community/MSBuild/Current/Bin/amd64/mt.exe"
      - "C:/src/vcpkg/installed/x64-windows-static/debug/Program Files/Microsoft Visual Studio/2022/Community/MSBuild/Current/Bin/amd64/mt"
      - "C:/src/vcpkg/installed/x64-windows-static/debug/Windows/Microsoft.NET/Framework64/v4.0.30319/mt.com"
      - "C:/src/vcpkg/installed/x64-windows-static/debug/Windows/Microsoft.NET/Framework64/v4.0.30319/mt.exe"
      - "C:/src/vcpkg/installed/x64-windows-static/debug/Windows/Microsoft.NET/Framework64/v4.0.30319/mt"
      - "C:/src/vcpkg/installed/x64-windows-static/debug/Program Files/Microsoft Visual Studio/2022/Community/Common7/IDE/mt.com"
      - "C:/src/vcpkg/installed/x64-windows-static/debug/Program Files/Microsoft Visual Studio/2022/Community/Common7/IDE/mt.exe"
      - "C:/src/vcpkg/installed/x64-windows-static/debug/Program Files/Microsoft Visual Studio/2022/Community/Common7/IDE/mt"
      - "C:/src/vcpkg/installed/x64-windows-static/debug/Program Files/Microsoft Visual Studio/2022/Community/Common7/Tools/mt.com"
      - "C:/src/vcpkg/installed/x64-windows-static/debug/Program Files/Microsoft Visual Studio/2022/Community/Common7/Tools/mt.exe"
      - "C:/src/vcpkg/installed/x64-windows-static/debug/Program Files/Microsoft Visual Studio/2022/Community/Common7/Tools/mt"
      - "C:/src/vcpkg/installed/x64-windows-static/debug/src/vcpkg/downloads/tools/powershell-core-7.6.4-windows/mt.com"
      - "C:/src/vcpkg/installed/x64-windows-static/debug/src/vcpkg/downloads/tools/powershell-core-7.6.4-windows/mt.exe"
      - "C:/src/vcpkg/installed/x64-windows-static/debug/src/vcpkg/downloads/tools/powershell-core-7.6.4-windows/mt"
      - "C:/src/vcpkg/installed/x64-windows-static/debug/Windows/System32/mt.com"
      - "C:/src/vcpkg/installed/x64-windows-static/debug/Windows/System32/mt.exe"
      - "C:/src/vcpkg/installed/x64-windows-static/debug/Windows/System32/mt"
      - "C:/src/vcpkg/installed/x64-windows-static/debug/Windows/mt.com"
      - "C:/src/vcpkg/installed/x64-windows-static/debug/Windows/mt.exe"
      - "C:/src/vcpkg/installed/x64-windows-static/debug/Windows/mt"
      - "C:/src/vcpkg/installed/x64-windows-static/debug/Windows/System32/wbem/mt.com"
      - "C:/src/vcpkg/installed/x64-windows-static/debug/Windows/System32/wbem/mt.exe"
      - "C:/src/vcpkg/installed/x64-windows-static/debug/Windows/System32/wbem/mt"
      - "C:/src/vcpkg/installed/x64-windows-static/debug/Windows/System32/WindowsPowerShell/v1.0/mt.com"
      - "C:/src/vcpkg/installed/x64-windows-static/debug/Windows/System32/WindowsPowerShell/v1.0/mt.exe"
      - "C:/src/vcpkg/installed/x64-windows-static/debug/Windows/System32/WindowsPowerShell/v1.0/mt"
      - "C:/src/vcpkg/installed/x64-windows-static/debug/Windows/System32/OpenSSH/mt.com"
      - "C:/src/vcpkg/installed/x64-windows-static/debug/Windows/System32/OpenSSH/mt.exe"
      - "C:/src/vcpkg/installed/x64-windows-static/debug/Windows/System32/OpenSSH/mt"
      - "C:/src/vcpkg/installed/x64-windows-static/debug/Program Files/Microsoft Visual Studio/2022/Community/Common7/IDE/CommonExtensions/Microsoft/CMake/CMake/bin/mt.com"
      - "C:/src/vcpkg/installed/x64-windows-static/debug/Program Files/Microsoft Visual Studio/2022/Community/Common7/IDE/CommonExtensions/Microsoft/CMake/CMake/bin/mt.exe"
      - "C:/src/vcpkg/installed/x64-windows-static/debug/Program Files/Microsoft Visual Studio/2022/Community/Common7/IDE/CommonExtensions/Microsoft/CMake/CMake/bin/mt"
      - "C:/src/vcpkg/installed/x64-windows-static/debug/Program Files/Microsoft Visual Studio/2022/Community/Common7/IDE/CommonExtensions/Microsoft/CMake/Ninja/mt.com"
      - "C:/src/vcpkg/installed/x64-windows-static/debug/Program Files/Microsoft Visual Studio/2022/Community/Common7/IDE/CommonExtensions/Microsoft/CMake/Ninja/mt.exe"
      - "C:/src/vcpkg/installed/x64-windows-static/debug/Program Files/Microsoft Visual Studio/2022/Community/Common7/IDE/CommonExtensions/Microsoft/CMake/Ninja/mt"
      - "C:/src/vcpkg/installed/x64-windows-static/debug/Program Files/Microsoft Visual Studio/2022/Community/Common7/IDE/VC/Linux/bin/ConnectionManagerExe/mt.com"
      - "C:/src/vcpkg/installed/x64-windows-static/debug/Program Files/Microsoft Visual Studio/2022/Community/Common7/IDE/VC/Linux/bin/ConnectionManagerExe/mt.exe"
      - "C:/src/vcpkg/installed/x64-windows-static/debug/Program Files/Microsoft Visual Studio/2022/Community/Common7/IDE/VC/Linux/bin/ConnectionManagerExe/mt"
      - "C:/src/vcpkg/installed/x64-windows-static/debug/Program Files/Microsoft Visual Studio/2022/Community/VC/vcpkg/mt.com"
      - "C:/src/vcpkg/installed/x64-windows-static/debug/Program Files/Microsoft Visual Studio/2022/Community/VC/vcpkg/mt.exe"
      - "C:/src/vcpkg/installed/x64-windows-static/debug/Program Files/Microsoft Visual Studio/2022/Community/VC/vcpkg/mt"
      - "C:/src/vcpkg/installed/x64-windows-static/debug/src/vcpkg/downloads/tools/ninja-1.13.2-windows/mt.com"
      - "C:/src/vcpkg/installed/x64-windows-static/debug/src/vcpkg/downloads/tools/ninja-1.13.2-windows/mt.exe"
      - "C:/src/vcpkg/installed/x64-windows-static/debug/src/vcpkg/downloads/tools/ninja-1.13.2-windows/mt"
      - "C:/Program Files/Microsoft Visual Studio/2022/Community/VC/Tools/MSVC/14.44.35207/bin/Hostx64/x64/mt.com"
      - "C:/Program Files/Microsoft Visual Studio/2022/Community/VC/Tools/MSVC/14.44.35207/bin/Hostx64/x64/mt.exe"
      - "C:/Program Files/Microsoft Visual Studio/2022/Community/VC/Tools/MSVC/14.44.35207/bin/Hostx64/x64/mt"
      - "C:/Program Files/Microsoft Visual Studio/2022/Community/Common7/IDE/VC/vcpackages/mt.com"
      - "C:/Program Files/Microsoft Visual Studio/2022/Community/Common7/IDE/VC/vcpackages/mt.exe"
      - "C:/Program Files/Microsoft Visual Studio/2022/Community/Common7/IDE/VC/vcpackages/mt"
      - "C:/Program Files/Microsoft Visual Studio/2022/Community/Common7/IDE/CommonExtensions/Microsoft/TestWindow/mt.com"
      - "C:/Program Files/Microsoft Visual Studio/2022/Community/Common7/IDE/CommonExtensions/Microsoft/TestWindow/mt.exe"
      - "C:/Program Files/Microsoft Visual Studio/2022/Community/Common7/IDE/CommonExtensions/Microsoft/TestWindow/mt"
      - "C:/Program Files/Microsoft Visual Studio/2022/Community/Common7/IDE/CommonExtensions/Microsoft/TeamFoundation/Team Explorer/mt.com"
      - "C:/Program Files/Microsoft Visual Studio/2022/Community/Common7/IDE/CommonExtensions/Microsoft/TeamFoundation/Team Explorer/mt.exe"
      - "C:/Program Files/Microsoft Visual Studio/2022/Community/Common7/IDE/CommonExtensions/Microsoft/TeamFoundation/Team Explorer/mt"
      - "C:/Program Files/Microsoft Visual Studio/2022/Community/MSBuild/Current/Bin/Roslyn/mt.com"
      - "C:/Program Files/Microsoft Visual Studio/2022/Community/MSBuild/Current/Bin/Roslyn/mt.exe"
      - "C:/Program Files/Microsoft Visual Studio/2022/Community/MSBuild/Current/Bin/Roslyn/mt"
      - "C:/Program Files (x86)/Microsoft SDKs/Windows/v10.0A/bin/NETFX 4.8 Tools/x64/mt.com"
      - "C:/Program Files (x86)/Microsoft SDKs/Windows/v10.0A/bin/NETFX 4.8 Tools/x64/mt.exe"
      - "C:/Program Files (x86)/Microsoft SDKs/Windows/v10.0A/bin/NETFX 4.8 Tools/x64/mt"
      - "C:/Program Files/Microsoft Visual Studio/2022/Community/Common7/IDE/CommonExtensions/Microsoft/FSharp/Tools/mt.com"
      - "C:/Program Files/Microsoft Visual Studio/2022/Community/Common7/IDE/CommonExtensions/Microsoft/FSharp/Tools/mt.exe"
      - "C:/Program Files/Microsoft Visual Studio/2022/Community/Common7/IDE/CommonExtensions/Microsoft/FSharp/Tools/mt"
      - "C:/Program Files/Microsoft Visual Studio/2022/Community/Team Tools/DiagnosticsHub/Collector/mt.com"
      - "C:/Program Files/Microsoft Visual Studio/2022/Community/Team Tools/DiagnosticsHub/Collector/mt.exe"
      - "C:/Program Files/Microsoft Visual Studio/2022/Community/Team Tools/DiagnosticsHub/Collector/mt"
      - "C:/Program Files (x86)/Windows Kits/10/bin/10.0.26100.0/x64/mt.com"
    found: "C:/Program Files (x86)/Windows Kits/10/bin/10.0.26100.0/x64/mt.exe"
    search_context:
      CMAKE_PROGRAM_PATH:
        - "C:/src/vcpkg/installed/x64-windows-static/tools"
      CMAKE_PREFIX_PATH:
        - "C:/src/vcpkg/installed/x64-windows-static"
        - "C:/src/vcpkg/installed/x64-windows-static/debug"
      ENV{PATH}:
        - "C:\\Program Files\\Microsoft Visual Studio\\2022\\Community\\VC\\Tools\\MSVC\\14.44.35207\\bin\\HostX64\\x64"
        - "C:\\Program Files\\Microsoft Visual Studio\\2022\\Community\\Common7\\IDE\\VC\\VCPackages"
        - "C:\\Program Files\\Microsoft Visual Studio\\2022\\Community\\Common7\\IDE\\CommonExtensions\\Microsoft\\TestWindow"
        - "C:\\Program Files\\Microsoft Visual Studio\\2022\\Community\\Common7\\IDE\\CommonExtensions\\Microsoft\\TeamFoundation\\Team Explorer"
        - "C:\\Program Files\\Microsoft Visual Studio\\2022\\Community\\MSBuild\\Current\\bin\\Roslyn"
        - "C:\\Program Files (x86)\\Microsoft SDKs\\Windows\\v10.0A\\bin\\NETFX 4.8 Tools\\x64\\"
        - "C:\\Program Files\\Microsoft Visual Studio\\2022\\Community\\Common7\\IDE\\CommonExtensions\\Microsoft\\FSharp\\Tools"
        - "C:\\Program Files\\Microsoft Visual Studio\\2022\\Community\\Team Tools\\DiagnosticsHub\\Collector"
        - "C:\\Program Files (x86)\\Windows Kits\\10\\bin\\10.0.26100.0\\x64"
        - "C:\\Program Files (x86)\\Windows Kits\\10\\bin\\x64"
        - "C:\\Program Files\\Microsoft Visual Studio\\2022\\Community\\MSBuild\\Current\\Bin\\amd64"
        - "C:\\Windows\\Microsoft.NET\\Framework64\\v4.0.30319"
        - "C:\\Program Files\\Microsoft Visual Studio\\2022\\Community\\Common7\\IDE\\"
        - "C:\\Program Files\\Microsoft Visual Studio\\2022\\Community\\Common7\\Tools\\"
        - "C:\\src\\vcpkg\\downloads\\tools\\powershell-core-7.6.4-windows"
        - "C:\\WINDOWS\\system32"
        - "C:\\WINDOWS"
        - "C:\\WINDOWS\\system32\\Wbem"
        - "C:\\WINDOWS\\system32\\WindowsPowerShell\\v1.0\\"
        - "C:\\WINDOWS\\system32\\OpenSSH\\"
        - "C:\\Program Files\\Microsoft Visual Studio\\2022\\Community\\Common7\\IDE\\CommonExtensions\\Microsoft\\CMake\\CMake\\bin"
        - "C:\\Program Files\\Microsoft Visual Studio\\2022\\Community\\Common7\\IDE\\CommonExtensions\\Microsoft\\CMake\\Ninja"
        - "C:\\Program Files\\Microsoft Visual Studio\\2022\\Community\\Common7\\IDE\\VC\\Linux\\bin\\ConnectionManagerExe"
        - "C:\\Program Files\\Microsoft Visual Studio\\2022\\Community\\VC\\vcpkg"
        - "C:\\src\\vcpkg\\downloads\\tools\\ninja-1.13.2-windows"
      CMAKE_INSTALL_PREFIX: "C:/src/vcpkg/packages/sdl2_x64-windows-static"
      CMAKE_FIND_ROOT_PATH: "C:/src/vcpkg/installed/x64-windows-static;C:/src/vcpkg/installed/x64-windows-static/debug"
  -
    kind: "find-v1"
    backtrace:
      - "C:/Program Files/CMake/share/cmake-4.4/Modules/CMakeFindBinUtils.cmake:247 (find_program)"
      - "C:/Program Files/CMake/share/cmake-4.4/Modules/CMakeDetermineCCompiler.cmake:200 (include)"
      - "CMakeLists.txt:9 (project)"
    mode: "program"
    variable: "CMAKE_AR"
    description: "Path to a program."
    settings:
      SearchFramework: "LAST"
      SearchAppBundle: "LAST"
      CMAKE_FIND_USE_CMAKE_PATH: false
      CMAKE_FIND_USE_CMAKE_ENVIRONMENT_PATH: false
      CMAKE_FIND_USE_SYSTEM_ENVIRONMENT_PATH: true
      CMAKE_FIND_USE_CMAKE_SYSTEM_PATH: true
      CMAKE_FIND_USE_INSTALL_PREFIX: true
    names:
      - "lib"
    candidate_directories:
      - "C:/src/vcpkg/installed/x64-windows-static/Program Files/Microsoft Visual Studio/2022/Community/VC/Tools/MSVC/14.44.35207/bin/Hostx64/x64/"
      - "C:/src/vcpkg/installed/x64-windows-static/Program Files/Microsoft Visual Studio/2022/Community/Common7/IDE/VC/vcpackages/"
      - "C:/src/vcpkg/installed/x64-windows-static/Program Files/Microsoft Visual Studio/2022/Community/Common7/IDE/CommonExtensions/Microsoft/TestWindow/"
      - "C:/src/vcpkg/installed/x64-windows-static/Program Files/Microsoft Visual Studio/2022/Community/Common7/IDE/CommonExtensions/Microsoft/TeamFoundation/Team Explorer/"
      - "C:/src/vcpkg/installed/x64-windows-static/Program Files/Microsoft Visual Studio/2022/Community/MSBuild/Current/Bin/Roslyn/"
      - "C:/src/vcpkg/installed/x64-windows-static/Program Files (x86)/Microsoft SDKs/Windows/v10.0A/bin/NETFX 4.8 Tools/x64/"
      - "C:/src/vcpkg/installed/x64-windows-static/Program Files/Microsoft Visual Studio/2022/Community/Common7/IDE/CommonExtensions/Microsoft/FSharp/Tools/"
      - "C:/src/vcpkg/installed/x64-windows-static/Program Files/Microsoft Visual Studio/2022/Community/Team Tools/DiagnosticsHub/Collector/"
      - "C:/src/vcpkg/installed/x64-windows-static/Program Files (x86)/Windows Kits/10/bin/10.0.26100.0/x64/"
      - "C:/src/vcpkg/installed/x64-windows-static/Program Files (x86)/Windows Kits/10/bin/x64/"
      - "C:/src/vcpkg/installed/x64-windows-static/Program Files/Microsoft Visual Studio/2022/Community/MSBuild/Current/Bin/amd64/"
      - "C:/src/vcpkg/installed/x64-windows-static/Windows/Microsoft.NET/Framework64/v4.0.30319/"
      - "C:/src/vcpkg/installed/x64-windows-static/Program Files/Microsoft Visual Studio/2022/Community/Common7/IDE/"
      - "C:/src/vcpkg/installed/x64-windows-static/Program Files/Microsoft Visual Studio/2022/Community/Common7/Tools/"
      - "C:/src/vcpkg/installed/x64-windows-static/src/vcpkg/downloads/tools/powershell-core-7.6.4-windows/"
      - "C:/src/vcpkg/installed/x64-windows-static/Windows/System32/"
      - "C:/src/vcpkg/installed/x64-windows-static/Windows/"
      - "C:/src/vcpkg/installed/x64-windows-static/Windows/System32/wbem/"
      - "C:/src/vcpkg/installed/x64-windows-static/Windows/System32/WindowsPowerShell/v1.0/"
      - "C:/src/vcpkg/installed/x64-windows-static/Windows/System32/OpenSSH/"
      - "C:/src/vcpkg/installed/x64-windows-static/Program Files/Microsoft Visual Studio/2022/Community/Common7/IDE/CommonExtensions/Microsoft/CMake/CMake/bin/"
      - "C:/src/vcpkg/installed/x64-windows-static/Program Files/Microsoft Visual Studio/2022/Community/Common7/IDE/CommonExtensions/Microsoft/CMake/Ninja/"
      - "C:/src/vcpkg/installed/x64-windows-static/Program Files/Microsoft Visual Studio/2022/Community/Common7/IDE/VC/Linux/bin/ConnectionManagerExe/"
      - "C:/src/vcpkg/installed/x64-windows-static/Program Files/Microsoft Visual Studio/2022/Community/VC/vcpkg/"
      - "C:/src/vcpkg/installed/x64-windows-static/src/vcpkg/downloads/tools/ninja-1.13.2-windows/"
      - "C:/src/vcpkg/installed/x64-windows-static/debug/Program Files/Microsoft Visual Studio/2022/Community/VC/Tools/MSVC/14.44.35207/bin/Hostx64/x64/"
      - "C:/src/vcpkg/installed/x64-windows-static/debug/Program Files/Microsoft Visual Studio/2022/Community/Common7/IDE/VC/vcpackages/"
      - "C:/src/vcpkg/installed/x64-windows-static/debug/Program Files/Microsoft Visual Studio/2022/Community/Common7/IDE/CommonExtensions/Microsoft/TestWindow/"
      - "C:/src/vcpkg/installed/x64-windows-static/debug/Program Files/Microsoft Visual Studio/2022/Community/Common7/IDE/CommonExtensions/Microsoft/TeamFoundation/Team Explorer/"
      - "C:/src/vcpkg/installed/x64-windows-static/debug/Program Files/Microsoft Visual Studio/2022/Community/MSBuild/Current/Bin/Roslyn/"
      - "C:/src/vcpkg/installed/x64-windows-static/debug/Program Files (x86)/Microsoft SDKs/Windows/v10.0A/bin/NETFX 4.8 Tools/x64/"
      - "C:/src/vcpkg/installed/x64-windows-static/debug/Program Files/Microsoft Visual Studio/2022/Community/Common7/IDE/CommonExtensions/Microsoft/FSharp/Tools/"
      - "C:/src/vcpkg/installed/x64-windows-static/debug/Program Files/Microsoft Visual Studio/2022/Community/Team Tools/DiagnosticsHub/Collector/"
      - "C:/src/vcpkg/installed/x64-windows-static/debug/Program Files (x86)/Windows Kits/10/bin/10.0.26100.0/x64/"
      - "C:/src/vcpkg/installed/x64-windows-static/debug/Program Files (x86)/Windows Kits/10/bin/x64/"
      - "C:/src/vcpkg/installed/x64-windows-static/debug/Program Files/Microsoft Visual Studio/2022/Community/MSBuild/Current/Bin/amd64/"
      - "C:/src/vcpkg/installed/x64-windows-static/debug/Windows/Microsoft.NET/Framework64/v4.0.30319/"
      - "C:/src/vcpkg/installed/x64-windows-static/debug/Program Files/Microsoft Visual Studio/2022/Community/Common7/IDE/"
      - "C:/src/vcpkg/installed/x64-windows-static/debug/Program Files/Microsoft Visual Studio/2022/Community/Common7/Tools/"
      - "C:/src/vcpkg/installed/x64-windows-static/debug/src/vcpkg/downloads/tools/powershell-core-7.6.4-windows/"
      - "C:/src/vcpkg/installed/x64-windows-static/debug/Windows/System32/"
      - "C:/src/vcpkg/installed/x64-windows-static/debug/Windows/"
      - "C:/src/vcpkg/installed/x64-windows-static/debug/Windows/System32/wbem/"
      - "C:/src/vcpkg/installed/x64-windows-static/debug/Windows/System32/WindowsPowerShell/v1.0/"
      - "C:/src/vcpkg/installed/x64-windows-static/debug/Windows/System32/OpenSSH/"
      - "C:/src/vcpkg/installed/x64-windows-static/debug/Program Files/Microsoft Visual Studio/2022/Community/Common7/IDE/CommonExtensions/Microsoft/CMake/CMake/bin/"
      - "C:/src/vcpkg/installed/x64-windows-static/debug/Program Files/Microsoft Visual Studio/2022/Community/Common7/IDE/CommonExtensions/Microsoft/CMake/Ninja/"
      - "C:/src/vcpkg/installed/x64-windows-static/debug/Program Files/Microsoft Visual Studio/2022/Community/Common7/IDE/VC/Linux/bin/ConnectionManagerExe/"
      - "C:/src/vcpkg/installed/x64-windows-static/debug/Program Files/Microsoft Visual Studio/2022/Community/VC/vcpkg/"
      - "C:/src/vcpkg/installed/x64-windows-static/debug/src/vcpkg/downloads/tools/ninja-1.13.2-windows/"
      - "C:/Program Files/Microsoft Visual Studio/2022/Community/VC/Tools/MSVC/14.44.35207/bin/Hostx64/x64/"
      - "C:/Program Files/Microsoft Visual Studio/2022/Community/Common7/IDE/VC/vcpackages/"
      - "C:/Program Files/Microsoft Visual Studio/2022/Community/Common7/IDE/CommonExtensions/Microsoft/TestWindow/"
      - "C:/Program Files/Microsoft Visual Studio/2022/Community/Common7/IDE/CommonExtensions/Microsoft/TeamFoundation/Team Explorer/"
      - "C:/Program Files/Microsoft Visual Studio/2022/Community/MSBuild/Current/Bin/Roslyn/"
      - "C:/Program Files (x86)/Microsoft SDKs/Windows/v10.0A/bin/NETFX 4.8 Tools/x64/"
      - "C:/Program Files/Microsoft Visual Studio/2022/Community/Common7/IDE/CommonExtensions/Microsoft/FSharp/Tools/"
      - "C:/Program Files/Microsoft Visual Studio/2022/Community/Team Tools/DiagnosticsHub/Collector/"
      - "C:/Program Files (x86)/Windows Kits/10/bin/10.0.26100.0/x64/"
      - "C:/Program Files (x86)/Windows Kits/10/bin/x64/"
      - "C:/Program Files/Microsoft Visual Studio/2022/Community/MSBuild/Current/Bin/amd64/"
      - "C:/Windows/Microsoft.NET/Framework64/v4.0.30319/"
      - "C:/Program Files/Microsoft Visual Studio/2022/Community/Common7/IDE/"
      - "C:/Program Files/Microsoft Visual Studio/2022/Community/Common7/Tools/"
      - "C:/src/vcpkg/downloads/tools/powershell-core-7.6.4-windows/"
      - "C:/Windows/System32/"
      - "C:/Windows/"
      - "C:/Windows/System32/wbem/"
      - "C:/Windows/System32/WindowsPowerShell/v1.0/"
      - "C:/Windows/System32/OpenSSH/"
      - "C:/Program Files/Microsoft Visual Studio/2022/Community/Common7/IDE/CommonExtensions/Microsoft/CMake/CMake/bin/"
      - "C:/Program Files/Microsoft Visual Studio/2022/Community/Common7/IDE/CommonExtensions/Microsoft/CMake/Ninja/"
      - "C:/Program Files/Microsoft Visual Studio/2022/Community/Common7/IDE/VC/Linux/bin/ConnectionManagerExe/"
      - "C:/Program Files/Microsoft Visual Studio/2022/Community/VC/vcpkg/"
      - "C:/src/vcpkg/downloads/tools/ninja-1.13.2-windows/"
    searched_directories:
      - "C:/src/vcpkg/installed/x64-windows-static/Program Files/Microsoft Visual Studio/2022/Community/VC/Tools/MSVC/14.44.35207/bin/Hostx64/x64/lib.com"
      - "C:/src/vcpkg/installed/x64-windows-static/Program Files/Microsoft Visual Studio/2022/Community/VC/Tools/MSVC/14.44.35207/bin/Hostx64/x64/lib.exe"
      - "C:/src/vcpkg/installed/x64-windows-static/Program Files/Microsoft Visual Studio/2022/Community/VC/Tools/MSVC/14.44.35207/bin/Hostx64/x64/lib"
      - "C:/src/vcpkg/installed/x64-windows-static/Program Files/Microsoft Visual Studio/2022/Community/Common7/IDE/VC/vcpackages/lib.com"
      - "C:/src/vcpkg/installed/x64-windows-static/Program Files/Microsoft Visual Studio/2022/Community/Common7/IDE/VC/vcpackages/lib.exe"
      - "C:/src/vcpkg/installed/x64-windows-static/Program Files/Microsoft Visual Studio/2022/Community/Common7/IDE/VC/vcpackages/lib"
      - "C:/src/vcpkg/installed/x64-windows-static/Program Files/Microsoft Visual Studio/2022/Community/Common7/IDE/CommonExtensions/Microsoft/TestWindow/lib.com"
      - "C:/src/vcpkg/installed/x64-windows-static/Program Files/Microsoft Visual Studio/2022/Community/Common7/IDE/CommonExtensions/Microsoft/TestWindow/lib.exe"
      - "C:/src/vcpkg/installed/x64-windows-static/Program Files/Microsoft Visual Studio/2022/Community/Common7/IDE/CommonExtensions/Microsoft/TestWindow/lib"
      - "C:/src/vcpkg/installed/x64-windows-static/Program Files/Microsoft Visual Studio/2022/Community/Common7/IDE/CommonExtensions/Microsoft/TeamFoundation/Team Explorer/lib.com"
      - "C:/src/vcpkg/installed/x64-windows-static/Program Files/Microsoft Visual Studio/2022/Community/Common7/IDE/CommonExtensions/Microsoft/TeamFoundation/Team Explorer/lib.exe"
      - "C:/src/vcpkg/installed/x64-windows-static/Program Files/Microsoft Visual Studio/2022/Community/Common7/IDE/CommonExtensions/Microsoft/TeamFoundation/Team Explorer/lib"
      - "C:/src/vcpkg/installed/x64-windows-static/Program Files/Microsoft Visual Studio/2022/Community/MSBuild/Current/Bin/Roslyn/lib.com"
      - "C:/src/vcpkg/installed/x64-windows-static/Program Files/Microsoft Visual Studio/2022/Community/MSBuild/Current/Bin/Roslyn/lib.exe"
      - "C:/src/vcpkg/installed/x64-windows-static/Program Files/Microsoft Visual Studio/2022/Community/MSBuild/Current/Bin/Roslyn/lib"
      - "C:/src/vcpkg/installed/x64-windows-static/Program Files (x86)/Microsoft SDKs/Windows/v10.0A/bin/NETFX 4.8 Tools/x64/lib.com"
      - "C:/src/vcpkg/installed/x64-windows-static/Program Files (x86)/Microsoft SDKs/Windows/v10.0A/bin/NETFX 4.8 Tools/x64/lib.exe"
      - "C:/src/vcpkg/installed/x64-windows-static/Program Files (x86)/Microsoft SDKs/Windows/v10.0A/bin/NETFX 4.8 Tools/x64/lib"
      - "C:/src/vcpkg/installed/x64-windows-static/Program Files/Microsoft Visual Studio/2022/Community/Common7/IDE/CommonExtensions/Microsoft/FSharp/Tools/lib.com"
      - "C:/src/vcpkg/installed/x64-windows-static/Program Files/Microsoft Visual Studio/2022/Community/Common7/IDE/CommonExtensions/Microsoft/FSharp/Tools/lib.exe"
      - "C:/src/vcpkg/installed/x64-windows-static/Program Files/Microsoft Visual Studio/2022/Community/Common7/IDE/CommonExtensions/Microsoft/FSharp/Tools/lib"
      - "C:/src/vcpkg/installed/x64-windows-static/Program Files/Microsoft Visual Studio/2022/Community/Team Tools/DiagnosticsHub/Collector/lib.com"
      - "C:/src/vcpkg/installed/x64-windows-static/Program Files/Microsoft Visual Studio/2022/Community/Team Tools/DiagnosticsHub/Collector/lib.exe"
      - "C:/src/vcpkg/installed/x64-windows-static/Program Files/Microsoft Visual Studio/2022/Community/Team Tools/DiagnosticsHub/Collector/lib"
      - "C:/src/vcpkg/installed/x64-windows-static/Program Files (x86)/Windows Kits/10/bin/10.0.26100.0/x64/lib.com"
      - "C:/src/vcpkg/installed/x64-windows-static/Program Files (x86)/Windows Kits/10/bin/10.0.26100.0/x64/lib.exe"
      - "C:/src/vcpkg/installed/x64-windows-static/Program Files (x86)/Windows Kits/10/bin/10.0.26100.0/x64/lib"
      - "C:/src/vcpkg/installed/x64-windows-static/Program Files (x86)/Windows Kits/10/bin/x64/lib.com"
      - "C:/src/vcpkg/installed/x64-windows-static/Program Files (x86)/Windows Kits/10/bin/x64/lib.exe"
      - "C:/src/vcpkg/installed/x64-windows-static/Program Files (x86)/Windows Kits/10/bin/x64/lib"
      - "C:/src/vcpkg/installed/x64-windows-static/Program Files/Microsoft Visual Studio/2022/Community/MSBuild/Current/Bin/amd64/lib.com"
      - "C:/src/vcpkg/installed/x64-windows-static/Program Files/Microsoft Visual Studio/2022/Community/MSBuild/Current/Bin/amd64/lib.exe"
      - "C:/src/vcpkg/installed/x64-windows-static/Program Files/Microsoft Visual Studio/2022/Community/MSBuild/Current/Bin/amd64/lib"
      - "C:/src/vcpkg/installed/x64-windows-static/Windows/Microsoft.NET/Framework64/v4.0.30319/lib.com"
      - "C:/src/vcpkg/installed/x64-windows-static/Windows/Microsoft.NET/Framework64/v4.0.30319/lib.exe"
      - "C:/src/vcpkg/installed/x64-windows-static/Windows/Microsoft.NET/Framework64/v4.0.30319/lib"
      - "C:/src/vcpkg/installed/x64-windows-static/Program Files/Microsoft Visual Studio/2022/Community/Common7/IDE/lib.com"
      - "C:/src/vcpkg/installed/x64-windows-static/Program Files/Microsoft Visual Studio/2022/Community/Common7/IDE/lib.exe"
      - "C:/src/vcpkg/installed/x64-windows-static/Program Files/Microsoft Visual Studio/2022/Community/Common7/IDE/lib"
      - "C:/src/vcpkg/installed/x64-windows-static/Program Files/Microsoft Visual Studio/2022/Community/Common7/Tools/lib.com"
      - "C:/src/vcpkg/installed/x64-windows-static/Program Files/Microsoft Visual Studio/2022/Community/Common7/Tools/lib.exe"
      - "C:/src/vcpkg/installed/x64-windows-static/Program Files/Microsoft Visual Studio/2022/Community/Common7/Tools/lib"
      - "C:/src/vcpkg/installed/x64-windows-static/src/vcpkg/downloads/tools/powershell-core-7.6.4-windows/lib.com"
      - "C:/src/vcpkg/installed/x64-windows-static/src/vcpkg/downloads/tools/powershell-core-7.6.4-windows/lib.exe"
      - "C:/src/vcpkg/installed/x64-windows-static/src/vcpkg/downloads/tools/powershell-core-7.6.4-windows/lib"
      - "C:/src/vcpkg/installed/x64-windows-static/Windows/System32/lib.com"
      - "C:/src/vcpkg/installed/x64-windows-static/Windows/System32/lib.exe"
      - "C:/src/vcpkg/installed/x64-windows-static/Windows/System32/lib"
      - "C:/src/vcpkg/installed/x64-windows-static/Windows/lib.com"
      - "C:/src/vcpkg/installed/x64-windows-static/Windows/lib.exe"
      - "C:/src/vcpkg/installed/x64-windows-static/Windows/lib"
      - "C:/src/vcpkg/installed/x64-windows-static/Windows/System32/wbem/lib.com"
      - "C:/src/vcpkg/installed/x64-windows-static/Windows/System32/wbem/lib.exe"
      - "C:/src/vcpkg/installed/x64-windows-static/Windows/System32/wbem/lib"
      - "C:/src/vcpkg/installed/x64-windows-static/Windows/System32/WindowsPowerShell/v1.0/lib.com"
      - "C:/src/vcpkg/installed/x64-windows-static/Windows/System32/WindowsPowerShell/v1.0/lib.exe"
      - "C:/src/vcpkg/installed/x64-windows-static/Windows/System32/WindowsPowerShell/v1.0/lib"
      - "C:/src/vcpkg/installed/x64-windows-static/Windows/System32/OpenSSH/lib.com"
      - "C:/src/vcpkg/installed/x64-windows-static/Windows/System32/OpenSSH/lib.exe"
      - "C:/src/vcpkg/installed/x64-windows-static/Windows/System32/OpenSSH/lib"
      - "C:/src/vcpkg/installed/x64-windows-static/Program Files/Microsoft Visual Studio/2022/Community/Common7/IDE/CommonExtensions/Microsoft/CMake/CMake/bin/lib.com"
      - "C:/src/vcpkg/installed/x64-windows-static/Program Files/Microsoft Visual Studio/2022/Community/Common7/IDE/CommonExtensions/Microsoft/CMake/CMake/bin/lib.exe"
      - "C:/src/vcpkg/installed/x64-windows-static/Program Files/Microsoft Visual Studio/2022/Community/Common7/IDE/CommonExtensions/Microsoft/CMake/CMake/bin/lib"
      - "C:/src/vcpkg/installed/x64-windows-static/Program Files/Microsoft Visual Studio/2022/Community/Common7/IDE/CommonExtensions/Microsoft/CMake/Ninja/lib.com"
      - "C:/src/vcpkg/installed/x64-windows-static/Program Files/Microsoft Visual Studio/2022/Community/Common7/IDE/CommonExtensions/Microsoft/CMake/Ninja/lib.exe"
      - "C:/src/vcpkg/installed/x64-windows-static/Program Files/Microsoft Visual Studio/2022/Community/Common7/IDE/CommonExtensions/Microsoft/CMake/Ninja/lib"
      - "C:/src/vcpkg/installed/x64-windows-static/Program Files/Microsoft Visual Studio/2022/Community/Common7/IDE/VC/Linux/bin/ConnectionManagerExe/lib.com"
      - "C:/src/vcpkg/installed/x64-windows-static/Program Files/Microsoft Visual Studio/2022/Community/Common7/IDE/VC/Linux/bin/ConnectionManagerExe/lib.exe"
      - "C:/src/vcpkg/installed/x64-windows-static/Program Files/Microsoft Visual Studio/2022/Community/Common7/IDE/VC/Linux/bin/ConnectionManagerExe/lib"
      - "C:/src/vcpkg/installed/x64-windows-static/Program Files/Microsoft Visual Studio/2022/Community/VC/vcpkg/lib.com"
      - "C:/src/vcpkg/installed/x64-windows-static/Program Files/Microsoft Visual Studio/2022/Community/VC/vcpkg/lib.exe"
      - "C:/src/vcpkg/installed/x64-windows-static/Program Files/Microsoft Visual Studio/2022/Community/VC/vcpkg/lib"
      - "C:/src/vcpkg/installed/x64-windows-static/src/vcpkg/downloads/tools/ninja-1.13.2-windows/lib.com"
      - "C:/src/vcpkg/installed/x64-windows-static/src/vcpkg/downloads/tools/ninja-1.13.2-windows/lib.exe"
      - "C:/src/vcpkg/installed/x64-windows-static/src/vcpkg/downloads/tools/ninja-1.13.2-windows/lib"
      - "C:/src/vcpkg/installed/x64-windows-static/debug/Program Files/Microsoft Visual Studio/2022/Community/VC/Tools/MSVC/14.44.35207/bin/Hostx64/x64/lib.com"
      - "C:/src/vcpkg/installed/x64-windows-static/debug/Program Files/Microsoft Visual Studio/2022/Community/VC/Tools/MSVC/14.44.35207/bin/Hostx64/x64/lib.exe"
      - "C:/src/vcpkg/installed/x64-windows-static/debug/Program Files/Microsoft Visual Studio/2022/Community/VC/Tools/MSVC/14.44.35207/bin/Hostx64/x64/lib"
      - "C:/src/vcpkg/installed/x64-windows-static/debug/Program Files/Microsoft Visual Studio/2022/Community/Common7/IDE/VC/vcpackages/lib.com"
      - "C:/src/vcpkg/installed/x64-windows-static/debug/Program Files/Microsoft Visual Studio/2022/Community/Common7/IDE/VC/vcpackages/lib.exe"
      - "C:/src/vcpkg/installed/x64-windows-static/debug/Program Files/Microsoft Visual Studio/2022/Community/Common7/IDE/VC/vcpackages/lib"
      - "C:/src/vcpkg/installed/x64-windows-static/debug/Program Files/Microsoft Visual Studio/2022/Community/Common7/IDE/CommonExtensions/Microsoft/TestWindow/lib.com"
      - "C:/src/vcpkg/installed/x64-windows-static/debug/Program Files/Microsoft Visual Studio/2022/Community/Common7/IDE/CommonExtensions/Microsoft/TestWindow/lib.exe"
      - "C:/src/vcpkg/installed/x64-windows-static/debug/Program Files/Microsoft Visual Studio/2022/Community/Common7/IDE/CommonExtensions/Microsoft/TestWindow/lib"
      - "C:/src/vcpkg/installed/x64-windows-static/debug/Program Files/Microsoft Visual Studio/2022/Community/Common7/IDE/CommonExtensions/Microsoft/TeamFoundation/Team Explorer/lib.com"
      - "C:/src/vcpkg/installed/x64-windows-static/debug/Program Files/Microsoft Visual Studio/2022/Community/Common7/IDE/CommonExtensions/Microsoft/TeamFoundation/Team Explorer/lib.exe"
      - "C:/src/vcpkg/installed/x64-windows-static/debug/Program Files/Microsoft Visual Studio/2022/Community/Common7/IDE/CommonExtensions/Microsoft/TeamFoundation/Team Explorer/lib"
      - "C:/src/vcpkg/installed/x64-windows-static/debug/Program Files/Microsoft Visual Studio/2022/Community/MSBuild/Current/Bin/Roslyn/lib.com"
      - "C:/src/vcpkg/installed/x64-windows-static/debug/Program Files/Microsoft Visual Studio/2022/Community/MSBuild/Current/Bin/Roslyn/lib.exe"
      - "C:/src/vcpkg/installed/x64-windows-static/debug/Program Files/Microsoft Visual Studio/2022/Community/MSBuild/Current/Bin/Roslyn/lib"
      - "C:/src/vcpkg/installed/x64-windows-static/debug/Program Files (x86)/Microsoft SDKs/Windows/v10.0A/bin/NETFX 4.8 Tools/x64/lib.com"
      - "C:/src/vcpkg/installed/x64-windows-static/debug/Program Files (x86)/Microsoft SDKs/Windows/v10.0A/bin/NETFX 4.8 Tools/x64/lib.exe"
      - "C:/src/vcpkg/installed/x64-windows-static/debug/Program Files (x86)/Microsoft SDKs/Windows/v10.0A/bin/NETFX 4.8 Tools/x64/lib"
      - "C:/src/vcpkg/installed/x64-windows-static/debug/Program Files/Microsoft Visual Studio/2022/Community/Common7/IDE/CommonExtensions/Microsoft/FSharp/Tools/lib.com"
      - "C:/src/vcpkg/installed/x64-windows-static/debug/Program Files/Microsoft Visual Studio/2022/Community/Common7/IDE/CommonExtensions/Microsoft/FSharp/Tools/lib.exe"
      - "C:/src/vcpkg/installed/x64-windows-static/debug/Program Files/Microsoft Visual Studio/2022/Community/Common7/IDE/CommonExtensions/Microsoft/FSharp/Tools/lib"
      - "C:/src/vcpkg/installed/x64-windows-static/debug/Program Files/Microsoft Visual Studio/2022/Community/Team Tools/DiagnosticsHub/Collector/lib.com"
      - "C:/src/vcpkg/installed/x64-windows-static/debug/Program Files/Microsoft Visual Studio/2022/Community/Team Tools/DiagnosticsHub/Collector/lib.exe"
      - "C:/src/vcpkg/installed/x64-windows-static/debug/Program Files/Microsoft Visual Studio/2022/Community/Team Tools/DiagnosticsHub/Collector/lib"
      - "C:/src/vcpkg/installed/x64-windows-static/debug/Program Files (x86)/Windows Kits/10/bin/10.0.26100.0/x64/lib.com"
      - "C:/src/vcpkg/installed/x64-windows-static/debug/Program Files (x86)/Windows Kits/10/bin/10.0.26100.0/x64/lib.exe"
      - "C:/src/vcpkg/installed/x64-windows-static/debug/Program Files (x86)/Windows Kits/10/bin/10.0.26100.0/x64/lib"
      - "C:/src/vcpkg/installed/x64-windows-static/debug/Program Files (x86)/Windows Kits/10/bin/x64/lib.com"
      - "C:/src/vcpkg/installed/x64-windows-static/debug/Program Files (x86)/Windows Kits/10/bin/x64/lib.exe"
      - "C:/src/vcpkg/installed/x64-windows-static/debug/Program Files (x86)/Windows Kits/10/bin/x64/lib"
      - "C:/src/vcpkg/installed/x64-windows-static/debug/Program Files/Microsoft Visual Studio/2022/Community/MSBuild/Current/Bin/amd64/lib.com"
      - "C:/src/vcpkg/installed/x64-windows-static/debug/Program Files/Microsoft Visual Studio/2022/Community/MSBuild/Current/Bin/amd64/lib.exe"
      - "C:/src/vcpkg/installed/x64-windows-static/debug/Program Files/Microsoft Visual Studio/2022/Community/MSBuild/Current/Bin/amd64/lib"
      - "C:/src/vcpkg/installed/x64-windows-static/debug/Windows/Microsoft.NET/Framework64/v4.0.30319/lib.com"
      - "C:/src/vcpkg/installed/x64-windows-static/debug/Windows/Microsoft.NET/Framework64/v4.0.30319/lib.exe"
      - "C:/src/vcpkg/installed/x64-windows-static/debug/Windows/Microsoft.NET/Framework64/v4.0.30319/lib"
      - "C:/src/vcpkg/installed/x64-windows-static/debug/Program Files/Microsoft Visual Studio/2022/Community/Common7/IDE/lib.com"
      - "C:/src/vcpkg/installed/x64-windows-static/debug/Program Files/Microsoft Visual Studio/2022/Community/Common7/IDE/lib.exe"
      - "C:/src/vcpkg/installed/x64-windows-static/debug/Program Files/Microsoft Visual Studio/2022/Community/Common7/IDE/lib"
      - "C:/src/vcpkg/installed/x64-windows-static/debug/Program Files/Microsoft Visual Studio/2022/Community/Common7/Tools/lib.com"
      - "C:/src/vcpkg/installed/x64-windows-static/debug/Program Files/Microsoft Visual Studio/2022/Community/Common7/Tools/lib.exe"
      - "C:/src/vcpkg/installed/x64-windows-static/debug/Program Files/Microsoft Visual Studio/2022/Community/Common7/Tools/lib"
      - "C:/src/vcpkg/installed/x64-windows-static/debug/src/vcpkg/downloads/tools/powershell-core-7.6.4-windows/lib.com"
      - "C:/src/vcpkg/installed/x64-windows-static/debug/src/vcpkg/downloads/tools/powershell-core-7.6.4-windows/lib.exe"
      - "C:/src/vcpkg/installed/x64-windows-static/debug/src/vcpkg/downloads/tools/powershell-core-7.6.4-windows/lib"
      - "C:/src/vcpkg/installed/x64-windows-static/debug/Windows/System32/lib.com"
      - "C:/src/vcpkg/installed/x64-windows-static/debug/Windows/System32/lib.exe"
      - "C:/src/vcpkg/installed/x64-windows-static/debug/Windows/System32/lib"
      - "C:/src/vcpkg/installed/x64-windows-static/debug/Windows/lib.com"
      - "C:/src/vcpkg/installed/x64-windows-static/debug/Windows/lib.exe"
      - "C:/src/vcpkg/installed/x64-windows-static/debug/Windows/lib"
      - "C:/src/vcpkg/installed/x64-windows-static/debug/Windows/System32/wbem/lib.com"
      - "C:/src/vcpkg/installed/x64-windows-static/debug/Windows/System32/wbem/lib.exe"
      - "C:/src/vcpkg/installed/x64-windows-static/debug/Windows/System32/wbem/lib"
      - "C:/src/vcpkg/installed/x64-windows-static/debug/Windows/System32/WindowsPowerShell/v1.0/lib.com"
      - "C:/src/vcpkg/installed/x64-windows-static/debug/Windows/System32/WindowsPowerShell/v1.0/lib.exe"
      - "C:/src/vcpkg/installed/x64-windows-static/debug/Windows/System32/WindowsPowerShell/v1.0/lib"
      - "C:/src/vcpkg/installed/x64-windows-static/debug/Windows/System32/OpenSSH/lib.com"
      - "C:/src/vcpkg/installed/x64-windows-static/debug/Windows/System32/OpenSSH/lib.exe"
      - "C:/src/vcpkg/installed/x64-windows-static/debug/Windows/System32/OpenSSH/lib"
      - "C:/src/vcpkg/installed/x64-windows-static/debug/Program Files/Microsoft Visual Studio/2022/Community/Common7/IDE/CommonExtensions/Microsoft/CMake/CMake/bin/lib.com"
      - "C:/src/vcpkg/installed/x64-windows-static/debug/Program Files/Microsoft Visual Studio/2022/Community/Common7/IDE/CommonExtensions/Microsoft/CMake/CMake/bin/lib.exe"
      - "C:/src/vcpkg/installed/x64-windows-static/debug/Program Files/Microsoft Visual Studio/2022/Community/Common7/IDE/CommonExtensions/Microsoft/CMake/CMake/bin/lib"
      - "C:/src/vcpkg/installed/x64-windows-static/debug/Program Files/Microsoft Visual Studio/2022/Community/Common7/IDE/CommonExtensions/Microsoft/CMake/Ninja/lib.com"
      - "C:/src/vcpkg/installed/x64-windows-static/debug/Program Files/Microsoft Visual Studio/2022/Community/Common7/IDE/CommonExtensions/Microsoft/CMake/Ninja/lib.exe"
      - "C:/src/vcpkg/installed/x64-windows-static/debug/Program Files/Microsoft Visual Studio/2022/Community/Common7/IDE/CommonExtensions/Microsoft/CMake/Ninja/lib"
      - "C:/src/vcpkg/installed/x64-windows-static/debug/Program Files/Microsoft Visual Studio/2022/Community/Common7/IDE/VC/Linux/bin/ConnectionManagerExe/lib.com"
      - "C:/src/vcpkg/installed/x64-windows-static/debug/Program Files/Microsoft Visual Studio/2022/Community/Common7/IDE/VC/Linux/bin/ConnectionManagerExe/lib.exe"
      - "C:/src/vcpkg/installed/x64-windows-static/debug/Program Files/Microsoft Visual Studio/2022/Community/Common7/IDE/VC/Linux/bin/ConnectionManagerExe/lib"
      - "C:/src/vcpkg/installed/x64-windows-static/debug/Program Files/Microsoft Visual Studio/2022/Community/VC/vcpkg/lib.com"
      - "C:/src/vcpkg/installed/x64-windows-static/debug/Program Files/Microsoft Visual Studio/2022/Community/VC/vcpkg/lib.exe"
      - "C:/src/vcpkg/installed/x64-windows-static/debug/Program Files/Microsoft Visual Studio/2022/Community/VC/vcpkg/lib"
      - "C:/src/vcpkg/installed/x64-windows-static/debug/src/vcpkg/downloads/tools/ninja-1.13.2-windows/lib.com"
      - "C:/src/vcpkg/installed/x64-windows-static/debug/src/vcpkg/downloads/tools/ninja-1.13.2-windows/lib.exe"
      - "C:/src/vcpkg/installed/x64-windows-static/debug/src/vcpkg/downloads/tools/ninja-1.13.2-windows/lib"
      - "C:/Program Files/Microsoft Visual Studio/2022/Community/VC/Tools/MSVC/14.44.35207/bin/Hostx64/x64/lib.com"
    found: "C:/Program Files/Microsoft Visual Studio/2022/Community/VC/Tools/MSVC/14.44.35207/bin/Hostx64/x64/lib.exe"
    search_context:
      CMAKE_PROGRAM_PATH:
        - "C:/src/vcpkg/installed/x64-windows-static/tools"
      CMAKE_PREFIX_PATH:
        - "C:/src/vcpkg/installed/x64-windows-static"
        - "C:/src/vcpkg/installed/x64-windows-static/debug"
      ENV{PATH}:
        - "C:\\Program Files\\Microsoft Visual Studio\\2022\\Community\\VC\\Tools\\MSVC\\14.44.35207\\bin\\HostX64\\x64"
        - "C:\\Program Files\\Microsoft Visual Studio\\2022\\Community\\Common7\\IDE\\VC\\VCPackages"
        - "C:\\Program Files\\Microsoft Visual Studio\\2022\\Community\\Common7\\IDE\\CommonExtensions\\Microsoft\\TestWindow"
        - "C:\\Program Files\\Microsoft Visual Studio\\2022\\Community\\Common7\\IDE\\CommonExtensions\\Microsoft\\TeamFoundation\\Team Explorer"
        - "C:\\Program Files\\Microsoft Visual Studio\\2022\\Community\\MSBuild\\Current\\bin\\Roslyn"
        - "C:\\Program Files (x86)\\Microsoft SDKs\\Windows\\v10.0A\\bin\\NETFX 4.8 Tools\\x64\\"
        - "C:\\Program Files\\Microsoft Visual Studio\\2022\\Community\\Common7\\IDE\\CommonExtensions\\Microsoft\\FSharp\\Tools"
        - "C:\\Program Files\\Microsoft Visual Studio\\2022\\Community\\Team Tools\\DiagnosticsHub\\Collector"
        - "C:\\Program Files (x86)\\Windows Kits\\10\\bin\\10.0.26100.0\\x64"
        - "C:\\Program Files (x86)\\Windows Kits\\10\\bin\\x64"
        - "C:\\Program Files\\Microsoft Visual Studio\\2022\\Community\\MSBuild\\Current\\Bin\\amd64"
        - "C:\\Windows\\Microsoft.NET\\Framework64\\v4.0.30319"
        - "C:\\Program Files\\Microsoft Visual Studio\\2022\\Community\\Common7\\IDE\\"
        - "C:\\Program Files\\Microsoft Visual Studio\\2022\\Community\\Common7\\Tools\\"
        - "C:\\src\\vcpkg\\downloads\\tools\\powershell-core-7.6.4-windows"
        - "C:\\WINDOWS\\system32"
        - "C:\\WINDOWS"
        - "C:\\WINDOWS\\system32\\Wbem"
        - "C:\\WINDOWS\\system32\\WindowsPowerShell\\v1.0\\"
        - "C:\\WINDOWS\\system32\\OpenSSH\\"
        - "C:\\Program Files\\Microsoft Visual Studio\\2022\\Community\\Common7\\IDE\\CommonExtensions\\Microsoft\\CMake\\CMake\\bin"
        - "C:\\Program Files\\Microsoft Visual Studio\\2022\\Community\\Common7\\IDE\\CommonExtensions\\Microsoft\\CMake\\Ninja"
        - "C:\\Program Files\\Microsoft Visual Studio\\2022\\Community\\Common7\\IDE\\VC\\Linux\\bin\\ConnectionManagerExe"
        - "C:\\Program Files\\Microsoft Visual Studio\\2022\\Community\\VC\\vcpkg"
        - "C:\\src\\vcpkg\\downloads\\tools\\ninja-1.13.2-windows"
      CMAKE_INSTALL_PREFIX: "C:/src/vcpkg/packages/sdl2_x64-windows-static"
      CMAKE_FIND_ROOT_PATH: "C:/src/vcpkg/installed/x64-windows-static;C:/src/vcpkg/installed/x64-windows-static/debug"
  -
    kind: "find-v1"
    backtrace:
      - "C:/Program Files/CMake/share/cmake-4.4/Modules/CMakeDetermineRCCompiler.cmake:40 (find_program)"
      - "C:/Program Files/CMake/share/cmake-4.4/Modules/Platform/Windows-MSVC.cmake:592 (enable_language)"
      - "C:/Program Files/CMake/share/cmake-4.4/Modules/Platform/Windows-MSVC.cmake:565 (__windows_compiler_msvc_enable_rc)"
      - "C:/Program Files/CMake/share/cmake-4.4/Modules/Platform/Windows-MSVC-C.cmake:5 (__windows_compiler_msvc)"
      - "C:/Program Files/CMake/share/cmake-4.4/Modules/CMakeCInformation.cmake:48 (include)"
      - "CMakeLists.txt:9 (project)"
    mode: "program"
    variable: "CMAKE_RC_COMPILER"
    description: "RC compiler"
    settings:
      SearchFramework: "LAST"
      SearchAppBundle: "LAST"
      CMAKE_FIND_USE_CMAKE_PATH: true
      CMAKE_FIND_USE_CMAKE_ENVIRONMENT_PATH: true
      CMAKE_FIND_USE_SYSTEM_ENVIRONMENT_PATH: true
      CMAKE_FIND_USE_CMAKE_SYSTEM_PATH: true
      CMAKE_FIND_USE_INSTALL_PREFIX: true
    names:
      - "rc"
    candidate_directories:
      - "C:/src/vcpkg/installed/x64-windows-static/bin/"
      - "C:/src/vcpkg/installed/x64-windows-static/sbin/"
      - "C:/src/vcpkg/installed/x64-windows-static/"
      - "C:/src/vcpkg/installed/x64-windows-static/debug/bin/"
      - "C:/src/vcpkg/installed/x64-windows-static/debug/sbin/"
      - "C:/src/vcpkg/installed/x64-windows-static/debug/"
      - "C:/src/vcpkg/installed/x64-windows-static/tools/"
      - "C:/src/vcpkg/installed/x64-windows-static/Program Files/Microsoft Visual Studio/2022/Community/VC/Tools/MSVC/14.44.35207/bin/Hostx64/x64/"
      - "C:/src/vcpkg/installed/x64-windows-static/Program Files/Microsoft Visual Studio/2022/Community/Common7/IDE/VC/vcpackages/"
      - "C:/src/vcpkg/installed/x64-windows-static/Program Files/Microsoft Visual Studio/2022/Community/Common7/IDE/CommonExtensions/Microsoft/TestWindow/"
      - "C:/src/vcpkg/installed/x64-windows-static/Program Files/Microsoft Visual Studio/2022/Community/Common7/IDE/CommonExtensions/Microsoft/TeamFoundation/Team Explorer/"
      - "C:/src/vcpkg/installed/x64-windows-static/Program Files/Microsoft Visual Studio/2022/Community/MSBuild/Current/Bin/Roslyn/"
      - "C:/src/vcpkg/installed/x64-windows-static/Program Files (x86)/Microsoft SDKs/Windows/v10.0A/bin/NETFX 4.8 Tools/x64/"
      - "C:/src/vcpkg/installed/x64-windows-static/Program Files/Microsoft Visual Studio/2022/Community/Common7/IDE/CommonExtensions/Microsoft/FSharp/Tools/"
      - "C:/src/vcpkg/installed/x64-windows-static/Program Files/Microsoft Visual Studio/2022/Community/Team Tools/DiagnosticsHub/Collector/"
      - "C:/src/vcpkg/installed/x64-windows-static/Program Files (x86)/Windows Kits/10/bin/10.0.26100.0/x64/"
      - "C:/src/vcpkg/installed/x64-windows-static/Program Files (x86)/Windows Kits/10/bin/x64/"
      - "C:/src/vcpkg/installed/x64-windows-static/Program Files/Microsoft Visual Studio/2022/Community/MSBuild/Current/Bin/amd64/"
      - "C:/src/vcpkg/installed/x64-windows-static/Windows/Microsoft.NET/Framework64/v4.0.30319/"
      - "C:/src/vcpkg/installed/x64-windows-static/Program Files/Microsoft Visual Studio/2022/Community/Common7/IDE/"
      - "C:/src/vcpkg/installed/x64-windows-static/Program Files/Microsoft Visual Studio/2022/Community/Common7/Tools/"
      - "C:/src/vcpkg/installed/x64-windows-static/src/vcpkg/downloads/tools/powershell-core-7.6.4-windows/"
      - "C:/src/vcpkg/installed/x64-windows-static/Windows/System32/"
      - "C:/src/vcpkg/installed/x64-windows-static/Windows/"
      - "C:/src/vcpkg/installed/x64-windows-static/Windows/System32/wbem/"
      - "C:/src/vcpkg/installed/x64-windows-static/Windows/System32/WindowsPowerShell/v1.0/"
      - "C:/src/vcpkg/installed/x64-windows-static/Windows/System32/OpenSSH/"
      - "C:/src/vcpkg/installed/x64-windows-static/Program Files/Microsoft Visual Studio/2022/Community/Common7/IDE/CommonExtensions/Microsoft/CMake/CMake/bin/"
      - "C:/src/vcpkg/installed/x64-windows-static/Program Files/Microsoft Visual Studio/2022/Community/Common7/IDE/CommonExtensions/Microsoft/CMake/Ninja/"
      - "C:/src/vcpkg/installed/x64-windows-static/Program Files/Microsoft Visual Studio/2022/Community/Common7/IDE/VC/Linux/bin/ConnectionManagerExe/"
      - "C:/src/vcpkg/installed/x64-windows-static/Program Files/Microsoft Visual Studio/2022/Community/VC/vcpkg/"
      - "C:/src/vcpkg/installed/x64-windows-static/src/vcpkg/downloads/tools/ninja-1.13.2-windows/"
      - "C:/src/vcpkg/installed/x64-windows-static/Program Files/bin/"
      - "C:/src/vcpkg/installed/x64-windows-static/Program Files/sbin/"
      - "C:/src/vcpkg/installed/x64-windows-static/Program Files/"
      - "C:/src/vcpkg/installed/x64-windows-static/Program Files (x86)/bin/"
      - "C:/src/vcpkg/installed/x64-windows-static/Program Files (x86)/sbin/"
      - "C:/src/vcpkg/installed/x64-windows-static/Program Files (x86)/"
      - "C:/src/vcpkg/installed/x64-windows-static/Program Files/CMake/bin/"
      - "C:/src/vcpkg/installed/x64-windows-static/Program Files/CMake/sbin/"
      - "C:/src/vcpkg/installed/x64-windows-static/Program Files/CMake/"
      - "C:/src/vcpkg/installed/x64-windows-static/src/vcpkg/packages/sdl2_x64-windows-static/bin/"
      - "C:/src/vcpkg/installed/x64-windows-static/src/vcpkg/packages/sdl2_x64-windows-static/sbin/"
      - "C:/src/vcpkg/installed/x64-windows-static/src/vcpkg/packages/sdl2_x64-windows-static/"
      - "C:/src/vcpkg/installed/x64-windows-static/debug/src/vcpkg/installed/x64-windows-static/bin/"
      - "C:/src/vcpkg/installed/x64-windows-static/debug/src/vcpkg/installed/x64-windows-static/sbin/"
      - "C:/src/vcpkg/installed/x64-windows-static/debug/src/vcpkg/installed/x64-windows-static/"
      - "C:/src/vcpkg/installed/x64-windows-static/debug/bin/"
      - "C:/src/vcpkg/installed/x64-windows-static/debug/sbin/"
      - "C:/src/vcpkg/installed/x64-windows-static/debug/"
      - "C:/src/vcpkg/installed/x64-windows-static/debug/src/vcpkg/installed/x64-windows-static/tools/"
      - "C:/src/vcpkg/installed/x64-windows-static/debug/Program Files/Microsoft Visual Studio/2022/Community/VC/Tools/MSVC/14.44.35207/bin/Hostx64/x64/"
      - "C:/src/vcpkg/installed/x64-windows-static/debug/Program Files/Microsoft Visual Studio/2022/Community/Common7/IDE/VC/vcpackages/"
      - "C:/src/vcpkg/installed/x64-windows-static/debug/Program Files/Microsoft Visual Studio/2022/Community/Common7/IDE/CommonExtensions/Microsoft/TestWindow/"
      - "C:/src/vcpkg/installed/x64-windows-static/debug/Program Files/Microsoft Visual Studio/2022/Community/Common7/IDE/CommonExtensions/Microsoft/TeamFoundation/Team Explorer/"
      - "C:/src/vcpkg/installed/x64-windows-static/debug/Program Files/Microsoft Visual Studio/2022/Community/MSBuild/Current/Bin/Roslyn/"
      - "C:/src/vcpkg/installed/x64-windows-static/debug/Program Files (x86)/Microsoft SDKs/Windows/v10.0A/bin/NETFX 4.8 Tools/x64/"
      - "C:/src/vcpkg/installed/x64-windows-static/debug/Program Files/Microsoft Visual Studio/2022/Community/Common7/IDE/CommonExtensions/Microsoft/FSharp/Tools/"
      - "C:/src/vcpkg/installed/x64-windows-static/debug/Program Files/Microsoft Visual Studio/2022/Community/Team Tools/DiagnosticsHub/Collector/"
      - "C:/src/vcpkg/installed/x64-windows-static/debug/Program Files (x86)/Windows Kits/10/bin/10.0.26100.0/x64/"
      - "C:/src/vcpkg/installed/x64-windows-static/debug/Program Files (x86)/Windows Kits/10/bin/x64/"
      - "C:/src/vcpkg/installed/x64-windows-static/debug/Program Files/Microsoft Visual Studio/2022/Community/MSBuild/Current/Bin/amd64/"
      - "C:/src/vcpkg/installed/x64-windows-static/debug/Windows/Microsoft.NET/Framework64/v4.0.30319/"
      - "C:/src/vcpkg/installed/x64-windows-static/debug/Program Files/Microsoft Visual Studio/2022/Community/Common7/IDE/"
      - "C:/src/vcpkg/installed/x64-windows-static/debug/Program Files/Microsoft Visual Studio/2022/Community/Common7/Tools/"
      - "C:/src/vcpkg/installed/x64-windows-static/debug/src/vcpkg/downloads/tools/powershell-core-7.6.4-windows/"
      - "C:/src/vcpkg/installed/x64-windows-static/debug/Windows/System32/"
      - "C:/src/vcpkg/installed/x64-windows-static/debug/Windows/"
      - "C:/src/vcpkg/installed/x64-windows-static/debug/Windows/System32/wbem/"
      - "C:/src/vcpkg/installed/x64-windows-static/debug/Windows/System32/WindowsPowerShell/v1.0/"
      - "C:/src/vcpkg/installed/x64-windows-static/debug/Windows/System32/OpenSSH/"
      - "C:/src/vcpkg/installed/x64-windows-static/debug/Program Files/Microsoft Visual Studio/2022/Community/Common7/IDE/CommonExtensions/Microsoft/CMake/CMake/bin/"
      - "C:/src/vcpkg/installed/x64-windows-static/debug/Program Files/Microsoft Visual Studio/2022/Community/Common7/IDE/CommonExtensions/Microsoft/CMake/Ninja/"
      - "C:/src/vcpkg/installed/x64-windows-static/debug/Program Files/Microsoft Visual Studio/2022/Community/Common7/IDE/VC/Linux/bin/ConnectionManagerExe/"
      - "C:/src/vcpkg/installed/x64-windows-static/debug/Program Files/Microsoft Visual Studio/2022/Community/VC/vcpkg/"
      - "C:/src/vcpkg/installed/x64-windows-static/debug/src/vcpkg/downloads/tools/ninja-1.13.2-windows/"
      - "C:/src/vcpkg/installed/x64-windows-static/debug/Program Files/bin/"
      - "C:/src/vcpkg/installed/x64-windows-static/debug/Program Files/sbin/"
      - "C:/src/vcpkg/installed/x64-windows-static/debug/Program Files/"
      - "C:/src/vcpkg/installed/x64-windows-static/debug/Program Files (x86)/bin/"
      - "C:/src/vcpkg/installed/x64-windows-static/debug/Program Files (x86)/sbin/"
      - "C:/src/vcpkg/installed/x64-windows-static/debug/Program Files (x86)/"
      - "C:/src/vcpkg/installed/x64-windows-static/debug/Program Files/CMake/bin/"
      - "C:/src/vcpkg/installed/x64-windows-static/debug/Program Files/CMake/sbin/"
      - "C:/src/vcpkg/installed/x64-windows-static/debug/Program Files/CMake/"
      - "C:/src/vcpkg/installed/x64-windows-static/debug/src/vcpkg/packages/sdl2_x64-windows-static/bin/"
      - "C:/src/vcpkg/installed/x64-windows-static/debug/src/vcpkg/packages/sdl2_x64-windows-static/sbin/"
      - "C:/src/vcpkg/installed/x64-windows-static/debug/src/vcpkg/packages/sdl2_x64-windows-static/"
      - "C:/src/vcpkg/installed/x64-windows-static/bin/"
      - "C:/src/vcpkg/installed/x64-windows-static/sbin/"
      - "C:/src/vcpkg/installed/x64-windows-static/"
      - "C:/src/vcpkg/installed/x64-windows-static/debug/bin/"
      - "C:/src/vcpkg/installed/x64-windows-static/debug/sbin/"
      - "C:/src/vcpkg/installed/x64-windows-static/debug/"
      - "C:/src/vcpkg/installed/x64-windows-static/tools/"
      - "C:/Program Files/Microsoft Visual Studio/2022/Community/VC/Tools/MSVC/14.44.35207/bin/Hostx64/x64/"
      - "C:/Program Files/Microsoft Visual Studio/2022/Community/Common7/IDE/VC/vcpackages/"
      - "C:/Program Files/Microsoft Visual Studio/2022/Community/Common7/IDE/CommonExtensions/Microsoft/TestWindow/"
      - "C:/Program Files/Microsoft Visual Studio/2022/Community/Common7/IDE/CommonExtensions/Microsoft/TeamFoundation/Team Explorer/"
      - "C:/Program Files/Microsoft Visual Studio/2022/Community/MSBuild/Current/Bin/Roslyn/"
      - "C:/Program Files (x86)/Microsoft SDKs/Windows/v10.0A/bin/NETFX 4.8 Tools/x64/"
      - "C:/Program Files/Microsoft Visual Studio/2022/Community/Common7/IDE/CommonExtensions/Microsoft/FSharp/Tools/"
      - "C:/Program Files/Microsoft Visual Studio/2022/Community/Team Tools/DiagnosticsHub/Collector/"
      - "C:/Program Files (x86)/Windows Kits/10/bin/10.0.26100.0/x64/"
      - "C:/Program Files (x86)/Windows Kits/10/bin/x64/"
      - "C:/Program Files/Microsoft Visual Studio/2022/Community/MSBuild/Current/Bin/amd64/"
      - "C:/Windows/Microsoft.NET/Framework64/v4.0.30319/"
      - "C:/Program Files/Microsoft Visual Studio/2022/Community/Common7/IDE/"
      - "C:/Program Files/Microsoft Visual Studio/2022/Community/Common7/Tools/"
      - "C:/src/vcpkg/downloads/tools/powershell-core-7.6.4-windows/"
      - "C:/Windows/System32/"
      - "C:/Windows/"
      - "C:/Windows/System32/wbem/"
      - "C:/Windows/System32/WindowsPowerShell/v1.0/"
      - "C:/Windows/System32/OpenSSH/"
      - "C:/Program Files/Microsoft Visual Studio/2022/Community/Common7/IDE/CommonExtensions/Microsoft/CMake/CMake/bin/"
      - "C:/Program Files/Microsoft Visual Studio/2022/Community/Common7/IDE/CommonExtensions/Microsoft/CMake/Ninja/"
      - "C:/Program Files/Microsoft Visual Studio/2022/Community/Common7/IDE/VC/Linux/bin/ConnectionManagerExe/"
      - "C:/Program Files/Microsoft Visual Studio/2022/Community/VC/vcpkg/"
      - "C:/src/vcpkg/downloads/tools/ninja-1.13.2-windows/"
      - "C:/Program Files/bin/"
      - "C:/Program Files/sbin/"
      - "C:/Program Files/"
      - "C:/Program Files (x86)/bin/"
      - "C:/Program Files (x86)/sbin/"
      - "C:/Program Files (x86)/"
      - "C:/Program Files/CMake/bin/"
      - "C:/Program Files/CMake/sbin/"
      - "C:/Program Files/CMake/"
      - "C:/src/vcpkg/packages/sdl2_x64-windows-static/bin/"
      - "C:/src/vcpkg/packages/sdl2_x64-windows-static/sbin/"
      - "C:/src/vcpkg/packages/sdl2_x64-windows-static/"
    searched_directories:
      - "C:/src/vcpkg/installed/x64-windows-static/bin/rc.com"
      - "C:/src/vcpkg/installed/x64-windows-static/bin/rc.exe"
      - "C:/src/vcpkg/installed/x64-windows-static/bin/rc"
      - "C:/src/vcpkg/installed/x64-windows-static/sbin/rc.com"
      - "C:/src/vcpkg/installed/x64-windows-static/sbin/rc.exe"
      - "C:/src/vcpkg/installed/x64-windows-static/sbin/rc"
      - "C:/src/vcpkg/installed/x64-windows-static/rc.com"
      - "C:/src/vcpkg/installed/x64-windows-static/rc.exe"
      - "C:/src/vcpkg/installed/x64-windows-static/rc"
      - "C:/src/vcpkg/installed/x64-windows-static/debug/bin/rc.com"
      - "C:/src/vcpkg/installed/x64-windows-static/debug/bin/rc.exe"
      - "C:/src/vcpkg/installed/x64-windows-static/debug/bin/rc"
      - "C:/src/vcpkg/installed/x64-windows-static/debug/sbin/rc.com"
      - "C:/src/vcpkg/installed/x64-windows-static/debug/sbin/rc.exe"
      - "C:/src/vcpkg/installed/x64-windows-static/debug/sbin/rc"
      - "C:/src/vcpkg/installed/x64-windows-static/debug/rc.com"
      - "C:/src/vcpkg/installed/x64-windows-static/debug/rc.exe"
      - "C:/src/vcpkg/installed/x64-windows-static/debug/rc"
      - "C:/src/vcpkg/installed/x64-windows-static/tools/rc.com"
      - "C:/src/vcpkg/installed/x64-windows-static/tools/rc.exe"
      - "C:/src/vcpkg/installed/x64-windows-static/tools/rc"
      - "C:/src/vcpkg/installed/x64-windows-static/Program Files/Microsoft Visual Studio/2022/Community/VC/Tools/MSVC/14.44.35207/bin/Hostx64/x64/rc.com"
      - "C:/src/vcpkg/installed/x64-windows-static/Program Files/Microsoft Visual Studio/2022/Community/VC/Tools/MSVC/14.44.35207/bin/Hostx64/x64/rc.exe"
      - "C:/src/vcpkg/installed/x64-windows-static/Program Files/Microsoft Visual Studio/2022/Community/VC/Tools/MSVC/14.44.35207/bin/Hostx64/x64/rc"
      - "C:/src/vcpkg/installed/x64-windows-static/Program Files/Microsoft Visual Studio/2022/Community/Common7/IDE/VC/vcpackages/rc.com"
      - "C:/src/vcpkg/installed/x64-windows-static/Program Files/Microsoft Visual Studio/2022/Community/Common7/IDE/VC/vcpackages/rc.exe"
      - "C:/src/vcpkg/installed/x64-windows-static/Program Files/Microsoft Visual Studio/2022/Community/Common7/IDE/VC/vcpackages/rc"
      - "C:/src/vcpkg/installed/x64-windows-static/Program Files/Microsoft Visual Studio/2022/Community/Common7/IDE/CommonExtensions/Microsoft/TestWindow/rc.com"
      - "C:/src/vcpkg/installed/x64-windows-static/Program Files/Microsoft Visual Studio/2022/Community/Common7/IDE/CommonExtensions/Microsoft/TestWindow/rc.exe"
      - "C:/src/vcpkg/installed/x64-windows-static/Program Files/Microsoft Visual Studio/2022/Community/Common7/IDE/CommonExtensions/Microsoft/TestWindow/rc"
      - "C:/src/vcpkg/installed/x64-windows-static/Program Files/Microsoft Visual Studio/2022/Community/Common7/IDE/CommonExtensions/Microsoft/TeamFoundation/Team Explorer/rc.com"
      - "C:/src/vcpkg/installed/x64-windows-static/Program Files/Microsoft Visual Studio/2022/Community/Common7/IDE/CommonExtensions/Microsoft/TeamFoundation/Team Explorer/rc.exe"
      - "C:/src/vcpkg/installed/x64-windows-static/Program Files/Microsoft Visual Studio/2022/Community/Common7/IDE/CommonExtensions/Microsoft/TeamFoundation/Team Explorer/rc"
      - "C:/src/vcpkg/installed/x64-windows-static/Program Files/Microsoft Visual Studio/2022/Community/MSBuild/Current/Bin/Roslyn/rc.com"
      - "C:/src/vcpkg/installed/x64-windows-static/Program Files/Microsoft Visual Studio/2022/Community/MSBuild/Current/Bin/Roslyn/rc.exe"
      - "C:/src/vcpkg/installed/x64-windows-static/Program Files/Microsoft Visual Studio/2022/Community/MSBuild/Current/Bin/Roslyn/rc"
      - "C:/src/vcpkg/installed/x64-windows-static/Program Files (x86)/Microsoft SDKs/Windows/v10.0A/bin/NETFX 4.8 Tools/x64/rc.com"
      - "C:/src/vcpkg/installed/x64-windows-static/Program Files (x86)/Microsoft SDKs/Windows/v10.0A/bin/NETFX 4.8 Tools/x64/rc.exe"
      - "C:/src/vcpkg/installed/x64-windows-static/Program Files (x86)/Microsoft SDKs/Windows/v10.0A/bin/NETFX 4.8 Tools/x64/rc"
      - "C:/src/vcpkg/installed/x64-windows-static/Program Files/Microsoft Visual Studio/2022/Community/Common7/IDE/CommonExtensions/Microsoft/FSharp/Tools/rc.com"
      - "C:/src/vcpkg/installed/x64-windows-static/Program Files/Microsoft Visual Studio/2022/Community/Common7/IDE/CommonExtensions/Microsoft/FSharp/Tools/rc.exe"
      - "C:/src/vcpkg/installed/x64-windows-static/Program Files/Microsoft Visual Studio/2022/Community/Common7/IDE/CommonExtensions/Microsoft/FSharp/Tools/rc"
      - "C:/src/vcpkg/installed/x64-windows-static/Program Files/Microsoft Visual Studio/2022/Community/Team Tools/DiagnosticsHub/Collector/rc.com"
      - "C:/src/vcpkg/installed/x64-windows-static/Program Files/Microsoft Visual Studio/2022/Community/Team Tools/DiagnosticsHub/Collector/rc.exe"
      - "C:/src/vcpkg/installed/x64-windows-static/Program Files/Microsoft Visual Studio/2022/Community/Team Tools/DiagnosticsHub/Collector/rc"
      - "C:/src/vcpkg/installed/x64-windows-static/Program Files (x86)/Windows Kits/10/bin/10.0.26100.0/x64/rc.com"
      - "C:/src/vcpkg/installed/x64-windows-static/Program Files (x86)/Windows Kits/10/bin/10.0.26100.0/x64/rc.exe"
      - "C:/src/vcpkg/installed/x64-windows-static/Program Files (x86)/Windows Kits/10/bin/10.0.26100.0/x64/rc"
      - "C:/src/vcpkg/installed/x64-windows-static/Program Files (x86)/Windows Kits/10/bin/x64/rc.com"
      - "C:/src/vcpkg/installed/x64-windows-static/Program Files (x86)/Windows Kits/10/bin/x64/rc.exe"
      - "C:/src/vcpkg/installed/x64-windows-static/Program Files (x86)/Windows Kits/10/bin/x64/rc"
      - "C:/src/vcpkg/installed/x64-windows-static/Program Files/Microsoft Visual Studio/2022/Community/MSBuild/Current/Bin/amd64/rc.com"
      - "C:/src/vcpkg/installed/x64-windows-static/Program Files/Microsoft Visual Studio/2022/Community/MSBuild/Current/Bin/amd64/rc.exe"
      - "C:/src/vcpkg/installed/x64-windows-static/Program Files/Microsoft Visual Studio/2022/Community/MSBuild/Current/Bin/amd64/rc"
      - "C:/src/vcpkg/installed/x64-windows-static/Windows/Microsoft.NET/Framework64/v4.0.30319/rc.com"
      - "C:/src/vcpkg/installed/x64-windows-static/Windows/Microsoft.NET/Framework64/v4.0.30319/rc.exe"
      - "C:/src/vcpkg/installed/x64-windows-static/Windows/Microsoft.NET/Framework64/v4.0.30319/rc"
      - "C:/src/vcpkg/installed/x64-windows-static/Program Files/Microsoft Visual Studio/2022/Community/Common7/IDE/rc.com"
      - "C:/src/vcpkg/installed/x64-windows-static/Program Files/Microsoft Visual Studio/2022/Community/Common7/IDE/rc.exe"
      - "C:/src/vcpkg/installed/x64-windows-static/Program Files/Microsoft Visual Studio/2022/Community/Common7/IDE/rc"
      - "C:/src/vcpkg/installed/x64-windows-static/Program Files/Microsoft Visual Studio/2022/Community/Common7/Tools/rc.com"
      - "C:/src/vcpkg/installed/x64-windows-static/Program Files/Microsoft Visual Studio/2022/Community/Common7/Tools/rc.exe"
      - "C:/src/vcpkg/installed/x64-windows-static/Program Files/Microsoft Visual Studio/2022/Community/Common7/Tools/rc"
      - "C:/src/vcpkg/installed/x64-windows-static/src/vcpkg/downloads/tools/powershell-core-7.6.4-windows/rc.com"
      - "C:/src/vcpkg/installed/x64-windows-static/src/vcpkg/downloads/tools/powershell-core-7.6.4-windows/rc.exe"
      - "C:/src/vcpkg/installed/x64-windows-static/src/vcpkg/downloads/tools/powershell-core-7.6.4-windows/rc"
      - "C:/src/vcpkg/installed/x64-windows-static/Windows/System32/rc.com"
      - "C:/src/vcpkg/installed/x64-windows-static/Windows/System32/rc.exe"
      - "C:/src/vcpkg/installed/x64-windows-static/Windows/System32/rc"
      - "C:/src/vcpkg/installed/x64-windows-static/Windows/rc.com"
      - "C:/src/vcpkg/installed/x64-windows-static/Windows/rc.exe"
      - "C:/src/vcpkg/installed/x64-windows-static/Windows/rc"
      - "C:/src/vcpkg/installed/x64-windows-static/Windows/System32/wbem/rc.com"
      - "C:/src/vcpkg/installed/x64-windows-static/Windows/System32/wbem/rc.exe"
      - "C:/src/vcpkg/installed/x64-windows-static/Windows/System32/wbem/rc"
      - "C:/src/vcpkg/installed/x64-windows-static/Windows/System32/WindowsPowerShell/v1.0/rc.com"
      - "C:/src/vcpkg/installed/x64-windows-static/Windows/System32/WindowsPowerShell/v1.0/rc.exe"
      - "C:/src/vcpkg/installed/x64-windows-static/Windows/System32/WindowsPowerShell/v1.0/rc"
      - "C:/src/vcpkg/installed/x64-windows-static/Windows/System32/OpenSSH/rc.com"
      - "C:/src/vcpkg/installed/x64-windows-static/Windows/System32/OpenSSH/rc.exe"
      - "C:/src/vcpkg/installed/x64-windows-static/Windows/System32/OpenSSH/rc"
      - "C:/src/vcpkg/installed/x64-windows-static/Program Files/Microsoft Visual Studio/2022/Community/Common7/IDE/CommonExtensions/Microsoft/CMake/CMake/bin/rc.com"
      - "C:/src/vcpkg/installed/x64-windows-static/Program Files/Microsoft Visual Studio/2022/Community/Common7/IDE/CommonExtensions/Microsoft/CMake/CMake/bin/rc.exe"
      - "C:/src/vcpkg/installed/x64-windows-static/Program Files/Microsoft Visual Studio/2022/Community/Common7/IDE/CommonExtensions/Microsoft/CMake/CMake/bin/rc"
      - "C:/src/vcpkg/installed/x64-windows-static/Program Files/Microsoft Visual Studio/2022/Community/Common7/IDE/CommonExtensions/Microsoft/CMake/Ninja/rc.com"
      - "C:/src/vcpkg/installed/x64-windows-static/Program Files/Microsoft Visual Studio/2022/Community/Common7/IDE/CommonExtensions/Microsoft/CMake/Ninja/rc.exe"
      - "C:/src/vcpkg/installed/x64-windows-static/Program Files/Microsoft Visual Studio/2022/Community/Common7/IDE/CommonExtensions/Microsoft/CMake/Ninja/rc"
      - "C:/src/vcpkg/installed/x64-windows-static/Program Files/Microsoft Visual Studio/2022/Community/Common7/IDE/VC/Linux/bin/ConnectionManagerExe/rc.com"
      - "C:/src/vcpkg/installed/x64-windows-static/Program Files/Microsoft Visual Studio/2022/Community/Common7/IDE/VC/Linux/bin/ConnectionManagerExe/rc.exe"
      - "C:/src/vcpkg/installed/x64-windows-static/Program Files/Microsoft Visual Studio/2022/Community/Common7/IDE/VC/Linux/bin/ConnectionManagerExe/rc"
      - "C:/src/vcpkg/installed/x64-windows-static/Program Files/Microsoft Visual Studio/2022/Community/VC/vcpkg/rc.com"
      - "C:/src/vcpkg/installed/x64-windows-static/Program Files/Microsoft Visual Studio/2022/Community/VC/vcpkg/rc.exe"
      - "C:/src/vcpkg/installed/x64-windows-static/Program Files/Microsoft Visual Studio/2022/Community/VC/vcpkg/rc"
      - "C:/src/vcpkg/installed/x64-windows-static/src/vcpkg/downloads/tools/ninja-1.13.2-windows/rc.com"
      - "C:/src/vcpkg/installed/x64-windows-static/src/vcpkg/downloads/tools/ninja-1.13.2-windows/rc.exe"
      - "C:/src/vcpkg/installed/x64-windows-static/src/vcpkg/downloads/tools/ninja-1.13.2-windows/rc"
      - "C:/src/vcpkg/installed/x64-windows-static/Program Files/bin/rc.com"
      - "C:/src/vcpkg/installed/x64-windows-static/Program Files/bin/rc.exe"
      - "C:/src/vcpkg/installed/x64-windows-static/Program Files/bin/rc"
      - "C:/src/vcpkg/installed/x64-windows-static/Program Files/sbin/rc.com"
      - "C:/src/vcpkg/installed/x64-windows-static/Program Files/sbin/rc.exe"
      - "C:/src/vcpkg/installed/x64-windows-static/Program Files/sbin/rc"
      - "C:/src/vcpkg/installed/x64-windows-static/Program Files/rc.com"
      - "C:/src/vcpkg/installed/x64-windows-static/Program Files/rc.exe"
      - "C:/src/vcpkg/installed/x64-windows-static/Program Files/rc"
      - "C:/src/vcpkg/installed/x64-windows-static/Program Files (x86)/bin/rc.com"
      - "C:/src/vcpkg/installed/x64-windows-static/Program Files (x86)/bin/rc.exe"
      - "C:/src/vcpkg/installed/x64-windows-static/Program Files (x86)/bin/rc"
      - "C:/src/vcpkg/installed/x64-windows-static/Program Files (x86)/sbin/rc.com"
      - "C:/src/vcpkg/installed/x64-windows-static/Program Files (x86)/sbin/rc.exe"
      - "C:/src/vcpkg/installed/x64-windows-static/Program Files (x86)/sbin/rc"
      - "C:/src/vcpkg/installed/x64-windows-static/Program Files (x86)/rc.com"
      - "C:/src/vcpkg/installed/x64-windows-static/Program Files (x86)/rc.exe"
      - "C:/src/vcpkg/installed/x64-windows-static/Program Files (x86)/rc"
      - "C:/src/vcpkg/installed/x64-windows-static/Program Files/CMake/bin/rc.com"
      - "C:/src/vcpkg/installed/x64-windows-static/Program Files/CMake/bin/rc.exe"
      - "C:/src/vcpkg/installed/x64-windows-static/Program Files/CMake/bin/rc"
      - "C:/src/vcpkg/installed/x64-windows-static/Program Files/CMake/sbin/rc.com"
      - "C:/src/vcpkg/installed/x64-windows-static/Program Files/CMake/sbin/rc.exe"
      - "C:/src/vcpkg/installed/x64-windows-static/Program Files/CMake/sbin/rc"
      - "C:/src/vcpkg/installed/x64-windows-static/Program Files/CMake/rc.com"
      - "C:/src/vcpkg/installed/x64-windows-static/Program Files/CMake/rc.exe"
      - "C:/src/vcpkg/installed/x64-windows-static/Program Files/CMake/rc"
      - "C:/src/vcpkg/installed/x64-windows-static/src/vcpkg/packages/sdl2_x64-windows-static/bin/rc.com"
      - "C:/src/vcpkg/installed/x64-windows-static/src/vcpkg/packages/sdl2_x64-windows-static/bin/rc.exe"
      - "C:/src/vcpkg/installed/x64-windows-static/src/vcpkg/packages/sdl2_x64-windows-static/bin/rc"
      - "C:/src/vcpkg/installed/x64-windows-static/src/vcpkg/packages/sdl2_x64-windows-static/sbin/rc.com"
      - "C:/src/vcpkg/installed/x64-windows-static/src/vcpkg/packages/sdl2_x64-windows-static/sbin/rc.exe"
      - "C:/src/vcpkg/installed/x64-windows-static/src/vcpkg/packages/sdl2_x64-windows-static/sbin/rc"
      - "C:/src/vcpkg/installed/x64-windows-static/src/vcpkg/packages/sdl2_x64-windows-static/rc.com"
      - "C:/src/vcpkg/installed/x64-windows-static/src/vcpkg/packages/sdl2_x64-windows-static/rc.exe"
      - "C:/src/vcpkg/installed/x64-windows-static/src/vcpkg/packages/sdl2_x64-windows-static/rc"
      - "C:/src/vcpkg/installed/x64-windows-static/debug/src/vcpkg/installed/x64-windows-static/bin/rc.com"
      - "C:/src/vcpkg/installed/x64-windows-static/debug/src/vcpkg/installed/x64-windows-static/bin/rc.exe"
      - "C:/src/vcpkg/installed/x64-windows-static/debug/src/vcpkg/installed/x64-windows-static/bin/rc"
      - "C:/src/vcpkg/installed/x64-windows-static/debug/src/vcpkg/installed/x64-windows-static/sbin/rc.com"
      - "C:/src/vcpkg/installed/x64-windows-static/debug/src/vcpkg/installed/x64-windows-static/sbin/rc.exe"
      - "C:/src/vcpkg/installed/x64-windows-static/debug/src/vcpkg/installed/x64-windows-static/sbin/rc"
      - "C:/src/vcpkg/installed/x64-windows-static/debug/src/vcpkg/installed/x64-windows-static/rc.com"
      - "C:/src/vcpkg/installed/x64-windows-static/debug/src/vcpkg/installed/x64-windows-static/rc.exe"
      - "C:/src/vcpkg/installed/x64-windows-static/debug/src/vcpkg/installed/x64-windows-static/rc"
      - "C:/src/vcpkg/installed/x64-windows-static/debug/bin/rc.com"
      - "C:/src/vcpkg/installed/x64-windows-static/debug/bin/rc.exe"
      - "C:/src/vcpkg/installed/x64-windows-static/debug/bin/rc"
      - "C:/src/vcpkg/installed/x64-windows-static/debug/sbin/rc.com"
      - "C:/src/vcpkg/installed/x64-windows-static/debug/sbin/rc.exe"
      - "C:/src/vcpkg/installed/x64-windows-static/debug/sbin/rc"
      - "C:/src/vcpkg/installed/x64-windows-static/debug/rc.com"
      - "C:/src/vcpkg/installed/x64-windows-static/debug/rc.exe"
      - "C:/src/vcpkg/installed/x64-windows-static/debug/rc"
      - "C:/src/vcpkg/installed/x64-windows-static/debug/src/vcpkg/installed/x64-windows-static/tools/rc.com"
      - "C:/src/vcpkg/installed/x64-windows-static/debug/src/vcpkg/installed/x64-windows-static/tools/rc.exe"
      - "C:/src/vcpkg/installed/x64-windows-static/debug/src/vcpkg/installed/x64-windows-static/tools/rc"
      - "C:/src/vcpkg/installed/x64-windows-static/debug/Program Files/Microsoft Visual Studio/2022/Community/VC/Tools/MSVC/14.44.35207/bin/Hostx64/x64/rc.com"
      - "C:/src/vcpkg/installed/x64-windows-static/debug/Program Files/Microsoft Visual Studio/2022/Community/VC/Tools/MSVC/14.44.35207/bin/Hostx64/x64/rc.exe"
      - "C:/src/vcpkg/installed/x64-windows-static/debug/Program Files/Microsoft Visual Studio/2022/Community/VC/Tools/MSVC/14.44.35207/bin/Hostx64/x64/rc"
      - "C:/src/vcpkg/installed/x64-windows-static/debug/Program Files/Microsoft Visual Studio/2022/Community/Common7/IDE/VC/vcpackages/rc.com"
      - "C:/src/vcpkg/installed/x64-windows-static/debug/Program Files/Microsoft Visual Studio/2022/Community/Common7/IDE/VC/vcpackages/rc.exe"
      - "C:/src/vcpkg/installed/x64-windows-static/debug/Program Files/Microsoft Visual Studio/2022/Community/Common7/IDE/VC/vcpackages/rc"
      - "C:/src/vcpkg/installed/x64-windows-static/debug/Program Files/Microsoft Visual Studio/2022/Community/Common7/IDE/CommonExtensions/Microsoft/TestWindow/rc.com"
      - "C:/src/vcpkg/installed/x64-windows-static/debug/Program Files/Microsoft Visual Studio/2022/Community/Common7/IDE/CommonExtensions/Microsoft/TestWindow/rc.exe"
      - "C:/src/vcpkg/installed/x64-windows-static/debug/Program Files/Microsoft Visual Studio/2022/Community/Common7/IDE/CommonExtensions/Microsoft/TestWindow/rc"
      - "C:/src/vcpkg/installed/x64-windows-static/debug/Program Files/Microsoft Visual Studio/2022/Community/Common7/IDE/CommonExtensions/Microsoft/TeamFoundation/Team Explorer/rc.com"
      - "C:/src/vcpkg/installed/x64-windows-static/debug/Program Files/Microsoft Visual Studio/2022/Community/Common7/IDE/CommonExtensions/Microsoft/TeamFoundation/Team Explorer/rc.exe"
      - "C:/src/vcpkg/installed/x64-windows-static/debug/Program Files/Microsoft Visual Studio/2022/Community/Common7/IDE/CommonExtensions/Microsoft/TeamFoundation/Team Explorer/rc"
      - "C:/src/vcpkg/installed/x64-windows-static/debug/Program Files/Microsoft Visual Studio/2022/Community/MSBuild/Current/Bin/Roslyn/rc.com"
      - "C:/src/vcpkg/installed/x64-windows-static/debug/Program Files/Microsoft Visual Studio/2022/Community/MSBuild/Current/Bin/Roslyn/rc.exe"
      - "C:/src/vcpkg/installed/x64-windows-static/debug/Program Files/Microsoft Visual Studio/2022/Community/MSBuild/Current/Bin/Roslyn/rc"
      - "C:/src/vcpkg/installed/x64-windows-static/debug/Program Files (x86)/Microsoft SDKs/Windows/v10.0A/bin/NETFX 4.8 Tools/x64/rc.com"
      - "C:/src/vcpkg/installed/x64-windows-static/debug/Program Files (x86)/Microsoft SDKs/Windows/v10.0A/bin/NETFX 4.8 Tools/x64/rc.exe"
      - "C:/src/vcpkg/installed/x64-windows-static/debug/Program Files (x86)/Microsoft SDKs/Windows/v10.0A/bin/NETFX 4.8 Tools/x64/rc"
      - "C:/src/vcpkg/installed/x64-windows-static/debug/Program Files/Microsoft Visual Studio/2022/Community/Common7/IDE/CommonExtensions/Microsoft/FSharp/Tools/rc.com"
      - "C:/src/vcpkg/installed/x64-windows-static/debug/Program Files/Microsoft Visual Studio/2022/Community/Common7/IDE/CommonExtensions/Microsoft/FSharp/Tools/rc.exe"
      - "C:/src/vcpkg/installed/x64-windows-static/debug/Program Files/Microsoft Visual Studio/2022/Community/Common7/IDE/CommonExtensions/Microsoft/FSharp/Tools/rc"
      - "C:/src/vcpkg/installed/x64-windows-static/debug/Program Files/Microsoft Visual Studio/2022/Community/Team Tools/DiagnosticsHub/Collector/rc.com"
      - "C:/src/vcpkg/installed/x64-windows-static/debug/Program Files/Microsoft Visual Studio/2022/Community/Team Tools/DiagnosticsHub/Collector/rc.exe"
      - "C:/src/vcpkg/installed/x64-windows-static/debug/Program Files/Microsoft Visual Studio/2022/Community/Team Tools/DiagnosticsHub/Collector/rc"
      - "C:/src/vcpkg/installed/x64-windows-static/debug/Program Files (x86)/Windows Kits/10/bin/10.0.26100.0/x64/rc.com"
      - "C:/src/vcpkg/installed/x64-windows-static/debug/Program Files (x86)/Windows Kits/10/bin/10.0.26100.0/x64/rc.exe"
      - "C:/src/vcpkg/installed/x64-windows-static/debug/Program Files (x86)/Windows Kits/10/bin/10.0.26100.0/x64/rc"
      - "C:/src/vcpkg/installed/x64-windows-static/debug/Program Files (x86)/Windows Kits/10/bin/x64/rc.com"
      - "C:/src/vcpkg/installed/x64-windows-static/debug/Program Files (x86)/Windows Kits/10/bin/x64/rc.exe"
      - "C:/src/vcpkg/installed/x64-windows-static/debug/Program Files (x86)/Windows Kits/10/bin/x64/rc"
      - "C:/src/vcpkg/installed/x64-windows-static/debug/Program Files/Microsoft Visual Studio/2022/Community/MSBuild/Current/Bin/amd64/rc.com"
      - "C:/src/vcpkg/installed/x64-windows-static/debug/Program Files/Microsoft Visual Studio/2022/Community/MSBuild/Current/Bin/amd64/rc.exe"
      - "C:/src/vcpkg/installed/x64-windows-static/debug/Program Files/Microsoft Visual Studio/2022/Community/MSBuild/Current/Bin/amd64/rc"
      - "C:/src/vcpkg/installed/x64-windows-static/debug/Windows/Microsoft.NET/Framework64/v4.0.30319/rc.com"
      - "C:/src/vcpkg/installed/x64-windows-static/debug/Windows/Microsoft.NET/Framework64/v4.0.30319/rc.exe"
      - "C:/src/vcpkg/installed/x64-windows-static/debug/Windows/Microsoft.NET/Framework64/v4.0.30319/rc"
      - "C:/src/vcpkg/installed/x64-windows-static/debug/Program Files/Microsoft Visual Studio/2022/Community/Common7/IDE/rc.com"
      - "C:/src/vcpkg/installed/x64-windows-static/debug/Program Files/Microsoft Visual Studio/2022/Community/Common7/IDE/rc.exe"
      - "C:/src/vcpkg/installed/x64-windows-static/debug/Program Files/Microsoft Visual Studio/2022/Community/Common7/IDE/rc"
      - "C:/src/vcpkg/installed/x64-windows-static/debug/Program Files/Microsoft Visual Studio/2022/Community/Common7/Tools/rc.com"
      - "C:/src/vcpkg/installed/x64-windows-static/debug/Program Files/Microsoft Visual Studio/2022/Community/Common7/Tools/rc.exe"
      - "C:/src/vcpkg/installed/x64-windows-static/debug/Program Files/Microsoft Visual Studio/2022/Community/Common7/Tools/rc"
      - "C:/src/vcpkg/installed/x64-windows-static/debug/src/vcpkg/downloads/tools/powershell-core-7.6.4-windows/rc.com"
      - "C:/src/vcpkg/installed/x64-windows-static/debug/src/vcpkg/downloads/tools/powershell-core-7.6.4-windows/rc.exe"
      - "C:/src/vcpkg/installed/x64-windows-static/debug/src/vcpkg/downloads/tools/powershell-core-7.6.4-windows/rc"
      - "C:/src/vcpkg/installed/x64-windows-static/debug/Windows/System32/rc.com"
      - "C:/src/vcpkg/installed/x64-windows-static/debug/Windows/System32/rc.exe"
      - "C:/src/vcpkg/installed/x64-windows-static/debug/Windows/System32/rc"
      - "C:/src/vcpkg/installed/x64-windows-static/debug/Windows/rc.com"
      - "C:/src/vcpkg/installed/x64-windows-static/debug/Windows/rc.exe"
      - "C:/src/vcpkg/installed/x64-windows-static/debug/Windows/rc"
      - "C:/src/vcpkg/installed/x64-windows-static/debug/Windows/System32/wbem/rc.com"
      - "C:/src/vcpkg/installed/x64-windows-static/debug/Windows/System32/wbem/rc.exe"
      - "C:/src/vcpkg/installed/x64-windows-static/debug/Windows/System32/wbem/rc"
      - "C:/src/vcpkg/installed/x64-windows-static/debug/Windows/System32/WindowsPowerShell/v1.0/rc.com"
      - "C:/src/vcpkg/installed/x64-windows-static/debug/Windows/System32/WindowsPowerShell/v1.0/rc.exe"
      - "C:/src/vcpkg/installed/x64-windows-static/debug/Windows/System32/WindowsPowerShell/v1.0/rc"
      - "C:/src/vcpkg/installed/x64-windows-static/debug/Windows/System32/OpenSSH/rc.com"
      - "C:/src/vcpkg/installed/x64-windows-static/debug/Windows/System32/OpenSSH/rc.exe"
      - "C:/src/vcpkg/installed/x64-windows-static/debug/Windows/System32/OpenSSH/rc"
      - "C:/src/vcpkg/installed/x64-windows-static/debug/Program Files/Microsoft Visual Studio/2022/Community/Common7/IDE/CommonExtensions/Microsoft/CMake/CMake/bin/rc.com"
      - "C:/src/vcpkg/installed/x64-windows-static/debug/Program Files/Microsoft Visual Studio/2022/Community/Common7/IDE/CommonExtensions/Microsoft/CMake/CMake/bin/rc.exe"
      - "C:/src/vcpkg/installed/x64-windows-static/debug/Program Files/Microsoft Visual Studio/2022/Community/Common7/IDE/CommonExtensions/Microsoft/CMake/CMake/bin/rc"
      - "C:/src/vcpkg/installed/x64-windows-static/debug/Program Files/Microsoft Visual Studio/2022/Community/Common7/IDE/CommonExtensions/Microsoft/CMake/Ninja/rc.com"
      - "C:/src/vcpkg/installed/x64-windows-static/debug/Program Files/Microsoft Visual Studio/2022/Community/Common7/IDE/CommonExtensions/Microsoft/CMake/Ninja/rc.exe"
      - "C:/src/vcpkg/installed/x64-windows-static/debug/Program Files/Microsoft Visual Studio/2022/Community/Common7/IDE/CommonExtensions/Microsoft/CMake/Ninja/rc"
      - "C:/src/vcpkg/installed/x64-windows-static/debug/Program Files/Microsoft Visual Studio/2022/Community/Common7/IDE/VC/Linux/bin/ConnectionManagerExe/rc.com"
      - "C:/src/vcpkg/installed/x64-windows-static/debug/Program Files/Microsoft Visual Studio/2022/Community/Common7/IDE/VC/Linux/bin/ConnectionManagerExe/rc.exe"
      - "C:/src/vcpkg/installed/x64-windows-static/debug/Program Files/Microsoft Visual Studio/2022/Community/Common7/IDE/VC/Linux/bin/ConnectionManagerExe/rc"
      - "C:/src/vcpkg/installed/x64-windows-static/debug/Program Files/Microsoft Visual Studio/2022/Community/VC/vcpkg/rc.com"
      - "C:/src/vcpkg/installed/x64-windows-static/debug/Program Files/Microsoft Visual Studio/2022/Community/VC/vcpkg/rc.exe"
      - "C:/src/vcpkg/installed/x64-windows-static/debug/Program Files/Microsoft Visual Studio/2022/Community/VC/vcpkg/rc"
      - "C:/src/vcpkg/installed/x64-windows-static/debug/src/vcpkg/downloads/tools/ninja-1.13.2-windows/rc.com"
      - "C:/src/vcpkg/installed/x64-windows-static/debug/src/vcpkg/downloads/tools/ninja-1.13.2-windows/rc.exe"
      - "C:/src/vcpkg/installed/x64-windows-static/debug/src/vcpkg/downloads/tools/ninja-1.13.2-windows/rc"
      - "C:/src/vcpkg/installed/x64-windows-static/debug/Program Files/bin/rc.com"
      - "C:/src/vcpkg/installed/x64-windows-static/debug/Program Files/bin/rc.exe"
      - "C:/src/vcpkg/installed/x64-windows-static/debug/Program Files/bin/rc"
      - "C:/src/vcpkg/installed/x64-windows-static/debug/Program Files/sbin/rc.com"
      - "C:/src/vcpkg/installed/x64-windows-static/debug/Program Files/sbin/rc.exe"
      - "C:/src/vcpkg/installed/x64-windows-static/debug/Program Files/sbin/rc"
      - "C:/src/vcpkg/installed/x64-windows-static/debug/Program Files/rc.com"
      - "C:/src/vcpkg/installed/x64-windows-static/debug/Program Files/rc.exe"
      - "C:/src/vcpkg/installed/x64-windows-static/debug/Program Files/rc"
      - "C:/src/vcpkg/installed/x64-windows-static/debug/Program Files (x86)/bin/rc.com"
      - "C:/src/vcpkg/installed/x64-windows-static/debug/Program Files (x86)/bin/rc.exe"
      - "C:/src/vcpkg/installed/x64-windows-static/debug/Program Files (x86)/bin/rc"
      - "C:/src/vcpkg/installed/x64-windows-static/debug/Program Files (x86)/sbin/rc.com"
      - "C:/src/vcpkg/installed/x64-windows-static/debug/Program Files (x86)/sbin/rc.exe"
      - "C:/src/vcpkg/installed/x64-windows-static/debug/Program Files (x86)/sbin/rc"
      - "C:/src/vcpkg/installed/x64-windows-static/debug/Program Files (x86)/rc.com"
      - "C:/src/vcpkg/installed/x64-windows-static/debug/Program Files (x86)/rc.exe"
      - "C:/src/vcpkg/installed/x64-windows-static/debug/Program Files (x86)/rc"
      - "C:/src/vcpkg/installed/x64-windows-static/debug/Program Files/CMake/bin/rc.com"
      - "C:/src/vcpkg/installed/x64-windows-static/debug/Program Files/CMake/bin/rc.exe"
      - "C:/src/vcpkg/installed/x64-windows-static/debug/Program Files/CMake/bin/rc"
      - "C:/src/vcpkg/installed/x64-windows-static/debug/Program Files/CMake/sbin/rc.com"
      - "C:/src/vcpkg/installed/x64-windows-static/debug/Program Files/CMake/sbin/rc.exe"
      - "C:/src/vcpkg/installed/x64-windows-static/debug/Program Files/CMake/sbin/rc"
      - "C:/src/vcpkg/installed/x64-windows-static/debug/Program Files/CMake/rc.com"
      - "C:/src/vcpkg/installed/x64-windows-static/debug/Program Files/CMake/rc.exe"
      - "C:/src/vcpkg/installed/x64-windows-static/debug/Program Files/CMake/rc"
      - "C:/src/vcpkg/installed/x64-windows-static/debug/src/vcpkg/packages/sdl2_x64-windows-static/bin/rc.com"
      - "C:/src/vcpkg/installed/x64-windows-static/debug/src/vcpkg/packages/sdl2_x64-windows-static/bin/rc.exe"
      - "C:/src/vcpkg/installed/x64-windows-static/debug/src/vcpkg/packages/sdl2_x64-windows-static/bin/rc"
      - "C:/src/vcpkg/installed/x64-windows-static/debug/src/vcpkg/packages/sdl2_x64-windows-static/sbin/rc.com"
      - "C:/src/vcpkg/installed/x64-windows-static/debug/src/vcpkg/packages/sdl2_x64-windows-static/sbin/rc.exe"
      - "C:/src/vcpkg/installed/x64-windows-static/debug/src/vcpkg/packages/sdl2_x64-windows-static/sbin/rc"
      - "C:/src/vcpkg/installed/x64-windows-static/debug/src/vcpkg/packages/sdl2_x64-windows-static/rc.com"
      - "C:/src/vcpkg/installed/x64-windows-static/debug/src/vcpkg/packages/sdl2_x64-windows-static/rc.exe"
      - "C:/src/vcpkg/installed/x64-windows-static/debug/src/vcpkg/packages/sdl2_x64-windows-static/rc"
      - "C:/src/vcpkg/installed/x64-windows-static/bin/rc.com"
      - "C:/src/vcpkg/installed/x64-windows-static/bin/rc.exe"
      - "C:/src/vcpkg/installed/x64-windows-static/bin/rc"
      - "C:/src/vcpkg/installed/x64-windows-static/sbin/rc.com"
      - "C:/src/vcpkg/installed/x64-windows-static/sbin/rc.exe"
      - "C:/src/vcpkg/installed/x64-windows-static/sbin/rc"
      - "C:/src/vcpkg/installed/x64-windows-static/rc.com"
      - "C:/src/vcpkg/installed/x64-windows-static/rc.exe"
      - "C:/src/vcpkg/installed/x64-windows-static/rc"
      - "C:/src/vcpkg/installed/x64-windows-static/debug/bin/rc.com"
      - "C:/src/vcpkg/installed/x64-windows-static/debug/bin/rc.exe"
      - "C:/src/vcpkg/installed/x64-windows-static/debug/bin/rc"
      - "C:/src/vcpkg/installed/x64-windows-static/debug/sbin/rc.com"
      - "C:/src/vcpkg/installed/x64-windows-static/debug/sbin/rc.exe"
      - "C:/src/vcpkg/installed/x64-windows-static/debug/sbin/rc"
      - "C:/src/vcpkg/installed/x64-windows-static/debug/rc.com"
      - "C:/src/vcpkg/installed/x64-windows-static/debug/rc.exe"
      - "C:/src/vcpkg/installed/x64-windows-static/debug/rc"
      - "C:/src/vcpkg/installed/x64-windows-static/tools/rc.com"
      - "C:/src/vcpkg/installed/x64-windows-static/tools/rc.exe"
      - "C:/src/vcpkg/installed/x64-windows-static/tools/rc"
      - "C:/Program Files/Microsoft Visual Studio/2022/Community/VC/Tools/MSVC/14.44.35207/bin/Hostx64/x64/rc.com"
      - "C:/Program Files/Microsoft Visual Studio/2022/Community/VC/Tools/MSVC/14.44.35207/bin/Hostx64/x64/rc.exe"
      - "C:/Program Files/Microsoft Visual Studio/2022/Community/VC/Tools/MSVC/14.44.35207/bin/Hostx64/x64/rc"
      - "C:/Program Files/Microsoft Visual Studio/2022/Community/Common7/IDE/VC/vcpackages/rc.com"
      - "C:/Program Files/Microsoft Visual Studio/2022/Community/Common7/IDE/VC/vcpackages/rc.exe"
      - "C:/Program Files/Microsoft Visual Studio/2022/Community/Common7/IDE/VC/vcpackages/rc"
      - "C:/Program Files/Microsoft Visual Studio/2022/Community/Common7/IDE/CommonExtensions/Microsoft/TestWindow/rc.com"
      - "C:/Program Files/Microsoft Visual Studio/2022/Community/Common7/IDE/CommonExtensions/Microsoft/TestWindow/rc.exe"
      - "C:/Program Files/Microsoft Visual Studio/2022/Community/Common7/IDE/CommonExtensions/Microsoft/TestWindow/rc"
      - "C:/Program Files/Microsoft Visual Studio/2022/Community/Common7/IDE/CommonExtensions/Microsoft/TeamFoundation/Team Explorer/rc.com"
      - "C:/Program Files/Microsoft Visual Studio/2022/Community/Common7/IDE/CommonExtensions/Microsoft/TeamFoundation/Team Explorer/rc.exe"
      - "C:/Program Files/Microsoft Visual Studio/2022/Community/Common7/IDE/CommonExtensions/Microsoft/TeamFoundation/Team Explorer/rc"
      - "C:/Program Files/Microsoft Visual Studio/2022/Community/MSBuild/Current/Bin/Roslyn/rc.com"
      - "C:/Program Files/Microsoft Visual Studio/2022/Community/MSBuild/Current/Bin/Roslyn/rc.exe"
      - "C:/Program Files/Microsoft Visual Studio/2022/Community/MSBuild/Current/Bin/Roslyn/rc"
      - "C:/Program Files (x86)/Microsoft SDKs/Windows/v10.0A/bin/NETFX 4.8 Tools/x64/rc.com"
      - "C:/Program Files (x86)/Microsoft SDKs/Windows/v10.0A/bin/NETFX 4.8 Tools/x64/rc.exe"
      - "C:/Program Files (x86)/Microsoft SDKs/Windows/v10.0A/bin/NETFX 4.8 Tools/x64/rc"
      - "C:/Program Files/Microsoft Visual Studio/2022/Community/Common7/IDE/CommonExtensions/Microsoft/FSharp/Tools/rc.com"
      - "C:/Program Files/Microsoft Visual Studio/2022/Community/Common7/IDE/CommonExtensions/Microsoft/FSharp/Tools/rc.exe"
      - "C:/Program Files/Microsoft Visual Studio/2022/Community/Common7/IDE/CommonExtensions/Microsoft/FSharp/Tools/rc"
      - "C:/Program Files/Microsoft Visual Studio/2022/Community/Team Tools/DiagnosticsHub/Collector/rc.com"
      - "C:/Program Files/Microsoft Visual Studio/2022/Community/Team Tools/DiagnosticsHub/Collector/rc.exe"
      - "C:/Program Files/Microsoft Visual Studio/2022/Community/Team Tools/DiagnosticsHub/Collector/rc"
      - "C:/Program Files (x86)/Windows Kits/10/bin/10.0.26100.0/x64/rc.com"
    found: "C:/Program Files (x86)/Windows Kits/10/bin/10.0.26100.0/x64/rc.exe"
    search_context:
      CMAKE_PROGRAM_PATH:
        - "C:/src/vcpkg/installed/x64-windows-static/tools"
      CMAKE_PREFIX_PATH:
        - "C:/src/vcpkg/installed/x64-windows-static"
        - "C:/src/vcpkg/installed/x64-windows-static/debug"
      ENV{PATH}:
        - "C:\\Program Files\\Microsoft Visual Studio\\2022\\Community\\VC\\Tools\\MSVC\\14.44.35207\\bin\\HostX64\\x64"
        - "C:\\Program Files\\Microsoft Visual Studio\\2022\\Community\\Common7\\IDE\\VC\\VCPackages"
        - "C:\\Program Files\\Microsoft Visual Studio\\2022\\Community\\Common7\\IDE\\CommonExtensions\\Microsoft\\TestWindow"
        - "C:\\Program Files\\Microsoft Visual Studio\\2022\\Community\\Common7\\IDE\\CommonExtensions\\Microsoft\\TeamFoundation\\Team Explorer"
        - "C:\\Program Files\\Microsoft Visual Studio\\2022\\Community\\MSBuild\\Current\\bin\\Roslyn"
        - "C:\\Program Files (x86)\\Microsoft SDKs\\Windows\\v10.0A\\bin\\NETFX 4.8 Tools\\x64\\"
        - "C:\\Program Files\\Microsoft Visual Studio\\2022\\Community\\Common7\\IDE\\CommonExtensions\\Microsoft\\FSharp\\Tools"
        - "C:\\Program Files\\Microsoft Visual Studio\\2022\\Community\\Team Tools\\DiagnosticsHub\\Collector"
        - "C:\\Program Files (x86)\\Windows Kits\\10\\bin\\10.0.26100.0\\x64"
        - "C:\\Program Files (x86)\\Windows Kits\\10\\bin\\x64"
        - "C:\\Program Files\\Microsoft Visual Studio\\2022\\Community\\MSBuild\\Current\\Bin\\amd64"
        - "C:\\Windows\\Microsoft.NET\\Framework64\\v4.0.30319"
        - "C:\\Program Files\\Microsoft Visual Studio\\2022\\Community\\Common7\\IDE\\"
        - "C:\\Program Files\\Microsoft Visual Studio\\2022\\Community\\Common7\\Tools\\"
        - "C:\\src\\vcpkg\\downloads\\tools\\powershell-core-7.6.4-windows"
        - "C:\\WINDOWS\\system32"
        - "C:\\WINDOWS"
        - "C:\\WINDOWS\\system32\\Wbem"
        - "C:\\WINDOWS\\system32\\WindowsPowerShell\\v1.0\\"
        - "C:\\WINDOWS\\system32\\OpenSSH\\"
        - "C:\\Program Files\\Microsoft Visual Studio\\2022\\Community\\Common7\\IDE\\CommonExtensions\\Microsoft\\CMake\\CMake\\bin"
        - "C:\\Program Files\\Microsoft Visual Studio\\2022\\Community\\Common7\\IDE\\CommonExtensions\\Microsoft\\CMake\\Ninja"
        - "C:\\Program Files\\Microsoft Visual Studio\\2022\\Community\\Common7\\IDE\\VC\\Linux\\bin\\ConnectionManagerExe"
        - "C:\\Program Files\\Microsoft Visual Studio\\2022\\Community\\VC\\vcpkg"
        - "C:\\src\\vcpkg\\downloads\\tools\\ninja-1.13.2-windows"
      CMAKE_INSTALL_PREFIX: "C:/src/vcpkg/packages/sdl2_x64-windows-static"
      CMAKE_SYSTEM_PREFIX_PATH:
        - "C:/Program Files"
        - "C:/Program Files (x86)"
        - "C:/Program Files/CMake"
        - "C:/src/vcpkg/packages/sdl2_x64-windows-static"
      CMAKE_FIND_ROOT_PATH: "C:/src/vcpkg/installed/x64-windows-static;C:/src/vcpkg/installed/x64-windows-static/debug"
  -
    kind: "try_compile-v1"
    backtrace:
      - "C:/Program Files/CMake/share/cmake-4.4/Modules/CMakeDetermineCompilerABI.cmake:123 (try_compile)"
      - "C:/Program Files/CMake/share/cmake-4.4/Modules/CMakeTestCCompiler.cmake:26 (CMAKE_DETERMINE_COMPILER_ABI)"
      - "CMakeLists.txt:9 (project)"
    checks:
      - "Detecting C compiler ABI info"
    directories:
      source: "C:/src/vcpkg/buildtrees/sdl2/x64-windows-static-rel/CMakeFiles/CMakeScratch/TryCompile-50v3c1"
      binary: "C:/src/vcpkg/buildtrees/sdl2/x64-windows-static-rel/CMakeFiles/CMakeScratch/TryCompile-50v3c1"
    cmakeVariables:
      CMAKE_C_FLAGS: " /nologo /DWIN32 /D_WINDOWS /utf-8 /MP "
      CMAKE_C_FLAGS_DEBUG: "/MTd /Z7 /Ob0 /Od /RTC1 "
      CMAKE_EXE_LINKER_FLAGS: "/machine:x64"
      CMAKE_MSVC_DEBUG_INFORMATION_FORMAT: ""
      CMAKE_MSVC_RUNTIME_LIBRARY: "MultiThreaded$<$<CONFIG:Debug>:Debug>$<$<STREQUAL:static,dynamic>:DLL>"
      VCPKG_CHAINLOAD_TOOLCHAIN_FILE: "C:/src/vcpkg/scripts/toolchains/windows.cmake"
      VCPKG_CRT_LINKAGE: "static"
      VCPKG_CXX_FLAGS: ""
      VCPKG_CXX_FLAGS_DEBUG: ""
      VCPKG_CXX_FLAGS_RELEASE: ""
      VCPKG_C_FLAGS: ""
      VCPKG_C_FLAGS_DEBUG: ""
      VCPKG_C_FLAGS_RELEASE: ""
      VCPKG_INSTALLED_DIR: "C:/src/vcpkg/installed"
      VCPKG_LINKER_FLAGS: ""
      VCPKG_LINKER_FLAGS_DEBUG: ""
      VCPKG_LINKER_FLAGS_RELEASE: ""
      VCPKG_PLATFORM_TOOLSET: "v143"
      VCPKG_PREFER_SYSTEM_LIBS: "OFF"
      VCPKG_SET_CHARSET_FLAG: "ON"
      VCPKG_TARGET_ARCHITECTURE: "x64"
      VCPKG_TARGET_TRIPLET: "x64-windows-static"
      Z_VCPKG_ROOT_DIR: "C:/src/vcpkg"
    buildResult:
      variable: "CMAKE_C_ABI_COMPILED"
      cached: false
      stdout: |
        Change Dir: 'C:/src/vcpkg/buildtrees/sdl2/x64-windows-static-rel/CMakeFiles/CMakeScratch/TryCompile-50v3c1'
        
        Run Build Command(s): C:\\src\\vcpkg\\downloads\\tools\\ninja-1.13.2-windows\\ninja.exe -v cmTC_fa239
        [1/2] "C:\\Program Files\\Microsoft Visual Studio\\2022\\Community\\VC\\Tools\\MSVC\\14.44.35207\\bin\\Hostx64\\x64\\cl.exe"  /nologo -D_MBCS  /nologo /DWIN32 /D_WINDOWS /utf-8 /MP   /MTd /Z7 /Ob0 /Od /RTC1  -MTd /showIncludes /FoCMakeFiles\\cmTC_fa239.dir\\CMakeCCompilerABI.c.obj /FdCMakeFiles\\cmTC_fa239.dir\\ /FS -c "C:\\Program Files\\CMake\\share\\cmake-4.4\\Modules\\CMakeCCompilerABI.c"
        [2/2] C:\\WINDOWS\\system32\\cmd.exe /C "cd . && "C:\\Program Files\\CMake\\bin\\cmake.exe" -E vs_link_exe --msvc-ver=1944 --intdir=CMakeFiles\\cmTC_fa239.dir --rc="C:\\Program Files (x86)\\Windows Kits\\10\\bin\\10.0.26100.0\\x64\\rc.exe" --mt="C:\\Program Files (x86)\\Windows Kits\\10\\bin\\10.0.26100.0\\x64\\mt.exe" --manifests  -- "C:\\Program Files\\Microsoft Visual Studio\\2022\\Community\\VC\\Tools\\MSVC\\14.44.35207\\bin\\Hostx64\\x64\\link.exe" /nologo CMakeFiles\\cmTC_fa239.dir\\CMakeCCompilerABI.c.obj  /out:cmTC_fa239.exe /implib:cmTC_fa239.lib /pdb:cmTC_fa239.pdb /version:0.0 /machine:x64 /nologo /debug /INCREMENTAL /subsystem:console  kernel32.lib user32.lib gdi32.lib winspool.lib shell32.lib ole32.lib oleaut32.lib uuid.lib comdlg32.lib advapi32.lib && cd ."
        
      exitCode: 0
  -
    kind: "message-v1"
    backtrace:
      - "C:/Program Files/CMake/share/cmake-4.4/Modules/CMakeDetermineCompilerABI.cmake:291 (message)"
      - "C:/Program Files/CMake/share/cmake-4.4/Modules/CMakeTestCCompiler.cmake:26 (CMAKE_DETERMINE_COMPILER_ABI)"
      - "CMakeLists.txt:9 (project)"
    message: |
      Parsed C implicit link information:
        link line regex: [^( *|.*[/\\])(ld[0-9]*(|\\.[a-rt-z][a-z]*|\\.s[a-np-z][a-z]*|\\.so[a-z]+)|link\\.exe|lld-link(\\.exe)?|CMAKE_LINK_STARTFILE-NOTFOUND|([^/\\]+-)?ld|collect2)[^/\\]*( |$)]
        linker tool regex: [^[ 	]*(->|"|[0-9]+>[ 	-]*Build:[ 	0-9]+ ms[ 	]*)?[ 	]*(([^"]*[/\\])?(ld[0-9]*(|\\.[a-rt-z][a-z]*|\\.s[a-np-z][a-z]*|\\.so[a-z]+)|link\\.exe|lld-link(\\.exe)?))("|,| |$)]
        link line: [[2/2] C:\\WINDOWS\\system32\\cmd.exe /C "cd . && "C:\\Program Files\\CMake\\bin\\cmake.exe" -E vs_link_exe --msvc-ver=1944 --intdir=CMakeFiles\\cmTC_fa239.dir --rc="C:\\Program Files (x86)\\Windows Kits\\10\\bin\\10.0.26100.0\\x64\\rc.exe" --mt="C:\\Program Files (x86)\\Windows Kits\\10\\bin\\10.0.26100.0\\x64\\mt.exe" --manifests  -- "C:\\Program Files\\Microsoft Visual Studio\\2022\\Community\\VC\\Tools\\MSVC\\14.44.35207\\bin\\Hostx64\\x64\\link.exe" /nologo CMakeFiles\\cmTC_fa239.dir\\CMakeCCompilerABI.c.obj  /out:cmTC_fa239.exe /implib:cmTC_fa239.lib /pdb:cmTC_fa239.pdb /version:0.0 /machine:x64 /nologo /debug /INCREMENTAL /subsystem:console  kernel32.lib user32.lib gdi32.lib winspool.lib shell32.lib ole32.lib oleaut32.lib uuid.lib comdlg32.lib advapi32.lib && cd ."] ==> linker [C:\\Program Files\\Microsoft Visual Studio\\2022\\Community\\VC\\Tools\\MSVC\\14.44.35207\\bin\\Hostx64\\x64\\link.exe]
        linker tool for 'C': C:/Program Files/Microsoft Visual Studio/2022/Community/VC/Tools/MSVC/14.44.35207/bin/Hostx64/x64/link.exe 
        implicit libs: []
        implicit objs: []
        implicit dirs: []
        implicit fwks: []
      
      
  -
    kind: "message-v1"
    backtrace:
      - "C:/Program Files/CMake/share/cmake-4.4/Modules/Internal/CMakeDetermineLinkerId.cmake:41 (message)"
      - "C:/Program Files/CMake/share/cmake-4.4/Modules/CMakeDetermineCompilerABI.cmake:337 (cmake_determine_linker_id)"
      - "C:/Program Files/CMake/share/cmake-4.4/Modules/CMakeTestCCompiler.cmake:26 (CMAKE_DETERMINE_COMPILER_ABI)"
      - "CMakeLists.txt:9 (project)"
    message: |
      Running the C compiler's linker: "C:/Program Files/Microsoft Visual Studio/2022/Community/VC/Tools/MSVC/14.44.35207/bin/Hostx64/x64/link.exe" "-v"
      Microsoft (R) Incremental Linker Version 14.44.35213.0
      Copyright (C) Microsoft Corporation.  All rights reserved.
  -
    kind: "find-v1"
    backtrace:
      - "C:/Program Files/CMake/share/cmake-4.4/Modules/FindPkgConfig.cmake:517 (find_program)"
      - "C:/src/vcpkg/scripts/buildsystems/vcpkg.cmake:939 (_find_package)"
      - "CMakeLists.txt:74 (find_package)"
    mode: "program"
    variable: "PKG_CONFIG_EXECUTABLE"
    description: "pkg-config executable"
    settings:
      SearchFramework: "LAST"
      SearchAppBundle: "LAST"
      CMAKE_FIND_USE_CMAKE_PATH: true
      CMAKE_FIND_USE_CMAKE_ENVIRONMENT_PATH: true
      CMAKE_FIND_USE_SYSTEM_ENVIRONMENT_PATH: true
      CMAKE_FIND_USE_CMAKE_SYSTEM_PATH: true
      CMAKE_FIND_USE_INSTALL_PREFIX: true
    names:
      - "pkg-config.bat"
      - "pkg-config"
      - "pkgconf"
    candidate_directories:
      - "C:/src/vcpkg/installed/x64-windows-static/bin/"
      - "C:/src/vcpkg/installed/x64-windows-static/sbin/"
      - "C:/src/vcpkg/installed/x64-windows-static/"
      - "C:/src/vcpkg/installed/x64-windows-static/debug/bin/"
      - "C:/src/vcpkg/installed/x64-windows-static/debug/sbin/"
      - "C:/src/vcpkg/installed/x64-windows-static/debug/"
      - "C:/src/vcpkg/installed/x64-windows-static/tools/"
      - "C:/src/vcpkg/installed/x64-windows-static/Program Files/Microsoft Visual Studio/2022/Community/VC/Tools/MSVC/14.44.35207/bin/Hostx64/x64/"
      - "C:/src/vcpkg/installed/x64-windows-static/Program Files/Microsoft Visual Studio/2022/Community/Common7/IDE/VC/vcpackages/"
      - "C:/src/vcpkg/installed/x64-windows-static/Program Files/Microsoft Visual Studio/2022/Community/Common7/IDE/CommonExtensions/Microsoft/TestWindow/"
      - "C:/src/vcpkg/installed/x64-windows-static/Program Files/Microsoft Visual Studio/2022/Community/Common7/IDE/CommonExtensions/Microsoft/TeamFoundation/Team Explorer/"
      - "C:/src/vcpkg/installed/x64-windows-static/Program Files/Microsoft Visual Studio/2022/Community/MSBuild/Current/Bin/Roslyn/"
      - "C:/src/vcpkg/installed/x64-windows-static/Program Files (x86)/Microsoft SDKs/Windows/v10.0A/bin/NETFX 4.8 Tools/x64/"
      - "C:/src/vcpkg/installed/x64-windows-static/Program Files/Microsoft Visual Studio/2022/Community/Common7/IDE/CommonExtensions/Microsoft/FSharp/Tools/"
      - "C:/src/vcpkg/installed/x64-windows-static/Program Files/Microsoft Visual Studio/2022/Community/Team Tools/DiagnosticsHub/Collector/"
      - "C:/src/vcpkg/installed/x64-windows-static/Program Files (x86)/Windows Kits/10/bin/10.0.26100.0/x64/"
      - "C:/src/vcpkg/installed/x64-windows-static/Program Files (x86)/Windows Kits/10/bin/x64/"
      - "C:/src/vcpkg/installed/x64-windows-static/Program Files/Microsoft Visual Studio/2022/Community/MSBuild/Current/Bin/amd64/"
      - "C:/src/vcpkg/installed/x64-windows-static/Windows/Microsoft.NET/Framework64/v4.0.30319/"
      - "C:/src/vcpkg/installed/x64-windows-static/Program Files/Microsoft Visual Studio/2022/Community/Common7/IDE/"
      - "C:/src/vcpkg/installed/x64-windows-static/Program Files/Microsoft Visual Studio/2022/Community/Common7/Tools/"
      - "C:/src/vcpkg/installed/x64-windows-static/src/vcpkg/downloads/tools/powershell-core-7.6.4-windows/"
      - "C:/src/vcpkg/installed/x64-windows-static/Windows/System32/"
      - "C:/src/vcpkg/installed/x64-windows-static/Windows/"
      - "C:/src/vcpkg/installed/x64-windows-static/Windows/System32/wbem/"
      - "C:/src/vcpkg/installed/x64-windows-static/Windows/System32/WindowsPowerShell/v1.0/"
      - "C:/src/vcpkg/installed/x64-windows-static/Windows/System32/OpenSSH/"
      - "C:/src/vcpkg/installed/x64-windows-static/Program Files/Microsoft Visual Studio/2022/Community/Common7/IDE/CommonExtensions/Microsoft/CMake/CMake/bin/"
      - "C:/src/vcpkg/installed/x64-windows-static/Program Files/Microsoft Visual Studio/2022/Community/Common7/IDE/CommonExtensions/Microsoft/CMake/Ninja/"
      - "C:/src/vcpkg/installed/x64-windows-static/Program Files/Microsoft Visual Studio/2022/Community/Common7/IDE/VC/Linux/bin/ConnectionManagerExe/"
      - "C:/src/vcpkg/installed/x64-windows-static/Program Files/Microsoft Visual Studio/2022/Community/VC/vcpkg/"
      - "C:/src/vcpkg/installed/x64-windows-static/src/vcpkg/downloads/tools/ninja-1.13.2-windows/"
      - "C:/src/vcpkg/installed/x64-windows-static/Program Files/bin/"
      - "C:/src/vcpkg/installed/x64-windows-static/Program Files/sbin/"
      - "C:/src/vcpkg/installed/x64-windows-static/Program Files/"
      - "C:/src/vcpkg/installed/x64-windows-static/Program Files (x86)/bin/"
      - "C:/src/vcpkg/installed/x64-windows-static/Program Files (x86)/sbin/"
      - "C:/src/vcpkg/installed/x64-windows-static/Program Files (x86)/"
      - "C:/src/vcpkg/installed/x64-windows-static/Program Files/CMake/bin/"
      - "C:/src/vcpkg/installed/x64-windows-static/Program Files/CMake/sbin/"
      - "C:/src/vcpkg/installed/x64-windows-static/Program Files/CMake/"
      - "C:/src/vcpkg/installed/x64-windows-static/src/vcpkg/packages/sdl2_x64-windows-static/bin/"
      - "C:/src/vcpkg/installed/x64-windows-static/src/vcpkg/packages/sdl2_x64-windows-static/sbin/"
      - "C:/src/vcpkg/installed/x64-windows-static/src/vcpkg/packages/sdl2_x64-windows-static/"
      - "C:/src/vcpkg/installed/x64-windows-static/debug/src/vcpkg/installed/x64-windows-static/bin/"
      - "C:/src/vcpkg/installed/x64-windows-static/debug/src/vcpkg/installed/x64-windows-static/sbin/"
      - "C:/src/vcpkg/installed/x64-windows-static/debug/src/vcpkg/installed/x64-windows-static/"
      - "C:/src/vcpkg/installed/x64-windows-static/debug/bin/"
      - "C:/src/vcpkg/installed/x64-windows-static/debug/sbin/"
      - "C:/src/vcpkg/installed/x64-windows-static/debug/"
      - "C:/src/vcpkg/installed/x64-windows-static/debug/src/vcpkg/installed/x64-windows-static/tools/"
      - "C:/src/vcpkg/installed/x64-windows-static/debug/Program Files/Microsoft Visual Studio/2022/Community/VC/Tools/MSVC/14.44.35207/bin/Hostx64/x64/"
      - "C:/src/vcpkg/installed/x64-windows-static/debug/Program Files/Microsoft Visual Studio/2022/Community/Common7/IDE/VC/vcpackages/"
      - "C:/src/vcpkg/installed/x64-windows-static/debug/Program Files/Microsoft Visual Studio/2022/Community/Common7/IDE/CommonExtensions/Microsoft/TestWindow/"
      - "C:/src/vcpkg/installed/x64-windows-static/debug/Program Files/Microsoft Visual Studio/2022/Community/Common7/IDE/CommonExtensions/Microsoft/TeamFoundation/Team Explorer/"
      - "C:/src/vcpkg/installed/x64-windows-static/debug/Program Files/Microsoft Visual Studio/2022/Community/MSBuild/Current/Bin/Roslyn/"
      - "C:/src/vcpkg/installed/x64-windows-static/debug/Program Files (x86)/Microsoft SDKs/Windows/v10.0A/bin/NETFX 4.8 Tools/x64/"
      - "C:/src/vcpkg/installed/x64-windows-static/debug/Program Files/Microsoft Visual Studio/2022/Community/Common7/IDE/CommonExtensions/Microsoft/FSharp/Tools/"
      - "C:/src/vcpkg/installed/x64-windows-static/debug/Program Files/Microsoft Visual Studio/2022/Community/Team Tools/DiagnosticsHub/Collector/"
      - "C:/src/vcpkg/installed/x64-windows-static/debug/Program Files (x86)/Windows Kits/10/bin/10.0.26100.0/x64/"
      - "C:/src/vcpkg/installed/x64-windows-static/debug/Program Files (x86)/Windows Kits/10/bin/x64/"
      - "C:/src/vcpkg/installed/x64-windows-static/debug/Program Files/Microsoft Visual Studio/2022/Community/MSBuild/Current/Bin/amd64/"
      - "C:/src/vcpkg/installed/x64-windows-static/debug/Windows/Microsoft.NET/Framework64/v4.0.30319/"
      - "C:/src/vcpkg/installed/x64-windows-static/debug/Program Files/Microsoft Visual Studio/2022/Community/Common7/IDE/"
      - "C:/src/vcpkg/installed/x64-windows-static/debug/Program Files/Microsoft Visual Studio/2022/Community/Common7/Tools/"
      - "C:/src/vcpkg/installed/x64-windows-static/debug/src/vcpkg/downloads/tools/powershell-core-7.6.4-windows/"
      - "C:/src/vcpkg/installed/x64-windows-static/debug/Windows/System32/"
      - "C:/src/vcpkg/installed/x64-windows-static/debug/Windows/"
      - "C:/src/vcpkg/installed/x64-windows-static/debug/Windows/System32/wbem/"
      - "C:/src/vcpkg/installed/x64-windows-static/debug/Windows/System32/WindowsPowerShell/v1.0/"
      - "C:/src/vcpkg/installed/x64-windows-static/debug/Windows/System32/OpenSSH/"
      - "C:/src/vcpkg/installed/x64-windows-static/debug/Program Files/Microsoft Visual Studio/2022/Community/Common7/IDE/CommonExtensions/Microsoft/CMake/CMake/bin/"
      - "C:/src/vcpkg/installed/x64-windows-static/debug/Program Files/Microsoft Visual Studio/2022/Community/Common7/IDE/CommonExtensions/Microsoft/CMake/Ninja/"
      - "C:/src/vcpkg/installed/x64-windows-static/debug/Program Files/Microsoft Visual Studio/2022/Community/Common7/IDE/VC/Linux/bin/ConnectionManagerExe/"
      - "C:/src/vcpkg/installed/x64-windows-static/debug/Program Files/Microsoft Visual Studio/2022/Community/VC/vcpkg/"
      - "C:/src/vcpkg/installed/x64-windows-static/debug/src/vcpkg/downloads/tools/ninja-1.13.2-windows/"
      - "C:/src/vcpkg/installed/x64-windows-static/debug/Program Files/bin/"
      - "C:/src/vcpkg/installed/x64-windows-static/debug/Program Files/sbin/"
      - "C:/src/vcpkg/installed/x64-windows-static/debug/Program Files/"
      - "C:/src/vcpkg/installed/x64-windows-static/debug/Program Files (x86)/bin/"
      - "C:/src/vcpkg/installed/x64-windows-static/debug/Program Files (x86)/sbin/"
      - "C:/src/vcpkg/installed/x64-windows-static/debug/Program Files (x86)/"
      - "C:/src/vcpkg/installed/x64-windows-static/debug/Program Files/CMake/bin/"
      - "C:/src/vcpkg/installed/x64-windows-static/debug/Program Files/CMake/sbin/"
      - "C:/src/vcpkg/installed/x64-windows-static/debug/Program Files/CMake/"
      - "C:/src/vcpkg/installed/x64-windows-static/debug/src/vcpkg/packages/sdl2_x64-windows-static/bin/"
      - "C:/src/vcpkg/installed/x64-windows-static/debug/src/vcpkg/packages/sdl2_x64-windows-static/sbin/"
      - "C:/src/vcpkg/installed/x64-windows-static/debug/src/vcpkg/packages/sdl2_x64-windows-static/"
      - "C:/src/vcpkg/installed/x64-windows-static/bin/"
      - "C:/src/vcpkg/installed/x64-windows-static/sbin/"
      - "C:/src/vcpkg/installed/x64-windows-static/"
      - "C:/src/vcpkg/installed/x64-windows-static/debug/bin/"
      - "C:/src/vcpkg/installed/x64-windows-static/debug/sbin/"
      - "C:/src/vcpkg/installed/x64-windows-static/debug/"
      - "C:/src/vcpkg/installed/x64-windows-static/tools/"
      - "C:/Program Files/Microsoft Visual Studio/2022/Community/VC/Tools/MSVC/14.44.35207/bin/Hostx64/x64/"
      - "C:/Program Files/Microsoft Visual Studio/2022/Community/Common7/IDE/VC/vcpackages/"
      - "C:/Program Files/Microsoft Visual Studio/2022/Community/Common7/IDE/CommonExtensions/Microsoft/TestWindow/"
      - "C:/Program Files/Microsoft Visual Studio/2022/Community/Common7/IDE/CommonExtensions/Microsoft/TeamFoundation/Team Explorer/"
      - "C:/Program Files/Microsoft Visual Studio/2022/Community/MSBuild/Current/Bin/Roslyn/"
      - "C:/Program Files (x86)/Microsoft SDKs/Windows/v10.0A/bin/NETFX 4.8 Tools/x64/"
      - "C:/Program Files/Microsoft Visual Studio/2022/Community/Common7/IDE/CommonExtensions/Microsoft/FSharp/Tools/"
      - "C:/Program Files/Microsoft Visual Studio/2022/Community/Team Tools/DiagnosticsHub/Collector/"
      - "C:/Program Files (x86)/Windows Kits/10/bin/10.0.26100.0/x64/"
      - "C:/Program Files (x86)/Windows Kits/10/bin/x64/"
      - "C:/Program Files/Microsoft Visual Studio/2022/Community/MSBuild/Current/Bin/amd64/"
      - "C:/Windows/Microsoft.NET/Framework64/v4.0.30319/"
      - "C:/Program Files/Microsoft Visual Studio/2022/Community/Common7/IDE/"
      - "C:/Program Files/Microsoft Visual Studio/2022/Community/Common7/Tools/"
      - "C:/src/vcpkg/downloads/tools/powershell-core-7.6.4-windows/"
      - "C:/Windows/System32/"
      - "C:/Windows/"
      - "C:/Windows/System32/wbem/"
      - "C:/Windows/System32/WindowsPowerShell/v1.0/"
      - "C:/Windows/System32/OpenSSH/"
      - "C:/Program Files/Microsoft Visual Studio/2022/Community/Common7/IDE/CommonExtensions/Microsoft/CMake/CMake/bin/"
      - "C:/Program Files/Microsoft Visual Studio/2022/Community/Common7/IDE/CommonExtensions/Microsoft/CMake/Ninja/"
      - "C:/Program Files/Microsoft Visual Studio/2022/Community/Common7/IDE/VC/Linux/bin/ConnectionManagerExe/"
      - "C:/Program Files/Microsoft Visual Studio/2022/Community/VC/vcpkg/"
      - "C:/src/vcpkg/downloads/tools/ninja-1.13.2-windows/"
      - "C:/Program Files/bin/"
      - "C:/Program Files/sbin/"
      - "C:/Program Files/"
      - "C:/Program Files (x86)/bin/"
      - "C:/Program Files (x86)/sbin/"
      - "C:/Program Files (x86)/"
      - "C:/Program Files/CMake/bin/"
      - "C:/Program Files/CMake/sbin/"
      - "C:/Program Files/CMake/"
      - "C:/src/vcpkg/packages/sdl2_x64-windows-static/bin/"
      - "C:/src/vcpkg/packages/sdl2_x64-windows-static/sbin/"
      - "C:/src/vcpkg/packages/sdl2_x64-windows-static/"
    searched_directories:
      - "C:/src/vcpkg/installed/x64-windows-static/bin/pkg-config.bat.com"
      - "C:/src/vcpkg/installed/x64-windows-static/bin/pkg-config.bat.exe"
      - "C:/src/vcpkg/installed/x64-windows-static/bin/pkg-config.bat"
      - "C:/src/vcpkg/installed/x64-windows-static/bin/pkg-config.com"
      - "C:/src/vcpkg/installed/x64-windows-static/bin/pkg-config.exe"
      - "C:/src/vcpkg/installed/x64-windows-static/bin/pkg-config"
      - "C:/src/vcpkg/installed/x64-windows-static/bin/pkgconf.com"
      - "C:/src/vcpkg/installed/x64-windows-static/bin/pkgconf.exe"
      - "C:/src/vcpkg/installed/x64-windows-static/bin/pkgconf"
      - "C:/src/vcpkg/installed/x64-windows-static/sbin/pkg-config.bat.com"
      - "C:/src/vcpkg/installed/x64-windows-static/sbin/pkg-config.bat.exe"
      - "C:/src/vcpkg/installed/x64-windows-static/sbin/pkg-config.bat"
      - "C:/src/vcpkg/installed/x64-windows-static/sbin/pkg-config.com"
      - "C:/src/vcpkg/installed/x64-windows-static/sbin/pkg-config.exe"
      - "C:/src/vcpkg/installed/x64-windows-static/sbin/pkg-config"
      - "C:/src/vcpkg/installed/x64-windows-static/sbin/pkgconf.com"
      - "C:/src/vcpkg/installed/x64-windows-static/sbin/pkgconf.exe"
      - "C:/src/vcpkg/installed/x64-windows-static/sbin/pkgconf"
      - "C:/src/vcpkg/installed/x64-windows-static/pkg-config.bat.com"
      - "C:/src/vcpkg/installed/x64-windows-static/pkg-config.bat.exe"
      - "C:/src/vcpkg/installed/x64-windows-static/pkg-config.bat"
      - "C:/src/vcpkg/installed/x64-windows-static/pkg-config.com"
      - "C:/src/vcpkg/installed/x64-windows-static/pkg-config.exe"
      - "C:/src/vcpkg/installed/x64-windows-static/pkg-config"
      - "C:/src/vcpkg/installed/x64-windows-static/pkgconf.com"
      - "C:/src/vcpkg/installed/x64-windows-static/pkgconf.exe"
      - "C:/src/vcpkg/installed/x64-windows-static/pkgconf"
      - "C:/src/vcpkg/installed/x64-windows-static/debug/bin/pkg-config.bat.com"
      - "C:/src/vcpkg/installed/x64-windows-static/debug/bin/pkg-config.bat.exe"
      - "C:/src/vcpkg/installed/x64-windows-static/debug/bin/pkg-config.bat"
      - "C:/src/vcpkg/installed/x64-windows-static/debug/bin/pkg-config.com"
      - "C:/src/vcpkg/installed/x64-windows-static/debug/bin/pkg-config.exe"
      - "C:/src/vcpkg/installed/x64-windows-static/debug/bin/pkg-config"
      - "C:/src/vcpkg/installed/x64-windows-static/debug/bin/pkgconf.com"
      - "C:/src/vcpkg/installed/x64-windows-static/debug/bin/pkgconf.exe"
      - "C:/src/vcpkg/installed/x64-windows-static/debug/bin/pkgconf"
      - "C:/src/vcpkg/installed/x64-windows-static/debug/sbin/pkg-config.bat.com"
      - "C:/src/vcpkg/installed/x64-windows-static/debug/sbin/pkg-config.bat.exe"
      - "C:/src/vcpkg/installed/x64-windows-static/debug/sbin/pkg-config.bat"
      - "C:/src/vcpkg/installed/x64-windows-static/debug/sbin/pkg-config.com"
      - "C:/src/vcpkg/installed/x64-windows-static/debug/sbin/pkg-config.exe"
      - "C:/src/vcpkg/installed/x64-windows-static/debug/sbin/pkg-config"
      - "C:/src/vcpkg/installed/x64-windows-static/debug/sbin/pkgconf.com"
      - "C:/src/vcpkg/installed/x64-windows-static/debug/sbin/pkgconf.exe"
      - "C:/src/vcpkg/installed/x64-windows-static/debug/sbin/pkgconf"
      - "C:/src/vcpkg/installed/x64-windows-static/debug/pkg-config.bat.com"
      - "C:/src/vcpkg/installed/x64-windows-static/debug/pkg-config.bat.exe"
      - "C:/src/vcpkg/installed/x64-windows-static/debug/pkg-config.bat"
      - "C:/src/vcpkg/installed/x64-windows-static/debug/pkg-config.com"
      - "C:/src/vcpkg/installed/x64-windows-static/debug/pkg-config.exe"
      - "C:/src/vcpkg/installed/x64-windows-static/debug/pkg-config"
      - "C:/src/vcpkg/installed/x64-windows-static/debug/pkgconf.com"
      - "C:/src/vcpkg/installed/x64-windows-static/debug/pkgconf.exe"
      - "C:/src/vcpkg/installed/x64-windows-static/debug/pkgconf"
      - "C:/src/vcpkg/installed/x64-windows-static/tools/pkg-config.bat.com"
      - "C:/src/vcpkg/installed/x64-windows-static/tools/pkg-config.bat.exe"
      - "C:/src/vcpkg/installed/x64-windows-static/tools/pkg-config.bat"
      - "C:/src/vcpkg/installed/x64-windows-static/tools/pkg-config.com"
      - "C:/src/vcpkg/installed/x64-windows-static/tools/pkg-config.exe"
      - "C:/src/vcpkg/installed/x64-windows-static/tools/pkg-config"
      - "C:/src/vcpkg/installed/x64-windows-static/tools/pkgconf.com"
      - "C:/src/vcpkg/installed/x64-windows-static/tools/pkgconf.exe"
      - "C:/src/vcpkg/installed/x64-windows-static/tools/pkgconf"
      - "C:/src/vcpkg/installed/x64-windows-static/Program Files/Microsoft Visual Studio/2022/Community/VC/Tools/MSVC/14.44.35207/bin/Hostx64/x64/pkg-config.bat.com"
      - "C:/src/vcpkg/installed/x64-windows-static/Program Files/Microsoft Visual Studio/2022/Community/VC/Tools/MSVC/14.44.35207/bin/Hostx64/x64/pkg-config.bat.exe"
      - "C:/src/vcpkg/installed/x64-windows-static/Program Files/Microsoft Visual Studio/2022/Community/VC/Tools/MSVC/14.44.35207/bin/Hostx64/x64/pkg-config.bat"
      - "C:/src/vcpkg/installed/x64-windows-static/Program Files/Microsoft Visual Studio/2022/Community/VC/Tools/MSVC/14.44.35207/bin/Hostx64/x64/pkg-config.com"
      - "C:/src/vcpkg/installed/x64-windows-static/Program Files/Microsoft Visual Studio/2022/Community/VC/Tools/MSVC/14.44.35207/bin/Hostx64/x64/pkg-config.exe"
      - "C:/src/vcpkg/installed/x64-windows-static/Program Files/Microsoft Visual Studio/2022/Community/VC/Tools/MSVC/14.44.35207/bin/Hostx64/x64/pkg-config"
      - "C:/src/vcpkg/installed/x64-windows-static/Program Files/Microsoft Visual Studio/2022/Community/VC/Tools/MSVC/14.44.35207/bin/Hostx64/x64/pkgconf.com"
      - "C:/src/vcpkg/installed/x64-windows-static/Program Files/Microsoft Visual Studio/2022/Community/VC/Tools/MSVC/14.44.35207/bin/Hostx64/x64/pkgconf.exe"
      - "C:/src/vcpkg/installed/x64-windows-static/Program Files/Microsoft Visual Studio/2022/Community/VC/Tools/MSVC/14.44.35207/bin/Hostx64/x64/pkgconf"
      - "C:/src/vcpkg/installed/x64-windows-static/Program Files/Microsoft Visual Studio/2022/Community/Common7/IDE/VC/vcpackages/pkg-config.bat.com"
      - "C:/src/vcpkg/installed/x64-windows-static/Program Files/Microsoft Visual Studio/2022/Community/Common7/IDE/VC/vcpackages/pkg-config.bat.exe"
      - "C:/src/vcpkg/installed/x64-windows-static/Program Files/Microsoft Visual Studio/2022/Community/Common7/IDE/VC/vcpackages/pkg-config.bat"
      - "C:/src/vcpkg/installed/x64-windows-static/Program Files/Microsoft Visual Studio/2022/Community/Common7/IDE/VC/vcpackages/pkg-config.com"
      - "C:/src/vcpkg/installed/x64-windows-static/Program Files/Microsoft Visual Studio/2022/Community/Common7/IDE/VC/vcpackages/pkg-config.exe"
      - "C:/src/vcpkg/installed/x64-windows-static/Program Files/Microsoft Visual Studio/2022/Community/Common7/IDE/VC/vcpackages/pkg-config"
      - "C:/src/vcpkg/installed/x64-windows-static/Program Files/Microsoft Visual Studio/2022/Community/Common7/IDE/VC/vcpackages/pkgconf.com"
      - "C:/src/vcpkg/installed/x64-windows-static/Program Files/Microsoft Visual Studio/2022/Community/Common7/IDE/VC/vcpackages/pkgconf.exe"
      - "C:/src/vcpkg/installed/x64-windows-static/Program Files/Microsoft Visual Studio/2022/Community/Common7/IDE/VC/vcpackages/pkgconf"
      - "C:/src/vcpkg/installed/x64-windows-static/Program Files/Microsoft Visual Studio/2022/Community/Common7/IDE/CommonExtensions/Microsoft/TestWindow/pkg-config.bat.com"
      - "C:/src/vcpkg/installed/x64-windows-static/Program Files/Microsoft Visual Studio/2022/Community/Common7/IDE/CommonExtensions/Microsoft/TestWindow/pkg-config.bat.exe"
      - "C:/src/vcpkg/installed/x64-windows-static/Program Files/Microsoft Visual Studio/2022/Community/Common7/IDE/CommonExtensions/Microsoft/TestWindow/pkg-config.bat"
      - "C:/src/vcpkg/installed/x64-windows-static/Program Files/Microsoft Visual Studio/2022/Community/Common7/IDE/CommonExtensions/Microsoft/TestWindow/pkg-config.com"
      - "C:/src/vcpkg/installed/x64-windows-static/Program Files/Microsoft Visual Studio/2022/Community/Common7/IDE/CommonExtensions/Microsoft/TestWindow/pkg-config.exe"
      - "C:/src/vcpkg/installed/x64-windows-static/Program Files/Microsoft Visual Studio/2022/Community/Common7/IDE/CommonExtensions/Microsoft/TestWindow/pkg-config"
      - "C:/src/vcpkg/installed/x64-windows-static/Program Files/Microsoft Visual Studio/2022/Community/Common7/IDE/CommonExtensions/Microsoft/TestWindow/pkgconf.com"
      - "C:/src/vcpkg/installed/x64-windows-static/Program Files/Microsoft Visual Studio/2022/Community/Common7/IDE/CommonExtensions/Microsoft/TestWindow/pkgconf.exe"
      - "C:/src/vcpkg/installed/x64-windows-static/Program Files/Microsoft Visual Studio/2022/Community/Common7/IDE/CommonExtensions/Microsoft/TestWindow/pkgconf"
      - "C:/src/vcpkg/installed/x64-windows-static/Program Files/Microsoft Visual Studio/2022/Community/Common7/IDE/CommonExtensions/Microsoft/TeamFoundation/Team Explorer/pkg-config.bat.com"
      - "C:/src/vcpkg/installed/x64-windows-static/Program Files/Microsoft Visual Studio/2022/Community/Common7/IDE/CommonExtensions/Microsoft/TeamFoundation/Team Explorer/pkg-config.bat.exe"
      - "C:/src/vcpkg/installed/x64-windows-static/Program Files/Microsoft Visual Studio/2022/Community/Common7/IDE/CommonExtensions/Microsoft/TeamFoundation/Team Explorer/pkg-config.bat"
      - "C:/src/vcpkg/installed/x64-windows-static/Program Files/Microsoft Visual Studio/2022/Community/Common7/IDE/CommonExtensions/Microsoft/TeamFoundation/Team Explorer/pkg-config.com"
      - "C:/src/vcpkg/installed/x64-windows-static/Program Files/Microsoft Visual Studio/2022/Community/Common7/IDE/CommonExtensions/Microsoft/TeamFoundation/Team Explorer/pkg-config.exe"
      - "C:/src/vcpkg/installed/x64-windows-static/Program Files/Microsoft Visual Studio/2022/Community/Common7/IDE/CommonExtensions/Microsoft/TeamFoundation/Team Explorer/pkg-config"
      - "C:/src/vcpkg/installed/x64-windows-static/Program Files/Microsoft Visual Studio/2022/Community/Common7/IDE/CommonExtensions/Microsoft/TeamFoundation/Team Explorer/pkgconf.com"
      - "C:/src/vcpkg/installed/x64-windows-static/Program Files/Microsoft Visual Studio/2022/Community/Common7/IDE/CommonExtensions/Microsoft/TeamFoundation/Team Explorer/pkgconf.exe"
      - "C:/src/vcpkg/installed/x64-windows-static/Program Files/Microsoft Visual Studio/2022/Community/Common7/IDE/CommonExtensions/Microsoft/TeamFoundation/Team Explorer/pkgconf"
      - "C:/src/vcpkg/installed/x64-windows-static/Program Files/Microsoft Visual Studio/2022/Community/MSBuild/Current/Bin/Roslyn/pkg-config.bat.com"
      - "C:/src/vcpkg/installed/x64-windows-static/Program Files/Microsoft Visual Studio/2022/Community/MSBuild/Current/Bin/Roslyn/pkg-config.bat.exe"
      - "C:/src/vcpkg/installed/x64-windows-static/Program Files/Microsoft Visual Studio/2022/Community/MSBuild/Current/Bin/Roslyn/pkg-config.bat"
      - "C:/src/vcpkg/installed/x64-windows-static/Program Files/Microsoft Visual Studio/2022/Community/MSBuild/Current/Bin/Roslyn/pkg-config.com"
      - "C:/src/vcpkg/installed/x64-windows-static/Program Files/Microsoft Visual Studio/2022/Community/MSBuild/Current/Bin/Roslyn/pkg-config.exe"
      - "C:/src/vcpkg/installed/x64-windows-static/Program Files/Microsoft Visual Studio/2022/Community/MSBuild/Current/Bin/Roslyn/pkg-config"
      - "C:/src/vcpkg/installed/x64-windows-static/Program Files/Microsoft Visual Studio/2022/Community/MSBuild/Current/Bin/Roslyn/pkgconf.com"
      - "C:/src/vcpkg/installed/x64-windows-static/Program Files/Microsoft Visual Studio/2022/Community/MSBuild/Current/Bin/Roslyn/pkgconf.exe"
      - "C:/src/vcpkg/installed/x64-windows-static/Program Files/Microsoft Visual Studio/2022/Community/MSBuild/Current/Bin/Roslyn/pkgconf"
      - "C:/src/vcpkg/installed/x64-windows-static/Program Files (x86)/Microsoft SDKs/Windows/v10.0A/bin/NETFX 4.8 Tools/x64/pkg-config.bat.com"
      - "C:/src/vcpkg/installed/x64-windows-static/Program Files (x86)/Microsoft SDKs/Windows/v10.0A/bin/NETFX 4.8 Tools/x64/pkg-config.bat.exe"
      - "C:/src/vcpkg/installed/x64-windows-static/Program Files (x86)/Microsoft SDKs/Windows/v10.0A/bin/NETFX 4.8 Tools/x64/pkg-config.bat"
      - "C:/src/vcpkg/installed/x64-windows-static/Program Files (x86)/Microsoft SDKs/Windows/v10.0A/bin/NETFX 4.8 Tools/x64/pkg-config.com"
      - "C:/src/vcpkg/installed/x64-windows-static/Program Files (x86)/Microsoft SDKs/Windows/v10.0A/bin/NETFX 4.8 Tools/x64/pkg-config.exe"
      - "C:/src/vcpkg/installed/x64-windows-static/Program Files (x86)/Microsoft SDKs/Windows/v10.0A/bin/NETFX 4.8 Tools/x64/pkg-config"
      - "C:/src/vcpkg/installed/x64-windows-static/Program Files (x86)/Microsoft SDKs/Windows/v10.0A/bin/NETFX 4.8 Tools/x64/pkgconf.com"
      - "C:/src/vcpkg/installed/x64-windows-static/Program Files (x86)/Microsoft SDKs/Windows/v10.0A/bin/NETFX 4.8 Tools/x64/pkgconf.exe"
      - "C:/src/vcpkg/installed/x64-windows-static/Program Files (x86)/Microsoft SDKs/Windows/v10.0A/bin/NETFX 4.8 Tools/x64/pkgconf"
      - "C:/src/vcpkg/installed/x64-windows-static/Program Files/Microsoft Visual Studio/2022/Community/Common7/IDE/CommonExtensions/Microsoft/FSharp/Tools/pkg-config.bat.com"
      - "C:/src/vcpkg/installed/x64-windows-static/Program Files/Microsoft Visual Studio/2022/Community/Common7/IDE/CommonExtensions/Microsoft/FSharp/Tools/pkg-config.bat.exe"
      - "C:/src/vcpkg/installed/x64-windows-static/Program Files/Microsoft Visual Studio/2022/Community/Common7/IDE/CommonExtensions/Microsoft/FSharp/Tools/pkg-config.bat"
      - "C:/src/vcpkg/installed/x64-windows-static/Program Files/Microsoft Visual Studio/2022/Community/Common7/IDE/CommonExtensions/Microsoft/FSharp/Tools/pkg-config.com"
      - "C:/src/vcpkg/installed/x64-windows-static/Program Files/Microsoft Visual Studio/2022/Community/Common7/IDE/CommonExtensions/Microsoft/FSharp/Tools/pkg-config.exe"
      - "C:/src/vcpkg/installed/x64-windows-static/Program Files/Microsoft Visual Studio/2022/Community/Common7/IDE/CommonExtensions/Microsoft/FSharp/Tools/pkg-config"
      - "C:/src/vcpkg/installed/x64-windows-static/Program Files/Microsoft Visual Studio/2022/Community/Common7/IDE/CommonExtensions/Microsoft/FSharp/Tools/pkgconf.com"
      - "C:/src/vcpkg/installed/x64-windows-static/Program Files/Microsoft Visual Studio/2022/Community/Common7/IDE/CommonExtensions/Microsoft/FSharp/Tools/pkgconf.exe"
      - "C:/src/vcpkg/installed/x64-windows-static/Program Files/Microsoft Visual Studio/2022/Community/Common7/IDE/CommonExtensions/Microsoft/FSharp/Tools/pkgconf"
      - "C:/src/vcpkg/installed/x64-windows-static/Program Files/Microsoft Visual Studio/2022/Community/Team Tools/DiagnosticsHub/Collector/pkg-config.bat.com"
      - "C:/src/vcpkg/installed/x64-windows-static/Program Files/Microsoft Visual Studio/2022/Community/Team Tools/DiagnosticsHub/Collector/pkg-config.bat.exe"
      - "C:/src/vcpkg/installed/x64-windows-static/Program Files/Microsoft Visual Studio/2022/Community/Team Tools/DiagnosticsHub/Collector/pkg-config.bat"
      - "C:/src/vcpkg/installed/x64-windows-static/Program Files/Microsoft Visual Studio/2022/Community/Team Tools/DiagnosticsHub/Collector/pkg-config.com"
      - "C:/src/vcpkg/installed/x64-windows-static/Program Files/Microsoft Visual Studio/2022/Community/Team Tools/DiagnosticsHub/Collector/pkg-config.exe"
      - "C:/src/vcpkg/installed/x64-windows-static/Program Files/Microsoft Visual Studio/2022/Community/Team Tools/DiagnosticsHub/Collector/pkg-config"
      - "C:/src/vcpkg/installed/x64-windows-static/Program Files/Microsoft Visual Studio/2022/Community/Team Tools/DiagnosticsHub/Collector/pkgconf.com"
      - "C:/src/vcpkg/installed/x64-windows-static/Program Files/Microsoft Visual Studio/2022/Community/Team Tools/DiagnosticsHub/Collector/pkgconf.exe"
      - "C:/src/vcpkg/installed/x64-windows-static/Program Files/Microsoft Visual Studio/2022/Community/Team Tools/DiagnosticsHub/Collector/pkgconf"
      - "C:/src/vcpkg/installed/x64-windows-static/Program Files (x86)/Windows Kits/10/bin/10.0.26100.0/x64/pkg-config.bat.com"
      - "C:/src/vcpkg/installed/x64-windows-static/Program Files (x86)/Windows Kits/10/bin/10.0.26100.0/x64/pkg-config.bat.exe"
      - "C:/src/vcpkg/installed/x64-windows-static/Program Files (x86)/Windows Kits/10/bin/10.0.26100.0/x64/pkg-config.bat"
      - "C:/src/vcpkg/installed/x64-windows-static/Program Files (x86)/Windows Kits/10/bin/10.0.26100.0/x64/pkg-config.com"
      - "C:/src/vcpkg/installed/x64-windows-static/Program Files (x86)/Windows Kits/10/bin/10.0.26100.0/x64/pkg-config.exe"
      - "C:/src/vcpkg/installed/x64-windows-static/Program Files (x86)/Windows Kits/10/bin/10.0.26100.0/x64/pkg-config"
      - "C:/src/vcpkg/installed/x64-windows-static/Program Files (x86)/Windows Kits/10/bin/10.0.26100.0/x64/pkgconf.com"
      - "C:/src/vcpkg/installed/x64-windows-static/Program Files (x86)/Windows Kits/10/bin/10.0.26100.0/x64/pkgconf.exe"
      - "C:/src/vcpkg/installed/x64-windows-static/Program Files (x86)/Windows Kits/10/bin/10.0.26100.0/x64/pkgconf"
      - "C:/src/vcpkg/installed/x64-windows-static/Program Files (x86)/Windows Kits/10/bin/x64/pkg-config.bat.com"
      - "C:/src/vcpkg/installed/x64-windows-static/Program Files (x86)/Windows Kits/10/bin/x64/pkg-config.bat.exe"
      - "C:/src/vcpkg/installed/x64-windows-static/Program Files (x86)/Windows Kits/10/bin/x64/pkg-config.bat"
      - "C:/src/vcpkg/installed/x64-windows-static/Program Files (x86)/Windows Kits/10/bin/x64/pkg-config.com"
      - "C:/src/vcpkg/installed/x64-windows-static/Program Files (x86)/Windows Kits/10/bin/x64/pkg-config.exe"
      - "C:/src/vcpkg/installed/x64-windows-static/Program Files (x86)/Windows Kits/10/bin/x64/pkg-config"
      - "C:/src/vcpkg/installed/x64-windows-static/Program Files (x86)/Windows Kits/10/bin/x64/pkgconf.com"
      - "C:/src/vcpkg/installed/x64-windows-static/Program Files (x86)/Windows Kits/10/bin/x64/pkgconf.exe"
      - "C:/src/vcpkg/installed/x64-windows-static/Program Files (x86)/Windows Kits/10/bin/x64/pkgconf"
      - "C:/src/vcpkg/installed/x64-windows-static/Program Files/Microsoft Visual Studio/2022/Community/MSBuild/Current/Bin/amd64/pkg-config.bat.com"
      - "C:/src/vcpkg/installed/x64-windows-static/Program Files/Microsoft Visual Studio/2022/Community/MSBuild/Current/Bin/amd64/pkg-config.bat.exe"
      - "C:/src/vcpkg/installed/x64-windows-static/Program Files/Microsoft Visual Studio/2022/Community/MSBuild/Current/Bin/amd64/pkg-config.bat"
      - "C:/src/vcpkg/installed/x64-windows-static/Program Files/Microsoft Visual Studio/2022/Community/MSBuild/Current/Bin/amd64/pkg-config.com"
      - "C:/src/vcpkg/installed/x64-windows-static/Program Files/Microsoft Visual Studio/2022/Community/MSBuild/Current/Bin/amd64/pkg-config.exe"
      - "C:/src/vcpkg/installed/x64-windows-static/Program Files/Microsoft Visual Studio/2022/Community/MSBuild/Current/Bin/amd64/pkg-config"
      - "C:/src/vcpkg/installed/x64-windows-static/Program Files/Microsoft Visual Studio/2022/Community/MSBuild/Current/Bin/amd64/pkgconf.com"
      - "C:/src/vcpkg/installed/x64-windows-static/Program Files/Microsoft Visual Studio/2022/Community/MSBuild/Current/Bin/amd64/pkgconf.exe"
      - "C:/src/vcpkg/installed/x64-windows-static/Program Files/Microsoft Visual Studio/2022/Community/MSBuild/Current/Bin/amd64/pkgconf"
      - "C:/src/vcpkg/installed/x64-windows-static/Windows/Microsoft.NET/Framework64/v4.0.30319/pkg-config.bat.com"
      - "C:/src/vcpkg/installed/x64-windows-static/Windows/Microsoft.NET/Framework64/v4.0.30319/pkg-config.bat.exe"
      - "C:/src/vcpkg/installed/x64-windows-static/Windows/Microsoft.NET/Framework64/v4.0.30319/pkg-config.bat"
      - "C:/src/vcpkg/installed/x64-windows-static/Windows/Microsoft.NET/Framework64/v4.0.30319/pkg-config.com"
      - "C:/src/vcpkg/installed/x64-windows-static/Windows/Microsoft.NET/Framework64/v4.0.30319/pkg-config.exe"
      - "C:/src/vcpkg/installed/x64-windows-static/Windows/Microsoft.NET/Framework64/v4.0.30319/pkg-config"
      - "C:/src/vcpkg/installed/x64-windows-static/Windows/Microsoft.NET/Framework64/v4.0.30319/pkgconf.com"
      - "C:/src/vcpkg/installed/x64-windows-static/Windows/Microsoft.NET/Framework64/v4.0.30319/pkgconf.exe"
      - "C:/src/vcpkg/installed/x64-windows-static/Windows/Microsoft.NET/Framework64/v4.0.30319/pkgconf"
      - "C:/src/vcpkg/installed/x64-windows-static/Program Files/Microsoft Visual Studio/2022/Community/Common7/IDE/pkg-config.bat.com"
      - "C:/src/vcpkg/installed/x64-windows-static/Program Files/Microsoft Visual Studio/2022/Community/Common7/IDE/pkg-config.bat.exe"
      - "C:/src/vcpkg/installed/x64-windows-static/Program Files/Microsoft Visual Studio/2022/Community/Common7/IDE/pkg-config.bat"
      - "C:/src/vcpkg/installed/x64-windows-static/Program Files/Microsoft Visual Studio/2022/Community/Common7/IDE/pkg-config.com"
      - "C:/src/vcpkg/installed/x64-windows-static/Program Files/Microsoft Visual Studio/2022/Community/Common7/IDE/pkg-config.exe"
      - "C:/src/vcpkg/installed/x64-windows-static/Program Files/Microsoft Visual Studio/2022/Community/Common7/IDE/pkg-config"
      - "C:/src/vcpkg/installed/x64-windows-static/Program Files/Microsoft Visual Studio/2022/Community/Common7/IDE/pkgconf.com"
      - "C:/src/vcpkg/installed/x64-windows-static/Program Files/Microsoft Visual Studio/2022/Community/Common7/IDE/pkgconf.exe"
      - "C:/src/vcpkg/installed/x64-windows-static/Program Files/Microsoft Visual Studio/2022/Community/Common7/IDE/pkgconf"
      - "C:/src/vcpkg/installed/x64-windows-static/Program Files/Microsoft Visual Studio/2022/Community/Common7/Tools/pkg-config.bat.com"
      - "C:/src/vcpkg/installed/x64-windows-static/Program Files/Microsoft Visual Studio/2022/Community/Common7/Tools/pkg-config.bat.exe"
      - "C:/src/vcpkg/installed/x64-windows-static/Program Files/Microsoft Visual Studio/2022/Community/Common7/Tools/pkg-config.bat"
      - "C:/src/vcpkg/installed/x64-windows-static/Program Files/Microsoft Visual Studio/2022/Community/Common7/Tools/pkg-config.com"
      - "C:/src/vcpkg/installed/x64-windows-static/Program Files/Microsoft Visual Studio/2022/Community/Common7/Tools/pkg-config.exe"
      - "C:/src/vcpkg/installed/x64-windows-static/Program Files/Microsoft Visual Studio/2022/Community/Common7/Tools/pkg-config"
      - "C:/src/vcpkg/installed/x64-windows-static/Program Files/Microsoft Visual Studio/2022/Community/Common7/Tools/pkgconf.com"
      - "C:/src/vcpkg/installed/x64-windows-static/Program Files/Microsoft Visual Studio/2022/Community/Common7/Tools/pkgconf.exe"
      - "C:/src/vcpkg/installed/x64-windows-static/Program Files/Microsoft Visual Studio/2022/Community/Common7/Tools/pkgconf"
      - "C:/src/vcpkg/installed/x64-windows-static/src/vcpkg/downloads/tools/powershell-core-7.6.4-windows/pkg-config.bat.com"
      - "C:/src/vcpkg/installed/x64-windows-static/src/vcpkg/downloads/tools/powershell-core-7.6.4-windows/pkg-config.bat.exe"
      - "C:/src/vcpkg/installed/x64-windows-static/src/vcpkg/downloads/tools/powershell-core-7.6.4-windows/pkg-config.bat"
      - "C:/src/vcpkg/installed/x64-windows-static/src/vcpkg/downloads/tools/powershell-core-7.6.4-windows/pkg-config.com"
      - "C:/src/vcpkg/installed/x64-windows-static/src/vcpkg/downloads/tools/powershell-core-7.6.4-windows/pkg-config.exe"
      - "C:/src/vcpkg/installed/x64-windows-static/src/vcpkg/downloads/tools/powershell-core-7.6.4-windows/pkg-config"
      - "C:/src/vcpkg/installed/x64-windows-static/src/vcpkg/downloads/tools/powershell-core-7.6.4-windows/pkgconf.com"
      - "C:/src/vcpkg/installed/x64-windows-static/src/vcpkg/downloads/tools/powershell-core-7.6.4-windows/pkgconf.exe"
      - "C:/src/vcpkg/installed/x64-windows-static/src/vcpkg/downloads/tools/powershell-core-7.6.4-windows/pkgconf"
      - "C:/src/vcpkg/installed/x64-windows-static/Windows/System32/pkg-config.bat.com"
      - "C:/src/vcpkg/installed/x64-windows-static/Windows/System32/pkg-config.bat.exe"
      - "C:/src/vcpkg/installed/x64-windows-static/Windows/System32/pkg-config.bat"
      - "C:/src/vcpkg/installed/x64-windows-static/Windows/System32/pkg-config.com"
      - "C:/src/vcpkg/installed/x64-windows-static/Windows/System32/pkg-config.exe"
      - "C:/src/vcpkg/installed/x64-windows-static/Windows/System32/pkg-config"
      - "C:/src/vcpkg/installed/x64-windows-static/Windows/System32/pkgconf.com"
      - "C:/src/vcpkg/installed/x64-windows-static/Windows/System32/pkgconf.exe"
      - "C:/src/vcpkg/installed/x64-windows-static/Windows/System32/pkgconf"
      - "C:/src/vcpkg/installed/x64-windows-static/Windows/pkg-config.bat.com"
      - "C:/src/vcpkg/installed/x64-windows-static/Windows/pkg-config.bat.exe"
      - "C:/src/vcpkg/installed/x64-windows-static/Windows/pkg-config.bat"
      - "C:/src/vcpkg/installed/x64-windows-static/Windows/pkg-config.com"
      - "C:/src/vcpkg/installed/x64-windows-static/Windows/pkg-config.exe"
      - "C:/src/vcpkg/installed/x64-windows-static/Windows/pkg-config"
      - "C:/src/vcpkg/installed/x64-windows-static/Windows/pkgconf.com"
      - "C:/src/vcpkg/installed/x64-windows-static/Windows/pkgconf.exe"
      - "C:/src/vcpkg/installed/x64-windows-static/Windows/pkgconf"
      - "C:/src/vcpkg/installed/x64-windows-static/Windows/System32/wbem/pkg-config.bat.com"
      - "C:/src/vcpkg/installed/x64-windows-static/Windows/System32/wbem/pkg-config.bat.exe"
      - "C:/src/vcpkg/installed/x64-windows-static/Windows/System32/wbem/pkg-config.bat"
      - "C:/src/vcpkg/installed/x64-windows-static/Windows/System32/wbem/pkg-config.com"
      - "C:/src/vcpkg/installed/x64-windows-static/Windows/System32/wbem/pkg-config.exe"
      - "C:/src/vcpkg/installed/x64-windows-static/Windows/System32/wbem/pkg-config"
      - "C:/src/vcpkg/installed/x64-windows-static/Windows/System32/wbem/pkgconf.com"
      - "C:/src/vcpkg/installed/x64-windows-static/Windows/System32/wbem/pkgconf.exe"
      - "C:/src/vcpkg/installed/x64-windows-static/Windows/System32/wbem/pkgconf"
      - "C:/src/vcpkg/installed/x64-windows-static/Windows/System32/WindowsPowerShell/v1.0/pkg-config.bat.com"
      - "C:/src/vcpkg/installed/x64-windows-static/Windows/System32/WindowsPowerShell/v1.0/pkg-config.bat.exe"
      - "C:/src/vcpkg/installed/x64-windows-static/Windows/System32/WindowsPowerShell/v1.0/pkg-config.bat"
      - "C:/src/vcpkg/installed/x64-windows-static/Windows/System32/WindowsPowerShell/v1.0/pkg-config.com"
      - "C:/src/vcpkg/installed/x64-windows-static/Windows/System32/WindowsPowerShell/v1.0/pkg-config.exe"
      - "C:/src/vcpkg/installed/x64-windows-static/Windows/System32/WindowsPowerShell/v1.0/pkg-config"
      - "C:/src/vcpkg/installed/x64-windows-static/Windows/System32/WindowsPowerShell/v1.0/pkgconf.com"
      - "C:/src/vcpkg/installed/x64-windows-static/Windows/System32/WindowsPowerShell/v1.0/pkgconf.exe"
      - "C:/src/vcpkg/installed/x64-windows-static/Windows/System32/WindowsPowerShell/v1.0/pkgconf"
      - "C:/src/vcpkg/installed/x64-windows-static/Windows/System32/OpenSSH/pkg-config.bat.com"
      - "C:/src/vcpkg/installed/x64-windows-static/Windows/System32/OpenSSH/pkg-config.bat.exe"
      - "C:/src/vcpkg/installed/x64-windows-static/Windows/System32/OpenSSH/pkg-config.bat"
      - "C:/src/vcpkg/installed/x64-windows-static/Windows/System32/OpenSSH/pkg-config.com"
      - "C:/src/vcpkg/installed/x64-windows-static/Windows/System32/OpenSSH/pkg-config.exe"
      - "C:/src/vcpkg/installed/x64-windows-static/Windows/System32/OpenSSH/pkg-config"
      - "C:/src/vcpkg/installed/x64-windows-static/Windows/System32/OpenSSH/pkgconf.com"
      - "C:/src/vcpkg/installed/x64-windows-static/Windows/System32/OpenSSH/pkgconf.exe"
      - "C:/src/vcpkg/installed/x64-windows-static/Windows/System32/OpenSSH/pkgconf"
      - "C:/src/vcpkg/installed/x64-windows-static/Program Files/Microsoft Visual Studio/2022/Community/Common7/IDE/CommonExtensions/Microsoft/CMake/CMake/bin/pkg-config.bat.com"
      - "C:/src/vcpkg/installed/x64-windows-static/Program Files/Microsoft Visual Studio/2022/Community/Common7/IDE/CommonExtensions/Microsoft/CMake/CMake/bin/pkg-config.bat.exe"
      - "C:/src/vcpkg/installed/x64-windows-static/Program Files/Microsoft Visual Studio/2022/Community/Common7/IDE/CommonExtensions/Microsoft/CMake/CMake/bin/pkg-config.bat"
      - "C:/src/vcpkg/installed/x64-windows-static/Program Files/Microsoft Visual Studio/2022/Community/Common7/IDE/CommonExtensions/Microsoft/CMake/CMake/bin/pkg-config.com"
      - "C:/src/vcpkg/installed/x64-windows-static/Program Files/Microsoft Visual Studio/2022/Community/Common7/IDE/CommonExtensions/Microsoft/CMake/CMake/bin/pkg-config.exe"
      - "C:/src/vcpkg/installed/x64-windows-static/Program Files/Microsoft Visual Studio/2022/Community/Common7/IDE/CommonExtensions/Microsoft/CMake/CMake/bin/pkg-config"
      - "C:/src/vcpkg/installed/x64-windows-static/Program Files/Microsoft Visual Studio/2022/Community/Common7/IDE/CommonExtensions/Microsoft/CMake/CMake/bin/pkgconf.com"
      - "C:/src/vcpkg/installed/x64-windows-static/Program Files/Microsoft Visual Studio/2022/Community/Common7/IDE/CommonExtensions/Microsoft/CMake/CMake/bin/pkgconf.exe"
      - "C:/src/vcpkg/installed/x64-windows-static/Program Files/Microsoft Visual Studio/2022/Community/Common7/IDE/CommonExtensions/Microsoft/CMake/CMake/bin/pkgconf"
      - "C:/src/vcpkg/installed/x64-windows-static/Program Files/Microsoft Visual Studio/2022/Community/Common7/IDE/CommonExtensions/Microsoft/CMake/Ninja/pkg-config.bat.com"
      - "C:/src/vcpkg/installed/x64-windows-static/Program Files/Microsoft Visual Studio/2022/Community/Common7/IDE/CommonExtensions/Microsoft/CMake/Ninja/pkg-config.bat.exe"
      - "C:/src/vcpkg/installed/x64-windows-static/Program Files/Microsoft Visual Studio/2022/Community/Common7/IDE/CommonExtensions/Microsoft/CMake/Ninja/pkg-config.bat"
      - "C:/src/vcpkg/installed/x64-windows-static/Program Files/Microsoft Visual Studio/2022/Community/Common7/IDE/CommonExtensions/Microsoft/CMake/Ninja/pkg-config.com"
      - "C:/src/vcpkg/installed/x64-windows-static/Program Files/Microsoft Visual Studio/2022/Community/Common7/IDE/CommonExtensions/Microsoft/CMake/Ninja/pkg-config.exe"
      - "C:/src/vcpkg/installed/x64-windows-static/Program Files/Microsoft Visual Studio/2022/Community/Common7/IDE/CommonExtensions/Microsoft/CMake/Ninja/pkg-config"
      - "C:/src/vcpkg/installed/x64-windows-static/Program Files/Microsoft Visual Studio/2022/Community/Common7/IDE/CommonExtensions/Microsoft/CMake/Ninja/pkgconf.com"
      - "C:/src/vcpkg/installed/x64-windows-static/Program Files/Microsoft Visual Studio/2022/Community/Common7/IDE/CommonExtensions/Microsoft/CMake/Ninja/pkgconf.exe"
      - "C:/src/vcpkg/installed/x64-windows-static/Program Files/Microsoft Visual Studio/2022/Community/Common7/IDE/CommonExtensions/Microsoft/CMake/Ninja/pkgconf"
      - "C:/src/vcpkg/installed/x64-windows-static/Program Files/Microsoft Visual Studio/2022/Community/Common7/IDE/VC/Linux/bin/ConnectionManagerExe/pkg-config.bat.com"
      - "C:/src/vcpkg/installed/x64-windows-static/Program Files/Microsoft Visual Studio/2022/Community/Common7/IDE/VC/Linux/bin/ConnectionManagerExe/pkg-config.bat.exe"
      - "C:/src/vcpkg/installed/x64-windows-static/Program Files/Microsoft Visual Studio/2022/Community/Common7/IDE/VC/Linux/bin/ConnectionManagerExe/pkg-config.bat"
      - "C:/src/vcpkg/installed/x64-windows-static/Program Files/Microsoft Visual Studio/2022/Community/Common7/IDE/VC/Linux/bin/ConnectionManagerExe/pkg-config.com"
      - "C:/src/vcpkg/installed/x64-windows-static/Program Files/Microsoft Visual Studio/2022/Community/Common7/IDE/VC/Linux/bin/ConnectionManagerExe/pkg-config.exe"
      - "C:/src/vcpkg/installed/x64-windows-static/Program Files/Microsoft Visual Studio/2022/Community/Common7/IDE/VC/Linux/bin/ConnectionManagerExe/pkg-config"
      - "C:/src/vcpkg/installed/x64-windows-static/Program Files/Microsoft Visual Studio/2022/Community/Common7/IDE/VC/Linux/bin/ConnectionManagerExe/pkgconf.com"
      - "C:/src/vcpkg/installed/x64-windows-static/Program Files/Microsoft Visual Studio/2022/Community/Common7/IDE/VC/Linux/bin/ConnectionManagerExe/pkgconf.exe"
      - "C:/src/vcpkg/installed/x64-windows-static/Program Files/Microsoft Visual Studio/2022/Community/Common7/IDE/VC/Linux/bin/ConnectionManagerExe/pkgconf"
      - "C:/src/vcpkg/installed/x64-windows-static/Program Files/Microsoft Visual Studio/2022/Community/VC/vcpkg/pkg-config.bat.com"
      - "C:/src/vcpkg/installed/x64-windows-static/Program Files/Microsoft Visual Studio/2022/Community/VC/vcpkg/pkg-config.bat.exe"
      - "C:/src/vcpkg/installed/x64-windows-static/Program Files/Microsoft Visual Studio/2022/Community/VC/vcpkg/pkg-config.bat"
      - "C:/src/vcpkg/installed/x64-windows-static/Program Files/Microsoft Visual Studio/2022/Community/VC/vcpkg/pkg-config.com"
      - "C:/src/vcpkg/installed/x64-windows-static/Program Files/Microsoft Visual Studio/2022/Community/VC/vcpkg/pkg-config.exe"
      - "C:/src/vcpkg/installed/x64-windows-static/Program Files/Microsoft Visual Studio/2022/Community/VC/vcpkg/pkg-config"
      - "C:/src/vcpkg/installed/x64-windows-static/Program Files/Microsoft Visual Studio/2022/Community/VC/vcpkg/pkgconf.com"
      - "C:/src/vcpkg/installed/x64-windows-static/Program Files/Microsoft Visual Studio/2022/Community/VC/vcpkg/pkgconf.exe"
      - "C:/src/vcpkg/installed/x64-windows-static/Program Files/Microsoft Visual Studio/2022/Community/VC/vcpkg/pkgconf"
      - "C:/src/vcpkg/installed/x64-windows-static/src/vcpkg/downloads/tools/ninja-1.13.2-windows/pkg-config.bat.com"
      - "C:/src/vcpkg/installed/x64-windows-static/src/vcpkg/downloads/tools/ninja-1.13.2-windows/pkg-config.bat.exe"
      - "C:/src/vcpkg/installed/x64-windows-static/src/vcpkg/downloads/tools/ninja-1.13.2-windows/pkg-config.bat"
      - "C:/src/vcpkg/installed/x64-windows-static/src/vcpkg/downloads/tools/ninja-1.13.2-windows/pkg-config.com"
      - "C:/src/vcpkg/installed/x64-windows-static/src/vcpkg/downloads/tools/ninja-1.13.2-windows/pkg-config.exe"
      - "C:/src/vcpkg/installed/x64-windows-static/src/vcpkg/downloads/tools/ninja-1.13.2-windows/pkg-config"
      - "C:/src/vcpkg/installed/x64-windows-static/src/vcpkg/downloads/tools/ninja-1.13.2-windows/pkgconf.com"
      - "C:/src/vcpkg/installed/x64-windows-static/src/vcpkg/downloads/tools/ninja-1.13.2-windows/pkgconf.exe"
      - "C:/src/vcpkg/installed/x64-windows-static/src/vcpkg/downloads/tools/ninja-1.13.2-windows/pkgconf"
      - "C:/src/vcpkg/installed/x64-windows-static/Program Files/bin/pkg-config.bat.com"
      - "C:/src/vcpkg/installed/x64-windows-static/Program Files/bin/pkg-config.bat.exe"
      - "C:/src/vcpkg/installed/x64-windows-static/Program Files/bin/pkg-config.bat"
      - "C:/src/vcpkg/installed/x64-windows-static/Program Files/bin/pkg-config.com"
      - "C:/src/vcpkg/installed/x64-windows-static/Program Files/bin/pkg-config.exe"
      - "C:/src/vcpkg/installed/x64-windows-static/Program Files/bin/pkg-config"
      - "C:/src/vcpkg/installed/x64-windows-static/Program Files/bin/pkgconf.com"
      - "C:/src/vcpkg/installed/x64-windows-static/Program Files/bin/pkgconf.exe"
      - "C:/src/vcpkg/installed/x64-windows-static/Program Files/bin/pkgconf"
      - "C:/src/vcpkg/installed/x64-windows-static/Program Files/sbin/pkg-config.bat.com"
      - "C:/src/vcpkg/installed/x64-windows-static/Program Files/sbin/pkg-config.bat.exe"
      - "C:/src/vcpkg/installed/x64-windows-static/Program Files/sbin/pkg-config.bat"
      - "C:/src/vcpkg/installed/x64-windows-static/Program Files/sbin/pkg-config.com"
      - "C:/src/vcpkg/installed/x64-windows-static/Program Files/sbin/pkg-config.exe"
      - "C:/src/vcpkg/installed/x64-windows-static/Program Files/sbin/pkg-config"
      - "C:/src/vcpkg/installed/x64-windows-static/Program Files/sbin/pkgconf.com"
      - "C:/src/vcpkg/installed/x64-windows-static/Program Files/sbin/pkgconf.exe"
      - "C:/src/vcpkg/installed/x64-windows-static/Program Files/sbin/pkgconf"
      - "C:/src/vcpkg/installed/x64-windows-static/Program Files/pkg-config.bat.com"
      - "C:/src/vcpkg/installed/x64-windows-static/Program Files/pkg-config.bat.exe"
      - "C:/src/vcpkg/installed/x64-windows-static/Program Files/pkg-config.bat"
      - "C:/src/vcpkg/installed/x64-windows-static/Program Files/pkg-config.com"
      - "C:/src/vcpkg/installed/x64-windows-static/Program Files/pkg-config.exe"
      - "C:/src/vcpkg/installed/x64-windows-static/Program Files/pkg-config"
      - "C:/src/vcpkg/installed/x64-windows-static/Program Files/pkgconf.com"
      - "C:/src/vcpkg/installed/x64-windows-static/Program Files/pkgconf.exe"
      - "C:/src/vcpkg/installed/x64-windows-static/Program Files/pkgconf"
      - "C:/src/vcpkg/installed/x64-windows-static/Program Files (x86)/bin/pkg-config.bat.com"
      - "C:/src/vcpkg/installed/x64-windows-static/Program Files (x86)/bin/pkg-config.bat.exe"
      - "C:/src/vcpkg/installed/x64-windows-static/Program Files (x86)/bin/pkg-config.bat"
      - "C:/src/vcpkg/installed/x64-windows-static/Program Files (x86)/bin/pkg-config.com"
      - "C:/src/vcpkg/installed/x64-windows-static/Program Files (x86)/bin/pkg-config.exe"
      - "C:/src/vcpkg/installed/x64-windows-static/Program Files (x86)/bin/pkg-config"
      - "C:/src/vcpkg/installed/x64-windows-static/Program Files (x86)/bin/pkgconf.com"
      - "C:/src/vcpkg/installed/x64-windows-static/Program Files (x86)/bin/pkgconf.exe"
      - "C:/src/vcpkg/installed/x64-windows-static/Program Files (x86)/bin/pkgconf"
      - "C:/src/vcpkg/installed/x64-windows-static/Program Files (x86)/sbin/pkg-config.bat.com"
      - "C:/src/vcpkg/installed/x64-windows-static/Program Files (x86)/sbin/pkg-config.bat.exe"
      - "C:/src/vcpkg/installed/x64-windows-static/Program Files (x86)/sbin/pkg-config.bat"
      - "C:/src/vcpkg/installed/x64-windows-static/Program Files (x86)/sbin/pkg-config.com"
      - "C:/src/vcpkg/installed/x64-windows-static/Program Files (x86)/sbin/pkg-config.exe"
      - "C:/src/vcpkg/installed/x64-windows-static/Program Files (x86)/sbin/pkg-config"
      - "C:/src/vcpkg/installed/x64-windows-static/Program Files (x86)/sbin/pkgconf.com"
      - "C:/src/vcpkg/installed/x64-windows-static/Program Files (x86)/sbin/pkgconf.exe"
      - "C:/src/vcpkg/installed/x64-windows-static/Program Files (x86)/sbin/pkgconf"
      - "C:/src/vcpkg/installed/x64-windows-static/Program Files (x86)/pkg-config.bat.com"
      - "C:/src/vcpkg/installed/x64-windows-static/Program Files (x86)/pkg-config.bat.exe"
      - "C:/src/vcpkg/installed/x64-windows-static/Program Files (x86)/pkg-config.bat"
      - "C:/src/vcpkg/installed/x64-windows-static/Program Files (x86)/pkg-config.com"
      - "C:/src/vcpkg/installed/x64-windows-static/Program Files (x86)/pkg-config.exe"
      - "C:/src/vcpkg/installed/x64-windows-static/Program Files (x86)/pkg-config"
      - "C:/src/vcpkg/installed/x64-windows-static/Program Files (x86)/pkgconf.com"
      - "C:/src/vcpkg/installed/x64-windows-static/Program Files (x86)/pkgconf.exe"
      - "C:/src/vcpkg/installed/x64-windows-static/Program Files (x86)/pkgconf"
      - "C:/src/vcpkg/installed/x64-windows-static/Program Files/CMake/bin/pkg-config.bat.com"
      - "C:/src/vcpkg/installed/x64-windows-static/Program Files/CMake/bin/pkg-config.bat.exe"
      - "C:/src/vcpkg/installed/x64-windows-static/Program Files/CMake/bin/pkg-config.bat"
      - "C:/src/vcpkg/installed/x64-windows-static/Program Files/CMake/bin/pkg-config.com"
      - "C:/src/vcpkg/installed/x64-windows-static/Program Files/CMake/bin/pkg-config.exe"
      - "C:/src/vcpkg/installed/x64-windows-static/Program Files/CMake/bin/pkg-config"
      - "C:/src/vcpkg/installed/x64-windows-static/Program Files/CMake/bin/pkgconf.com"
      - "C:/src/vcpkg/installed/x64-windows-static/Program Files/CMake/bin/pkgconf.exe"
      - "C:/src/vcpkg/installed/x64-windows-static/Program Files/CMake/bin/pkgconf"
      - "C:/src/vcpkg/installed/x64-windows-static/Program Files/CMake/sbin/pkg-config.bat.com"
      - "C:/src/vcpkg/installed/x64-windows-static/Program Files/CMake/sbin/pkg-config.bat.exe"
      - "C:/src/vcpkg/installed/x64-windows-static/Program Files/CMake/sbin/pkg-config.bat"
      - "C:/src/vcpkg/installed/x64-windows-static/Program Files/CMake/sbin/pkg-config.com"
      - "C:/src/vcpkg/installed/x64-windows-static/Program Files/CMake/sbin/pkg-config.exe"
      - "C:/src/vcpkg/installed/x64-windows-static/Program Files/CMake/sbin/pkg-config"
      - "C:/src/vcpkg/installed/x64-windows-static/Program Files/CMake/sbin/pkgconf.com"
      - "C:/src/vcpkg/installed/x64-windows-static/Program Files/CMake/sbin/pkgconf.exe"
      - "C:/src/vcpkg/installed/x64-windows-static/Program Files/CMake/sbin/pkgconf"
      - "C:/src/vcpkg/installed/x64-windows-static/Program Files/CMake/pkg-config.bat.com"
      - "C:/src/vcpkg/installed/x64-windows-static/Program Files/CMake/pkg-config.bat.exe"
      - "C:/src/vcpkg/installed/x64-windows-static/Program Files/CMake/pkg-config.bat"
      - "C:/src/vcpkg/installed/x64-windows-static/Program Files/CMake/pkg-config.com"
      - "C:/src/vcpkg/installed/x64-windows-static/Program Files/CMake/pkg-config.exe"
      - "C:/src/vcpkg/installed/x64-windows-static/Program Files/CMake/pkg-config"
      - "C:/src/vcpkg/installed/x64-windows-static/Program Files/CMake/pkgconf.com"
      - "C:/src/vcpkg/installed/x64-windows-static/Program Files/CMake/pkgconf.exe"
      - "C:/src/vcpkg/installed/x64-windows-static/Program Files/CMake/pkgconf"
      - "C:/src/vcpkg/installed/x64-windows-static/src/vcpkg/packages/sdl2_x64-windows-static/bin/pkg-config.bat.com"
      - "C:/src/vcpkg/installed/x64-windows-static/src/vcpkg/packages/sdl2_x64-windows-static/bin/pkg-config.bat.exe"
      - "C:/src/vcpkg/installed/x64-windows-static/src/vcpkg/packages/sdl2_x64-windows-static/bin/pkg-config.bat"
      - "C:/src/vcpkg/installed/x64-windows-static/src/vcpkg/packages/sdl2_x64-windows-static/bin/pkg-config.com"
      - "C:/src/vcpkg/installed/x64-windows-static/src/vcpkg/packages/sdl2_x64-windows-static/bin/pkg-config.exe"
      - "C:/src/vcpkg/installed/x64-windows-static/src/vcpkg/packages/sdl2_x64-windows-static/bin/pkg-config"
      - "C:/src/vcpkg/installed/x64-windows-static/src/vcpkg/packages/sdl2_x64-windows-static/bin/pkgconf.com"
      - "C:/src/vcpkg/installed/x64-windows-static/src/vcpkg/packages/sdl2_x64-windows-static/bin/pkgconf.exe"
      - "C:/src/vcpkg/installed/x64-windows-static/src/vcpkg/packages/sdl2_x64-windows-static/bin/pkgconf"
      - "C:/src/vcpkg/installed/x64-windows-static/src/vcpkg/packages/sdl2_x64-windows-static/sbin/pkg-config.bat.com"
      - "C:/src/vcpkg/installed/x64-windows-static/src/vcpkg/packages/sdl2_x64-windows-static/sbin/pkg-config.bat.exe"
      - "C:/src/vcpkg/installed/x64-windows-static/src/vcpkg/packages/sdl2_x64-windows-static/sbin/pkg-config.bat"
      - "C:/src/vcpkg/installed/x64-windows-static/src/vcpkg/packages/sdl2_x64-windows-static/sbin/pkg-config.com"
      - "C:/src/vcpkg/installed/x64-windows-static/src/vcpkg/packages/sdl2_x64-windows-static/sbin/pkg-config.exe"
      - "C:/src/vcpkg/installed/x64-windows-static/src/vcpkg/packages/sdl2_x64-windows-static/sbin/pkg-config"
      - "C:/src/vcpkg/installed/x64-windows-static/src/vcpkg/packages/sdl2_x64-windows-static/sbin/pkgconf.com"
      - "C:/src/vcpkg/installed/x64-windows-static/src/vcpkg/packages/sdl2_x64-windows-static/sbin/pkgconf.exe"
      - "C:/src/vcpkg/installed/x64-windows-static/src/vcpkg/packages/sdl2_x64-windows-static/sbin/pkgconf"
      - "C:/src/vcpkg/installed/x64-windows-static/src/vcpkg/packages/sdl2_x64-windows-static/pkg-config.bat.com"
      - "C:/src/vcpkg/installed/x64-windows-static/src/vcpkg/packages/sdl2_x64-windows-static/pkg-config.bat.exe"
      - "C:/src/vcpkg/installed/x64-windows-static/src/vcpkg/packages/sdl2_x64-windows-static/pkg-config.bat"
      - "C:/src/vcpkg/installed/x64-windows-static/src/vcpkg/packages/sdl2_x64-windows-static/pkg-config.com"
      - "C:/src/vcpkg/installed/x64-windows-static/src/vcpkg/packages/sdl2_x64-windows-static/pkg-config.exe"
      - "C:/src/vcpkg/installed/x64-windows-static/src/vcpkg/packages/sdl2_x64-windows-static/pkg-config"
      - "C:/src/vcpkg/installed/x64-windows-static/src/vcpkg/packages/sdl2_x64-windows-static/pkgconf.com"
      - "C:/src/vcpkg/installed/x64-windows-static/src/vcpkg/packages/sdl2_x64-windows-static/pkgconf.exe"
      - "C:/src/vcpkg/installed/x64-windows-static/src/vcpkg/packages/sdl2_x64-windows-static/pkgconf"
      - "C:/src/vcpkg/installed/x64-windows-static/debug/src/vcpkg/installed/x64-windows-static/bin/pkg-config.bat.com"
      - "C:/src/vcpkg/installed/x64-windows-static/debug/src/vcpkg/installed/x64-windows-static/bin/pkg-config.bat.exe"
      - "C:/src/vcpkg/installed/x64-windows-static/debug/src/vcpkg/installed/x64-windows-static/bin/pkg-config.bat"
      - "C:/src/vcpkg/installed/x64-windows-static/debug/src/vcpkg/installed/x64-windows-static/bin/pkg-config.com"
      - "C:/src/vcpkg/installed/x64-windows-static/debug/src/vcpkg/installed/x64-windows-static/bin/pkg-config.exe"
      - "C:/src/vcpkg/installed/x64-windows-static/debug/src/vcpkg/installed/x64-windows-static/bin/pkg-config"
      - "C:/src/vcpkg/installed/x64-windows-static/debug/src/vcpkg/installed/x64-windows-static/bin/pkgconf.com"
      - "C:/src/vcpkg/installed/x64-windows-static/debug/src/vcpkg/installed/x64-windows-static/bin/pkgconf.exe"
      - "C:/src/vcpkg/installed/x64-windows-static/debug/src/vcpkg/installed/x64-windows-static/bin/pkgconf"
      - "C:/src/vcpkg/installed/x64-windows-static/debug/src/vcpkg/installed/x64-windows-static/sbin/pkg-config.bat.com"
      - "C:/src/vcpkg/installed/x64-windows-static/debug/src/vcpkg/installed/x64-windows-static/sbin/pkg-config.bat.exe"
      - "C:/src/vcpkg/installed/x64-windows-static/debug/src/vcpkg/installed/x64-windows-static/sbin/pkg-config.bat"
      - "C:/src/vcpkg/installed/x64-windows-static/debug/src/vcpkg/installed/x64-windows-static/sbin/pkg-config.com"
      - "C:/src/vcpkg/installed/x64-windows-static/debug/src/vcpkg/installed/x64-windows-static/sbin/pkg-config.exe"
      - "C:/src/vcpkg/installed/x64-windows-static/debug/src/vcpkg/installed/x64-windows-static/sbin/pkg-config"
      - "C:/src/vcpkg/installed/x64-windows-static/debug/src/vcpkg/installed/x64-windows-static/sbin/pkgconf.com"
      - "C:/src/vcpkg/installed/x64-windows-static/debug/src/vcpkg/installed/x64-windows-static/sbin/pkgconf.exe"
      - "C:/src/vcpkg/installed/x64-windows-static/debug/src/vcpkg/installed/x64-windows-static/sbin/pkgconf"
      - "C:/src/vcpkg/installed/x64-windows-static/debug/src/vcpkg/installed/x64-windows-static/pkg-config.bat.com"
      - "C:/src/vcpkg/installed/x64-windows-static/debug/src/vcpkg/installed/x64-windows-static/pkg-config.bat.exe"
      - "C:/src/vcpkg/installed/x64-windows-static/debug/src/vcpkg/installed/x64-windows-static/pkg-config.bat"
      - "C:/src/vcpkg/installed/x64-windows-static/debug/src/vcpkg/installed/x64-windows-static/pkg-config.com"
      - "C:/src/vcpkg/installed/x64-windows-static/debug/src/vcpkg/installed/x64-windows-static/pkg-config.exe"
      - "C:/src/vcpkg/installed/x64-windows-static/debug/src/vcpkg/installed/x64-windows-static/pkg-config"
      - "C:/src/vcpkg/installed/x64-windows-static/debug/src/vcpkg/installed/x64-windows-static/pkgconf.com"
      - "C:/src/vcpkg/installed/x64-windows-static/debug/src/vcpkg/installed/x64-windows-static/pkgconf.exe"
      - "C:/src/vcpkg/installed/x64-windows-static/debug/src/vcpkg/installed/x64-windows-static/pkgconf"
      - "C:/src/vcpkg/installed/x64-windows-static/debug/bin/pkg-config.bat.com"
      - "C:/src/vcpkg/installed/x64-windows-static/debug/bin/pkg-config.bat.exe"
      - "C:/src/vcpkg/installed/x64-windows-static/debug/bin/pkg-config.bat"
      - "C:/src/vcpkg/installed/x64-windows-static/debug/bin/pkg-config.com"
      - "C:/src/vcpkg/installed/x64-windows-static/debug/bin/pkg-config.exe"
      - "C:/src/vcpkg/installed/x64-windows-static/debug/bin/pkg-config"
      - "C:/src/vcpkg/installed/x64-windows-static/debug/bin/pkgconf.com"
      - "C:/src/vcpkg/installed/x64-windows-static/debug/bin/pkgconf.exe"
      - "C:/src/vcpkg/installed/x64-windows-static/debug/bin/pkgconf"
      - "C:/src/vcpkg/installed/x64-windows-static/debug/sbin/pkg-config.bat.com"
      - "C:/src/vcpkg/installed/x64-windows-static/debug/sbin/pkg-config.bat.exe"
      - "C:/src/vcpkg/installed/x64-windows-static/debug/sbin/pkg-config.bat"
      - "C:/src/vcpkg/installed/x64-windows-static/debug/sbin/pkg-config.com"
      - "C:/src/vcpkg/installed/x64-windows-static/debug/sbin/pkg-config.exe"
      - "C:/src/vcpkg/installed/x64-windows-static/debug/sbin/pkg-config"
      - "C:/src/vcpkg/installed/x64-windows-static/debug/sbin/pkgconf.com"
      - "C:/src/vcpkg/installed/x64-windows-static/debug/sbin/pkgconf.exe"
      - "C:/src/vcpkg/installed/x64-windows-static/debug/sbin/pkgconf"
      - "C:/src/vcpkg/installed/x64-windows-static/debug/pkg-config.bat.com"
      - "C:/src/vcpkg/installed/x64-windows-static/debug/pkg-config.bat.exe"
      - "C:/src/vcpkg/installed/x64-windows-static/debug/pkg-config.bat"
      - "C:/src/vcpkg/installed/x64-windows-static/debug/pkg-config.com"
      - "C:/src/vcpkg/installed/x64-windows-static/debug/pkg-config.exe"
      - "C:/src/vcpkg/installed/x64-windows-static/debug/pkg-config"
      - "C:/src/vcpkg/installed/x64-windows-static/debug/pkgconf.com"
      - "C:/src/vcpkg/installed/x64-windows-static/debug/pkgconf.exe"
      - "C:/src/vcpkg/installed/x64-windows-static/debug/pkgconf"
      - "C:/src/vcpkg/installed/x64-windows-static/debug/src/vcpkg/installed/x64-windows-static/tools/pkg-config.bat.com"
      - "C:/src/vcpkg/installed/x64-windows-static/debug/src/vcpkg/installed/x64-windows-static/tools/pkg-config.bat.exe"
      - "C:/src/vcpkg/installed/x64-windows-static/debug/src/vcpkg/installed/x64-windows-static/tools/pkg-config.bat"
      - "C:/src/vcpkg/installed/x64-windows-static/debug/src/vcpkg/installed/x64-windows-static/tools/pkg-config.com"
      - "C:/src/vcpkg/installed/x64-windows-static/debug/src/vcpkg/installed/x64-windows-static/tools/pkg-config.exe"
      - "C:/src/vcpkg/installed/x64-windows-static/debug/src/vcpkg/installed/x64-windows-static/tools/pkg-config"
      - "C:/src/vcpkg/installed/x64-windows-static/debug/src/vcpkg/installed/x64-windows-static/tools/pkgconf.com"
      - "C:/src/vcpkg/installed/x64-windows-static/debug/src/vcpkg/installed/x64-windows-static/tools/pkgconf.exe"
      - "C:/src/vcpkg/installed/x64-windows-static/debug/src/vcpkg/installed/x64-windows-static/tools/pkgconf"
      - "C:/src/vcpkg/installed/x64-windows-static/debug/Program Files/Microsoft Visual Studio/2022/Community/VC/Tools/MSVC/14.44.35207/bin/Hostx64/x64/pkg-config.bat.com"
      - "C:/src/vcpkg/installed/x64-windows-static/debug/Program Files/Microsoft Visual Studio/2022/Community/VC/Tools/MSVC/14.44.35207/bin/Hostx64/x64/pkg-config.bat.exe"
      - "C:/src/vcpkg/installed/x64-windows-static/debug/Program Files/Microsoft Visual Studio/2022/Community/VC/Tools/MSVC/14.44.35207/bin/Hostx64/x64/pkg-config.bat"
      - "C:/src/vcpkg/installed/x64-windows-static/debug/Program Files/Microsoft Visual Studio/2022/Community/VC/Tools/MSVC/14.44.35207/bin/Hostx64/x64/pkg-config.com"
      - "C:/src/vcpkg/installed/x64-windows-static/debug/Program Files/Microsoft Visual Studio/2022/Community/VC/Tools/MSVC/14.44.35207/bin/Hostx64/x64/pkg-config.exe"
      - "C:/src/vcpkg/installed/x64-windows-static/debug/Program Files/Microsoft Visual Studio/2022/Community/VC/Tools/MSVC/14.44.35207/bin/Hostx64/x64/pkg-config"
      - "C:/src/vcpkg/installed/x64-windows-static/debug/Program Files/Microsoft Visual Studio/2022/Community/VC/Tools/MSVC/14.44.35207/bin/Hostx64/x64/pkgconf.com"
      - "C:/src/vcpkg/installed/x64-windows-static/debug/Program Files/Microsoft Visual Studio/2022/Community/VC/Tools/MSVC/14.44.35207/bin/Hostx64/x64/pkgconf.exe"
      - "C:/src/vcpkg/installed/x64-windows-static/debug/Program Files/Microsoft Visual Studio/2022/Community/VC/Tools/MSVC/14.44.35207/bin/Hostx64/x64/pkgconf"
      - "C:/src/vcpkg/installed/x64-windows-static/debug/Program Files/Microsoft Visual Studio/2022/Community/Common7/IDE/VC/vcpackages/pkg-config.bat.com"
      - "C:/src/vcpkg/installed/x64-windows-static/debug/Program Files/Microsoft Visual Studio/2022/Community/Common7/IDE/VC/vcpackages/pkg-config.bat.exe"
      - "C:/src/vcpkg/installed/x64-windows-static/debug/Program Files/Microsoft Visual Studio/2022/Community/Common7/IDE/VC/vcpackages/pkg-config.bat"
      - "C:/src/vcpkg/installed/x64-windows-static/debug/Program Files/Microsoft Visual Studio/2022/Community/Common7/IDE/VC/vcpackages/pkg-config.com"
      - "C:/src/vcpkg/installed/x64-windows-static/debug/Program Files/Microsoft Visual Studio/2022/Community/Common7/IDE/VC/vcpackages/pkg-config.exe"
      - "C:/src/vcpkg/installed/x64-windows-static/debug/Program Files/Microsoft Visual Studio/2022/Community/Common7/IDE/VC/vcpackages/pkg-config"
      - "C:/src/vcpkg/installed/x64-windows-static/debug/Program Files/Microsoft Visual Studio/2022/Community/Common7/IDE/VC/vcpackages/pkgconf.com"
      - "C:/src/vcpkg/installed/x64-windows-static/debug/Program Files/Microsoft Visual Studio/2022/Community/Common7/IDE/VC/vcpackages/pkgconf.exe"
      - "C:/src/vcpkg/installed/x64-windows-static/debug/Program Files/Microsoft Visual Studio/2022/Community/Common7/IDE/VC/vcpackages/pkgconf"
      - "C:/src/vcpkg/installed/x64-windows-static/debug/Program Files/Microsoft Visual Studio/2022/Community/Common7/IDE/CommonExtensions/Microsoft/TestWindow/pkg-config.bat.com"
      - "C:/src/vcpkg/installed/x64-windows-static/debug/Program Files/Microsoft Visual Studio/2022/Community/Common7/IDE/CommonExtensions/Microsoft/TestWindow/pkg-config.bat.exe"
      - "C:/src/vcpkg/installed/x64-windows-static/debug/Program Files/Microsoft Visual Studio/2022/Community/Common7/IDE/CommonExtensions/Microsoft/TestWindow/pkg-config.bat"
      - "C:/src/vcpkg/installed/x64-windows-static/debug/Program Files/Microsoft Visual Studio/2022/Community/Common7/IDE/CommonExtensions/Microsoft/TestWindow/pkg-config.com"
      - "C:/src/vcpkg/installed/x64-windows-static/debug/Program Files/Microsoft Visual Studio/2022/Community/Common7/IDE/CommonExtensions/Microsoft/TestWindow/pkg-config.exe"
      - "C:/src/vcpkg/installed/x64-windows-static/debug/Program Files/Microsoft Visual Studio/2022/Community/Common7/IDE/CommonExtensions/Microsoft/TestWindow/pkg-config"
      - "C:/src/vcpkg/installed/x64-windows-static/debug/Program Files/Microsoft Visual Studio/2022/Community/Common7/IDE/CommonExtensions/Microsoft/TestWindow/pkgconf.com"
      - "C:/src/vcpkg/installed/x64-windows-static/debug/Program Files/Microsoft Visual Studio/2022/Community/Common7/IDE/CommonExtensions/Microsoft/TestWindow/pkgconf.exe"
      - "C:/src/vcpkg/installed/x64-windows-static/debug/Program Files/Microsoft Visual Studio/2022/Community/Common7/IDE/CommonExtensions/Microsoft/TestWindow/pkgconf"
      - "C:/src/vcpkg/installed/x64-windows-static/debug/Program Files/Microsoft Visual Studio/2022/Community/Common7/IDE/CommonExtensions/Microsoft/TeamFoundation/Team Explorer/pkg-config.bat.com"
      - "C:/src/vcpkg/installed/x64-windows-static/debug/Program Files/Microsoft Visual Studio/2022/Community/Common7/IDE/CommonExtensions/Microsoft/TeamFoundation/Team Explorer/pkg-config.bat.exe"
      - "C:/src/vcpkg/installed/x64-windows-static/debug/Program Files/Microsoft Visual Studio/2022/Community/Common7/IDE/CommonExtensions/Microsoft/TeamFoundation/Team Explorer/pkg-config.bat"
      - "C:/src/vcpkg/installed/x64-windows-static/debug/Program Files/Microsoft Visual Studio/2022/Community/Common7/IDE/CommonExtensions/Microsoft/TeamFoundation/Team Explorer/pkg-config.com"
      - "C:/src/vcpkg/installed/x64-windows-static/debug/Program Files/Microsoft Visual Studio/2022/Community/Common7/IDE/CommonExtensions/Microsoft/TeamFoundation/Team Explorer/pkg-config.exe"
      - "C:/src/vcpkg/installed/x64-windows-static/debug/Program Files/Microsoft Visual Studio/2022/Community/Common7/IDE/CommonExtensions/Microsoft/TeamFoundation/Team Explorer/pkg-config"
      - "C:/src/vcpkg/installed/x64-windows-static/debug/Program Files/Microsoft Visual Studio/2022/Community/Common7/IDE/CommonExtensions/Microsoft/TeamFoundation/Team Explorer/pkgconf.com"
      - "C:/src/vcpkg/installed/x64-windows-static/debug/Program Files/Microsoft Visual Studio/2022/Community/Common7/IDE/CommonExtensions/Microsoft/TeamFoundation/Team Explorer/pkgconf.exe"
      - "C:/src/vcpkg/installed/x64-windows-static/debug/Program Files/Microsoft Visual Studio/2022/Community/Common7/IDE/CommonExtensions/Microsoft/TeamFoundation/Team Explorer/pkgconf"
      - "C:/src/vcpkg/installed/x64-windows-static/debug/Program Files/Microsoft Visual Studio/2022/Community/MSBuild/Current/Bin/Roslyn/pkg-config.bat.com"
      - "C:/src/vcpkg/installed/x64-windows-static/debug/Program Files/Microsoft Visual Studio/2022/Community/MSBuild/Current/Bin/Roslyn/pkg-config.bat.exe"
      - "C:/src/vcpkg/installed/x64-windows-static/debug/Program Files/Microsoft Visual Studio/2022/Community/MSBuild/Current/Bin/Roslyn/pkg-config.bat"
      - "C:/src/vcpkg/installed/x64-windows-static/debug/Program Files/Microsoft Visual Studio/2022/Community/MSBuild/Current/Bin/Roslyn/pkg-config.com"
      - "C:/src/vcpkg/installed/x64-windows-static/debug/Program Files/Microsoft Visual Studio/2022/Community/MSBuild/Current/Bin/Roslyn/pkg-config.exe"
      - "C:/src/vcpkg/installed/x64-windows-static/debug/Program Files/Microsoft Visual Studio/2022/Community/MSBuild/Current/Bin/Roslyn/pkg-config"
      - "C:/src/vcpkg/installed/x64-windows-static/debug/Program Files/Microsoft Visual Studio/2022/Community/MSBuild/Current/Bin/Roslyn/pkgconf.com"
      - "C:/src/vcpkg/installed/x64-windows-static/debug/Program Files/Microsoft Visual Studio/2022/Community/MSBuild/Current/Bin/Roslyn/pkgconf.exe"
      - "C:/src/vcpkg/installed/x64-windows-static/debug/Program Files/Microsoft Visual Studio/2022/Community/MSBuild/Current/Bin/Roslyn/pkgconf"
      - "C:/src/vcpkg/installed/x64-windows-static/debug/Program Files (x86)/Microsoft SDKs/Windows/v10.0A/bin/NETFX 4.8 Tools/x64/pkg-config.bat.com"
      - "C:/src/vcpkg/installed/x64-windows-static/debug/Program Files (x86)/Microsoft SDKs/Windows/v10.0A/bin/NETFX 4.8 Tools/x64/pkg-config.bat.exe"
      - "C:/src/vcpkg/installed/x64-windows-static/debug/Program Files (x86)/Microsoft SDKs/Windows/v10.0A/bin/NETFX 4.8 Tools/x64/pkg-config.bat"
      - "C:/src/vcpkg/installed/x64-windows-static/debug/Program Files (x86)/Microsoft SDKs/Windows/v10.0A/bin/NETFX 4.8 Tools/x64/pkg-config.com"
      - "C:/src/vcpkg/installed/x64-windows-static/debug/Program Files (x86)/Microsoft SDKs/Windows/v10.0A/bin/NETFX 4.8 Tools/x64/pkg-config.exe"
      - "C:/src/vcpkg/installed/x64-windows-static/debug/Program Files (x86)/Microsoft SDKs/Windows/v10.0A/bin/NETFX 4.8 Tools/x64/pkg-config"
      - "C:/src/vcpkg/installed/x64-windows-static/debug/Program Files (x86)/Microsoft SDKs/Windows/v10.0A/bin/NETFX 4.8 Tools/x64/pkgconf.com"
      - "C:/src/vcpkg/installed/x64-windows-static/debug/Program Files (x86)/Microsoft SDKs/Windows/v10.0A/bin/NETFX 4.8 Tools/x64/pkgconf.exe"
      - "C:/src/vcpkg/installed/x64-windows-static/debug/Program Files (x86)/Microsoft SDKs/Windows/v10.0A/bin/NETFX 4.8 Tools/x64/pkgconf"
      - "C:/src/vcpkg/installed/x64-windows-static/debug/Program Files/Microsoft Visual Studio/2022/Community/Common7/IDE/CommonExtensions/Microsoft/FSharp/Tools/pkg-config.bat.com"
      - "C:/src/vcpkg/installed/x64-windows-static/debug/Program Files/Microsoft Visual Studio/2022/Community/Common7/IDE/CommonExtensions/Microsoft/FSharp/Tools/pkg-config.bat.exe"
      - "C:/src/vcpkg/installed/x64-windows-static/debug/Program Files/Microsoft Visual Studio/2022/Community/Common7/IDE/CommonExtensions/Microsoft/FSharp/Tools/pkg-config.bat"
      - "C:/src/vcpkg/installed/x64-windows-static/debug/Program Files/Microsoft Visual Studio/2022/Community/Common7/IDE/CommonExtensions/Microsoft/FSharp/Tools/pkg-config.com"
      - "C:/src/vcpkg/installed/x64-windows-static/debug/Program Files/Microsoft Visual Studio/2022/Community/Common7/IDE/CommonExtensions/Microsoft/FSharp/Tools/pkg-config.exe"
      - "C:/src/vcpkg/installed/x64-windows-static/debug/Program Files/Microsoft Visual Studio/2022/Community/Common7/IDE/CommonExtensions/Microsoft/FSharp/Tools/pkg-config"
      - "C:/src/vcpkg/installed/x64-windows-static/debug/Program Files/Microsoft Visual Studio/2022/Community/Common7/IDE/CommonExtensions/Microsoft/FSharp/Tools/pkgconf.com"
      - "C:/src/vcpkg/installed/x64-windows-static/debug/Program Files/Microsoft Visual Studio/2022/Community/Common7/IDE/CommonExtensions/Microsoft/FSharp/Tools/pkgconf.exe"
      - "C:/src/vcpkg/installed/x64-windows-static/debug/Program Files/Microsoft Visual Studio/2022/Community/Common7/IDE/CommonExtensions/Microsoft/FSharp/Tools/pkgconf"
      - "C:/src/vcpkg/installed/x64-windows-static/debug/Program Files/Microsoft Visual Studio/2022/Community/Team Tools/DiagnosticsHub/Collector/pkg-config.bat.com"
      - "C:/src/vcpkg/installed/x64-windows-static/debug/Program Files/Microsoft Visual Studio/2022/Community/Team Tools/DiagnosticsHub/Collector/pkg-config.bat.exe"
      - "C:/src/vcpkg/installed/x64-windows-static/debug/Program Files/Microsoft Visual Studio/2022/Community/Team Tools/DiagnosticsHub/Collector/pkg-config.bat"
      - "C:/src/vcpkg/installed/x64-windows-static/debug/Program Files/Microsoft Visual Studio/2022/Community/Team Tools/DiagnosticsHub/Collector/pkg-config.com"
      - "C:/src/vcpkg/installed/x64-windows-static/debug/Program Files/Microsoft Visual Studio/2022/Community/Team Tools/DiagnosticsHub/Collector/pkg-config.exe"
      - "C:/src/vcpkg/installed/x64-windows-static/debug/Program Files/Microsoft Visual Studio/2022/Community/Team Tools/DiagnosticsHub/Collector/pkg-config"
      - "C:/src/vcpkg/installed/x64-windows-static/debug/Program Files/Microsoft Visual Studio/2022/Community/Team Tools/DiagnosticsHub/Collector/pkgconf.com"
      - "C:/src/vcpkg/installed/x64-windows-static/debug/Program Files/Microsoft Visual Studio/2022/Community/Team Tools/DiagnosticsHub/Collector/pkgconf.exe"
      - "C:/src/vcpkg/installed/x64-windows-static/debug/Program Files/Microsoft Visual Studio/2022/Community/Team Tools/DiagnosticsHub/Collector/pkgconf"
      - "C:/src/vcpkg/installed/x64-windows-static/debug/Program Files (x86)/Windows Kits/10/bin/10.0.26100.0/x64/pkg-config.bat.com"
      - "C:/src/vcpkg/installed/x64-windows-static/debug/Program Files (x86)/Windows Kits/10/bin/10.0.26100.0/x64/pkg-config.bat.exe"
      - "C:/src/vcpkg/installed/x64-windows-static/debug/Program Files (x86)/Windows Kits/10/bin/10.0.26100.0/x64/pkg-config.bat"
      - "C:/src/vcpkg/installed/x64-windows-static/debug/Program Files (x86)/Windows Kits/10/bin/10.0.26100.0/x64/pkg-config.com"
      - "C:/src/vcpkg/installed/x64-windows-static/debug/Program Files (x86)/Windows Kits/10/bin/10.0.26100.0/x64/pkg-config.exe"
      - "C:/src/vcpkg/installed/x64-windows-static/debug/Program Files (x86)/Windows Kits/10/bin/10.0.26100.0/x64/pkg-config"
      - "C:/src/vcpkg/installed/x64-windows-static/debug/Program Files (x86)/Windows Kits/10/bin/10.0.26100.0/x64/pkgconf.com"
      - "C:/src/vcpkg/installed/x64-windows-static/debug/Program Files (x86)/Windows Kits/10/bin/10.0.26100.0/x64/pkgconf.exe"
      - "C:/src/vcpkg/installed/x64-windows-static/debug/Program Files (x86)/Windows Kits/10/bin/10.0.26100.0/x64/pkgconf"
      - "C:/src/vcpkg/installed/x64-windows-static/debug/Program Files (x86)/Windows Kits/10/bin/x64/pkg-config.bat.com"
      - "C:/src/vcpkg/installed/x64-windows-static/debug/Program Files (x86)/Windows Kits/10/bin/x64/pkg-config.bat.exe"
      - "C:/src/vcpkg/installed/x64-windows-static/debug/Program Files (x86)/Windows Kits/10/bin/x64/pkg-config.bat"
      - "C:/src/vcpkg/installed/x64-windows-static/debug/Program Files (x86)/Windows Kits/10/bin/x64/pkg-config.com"
      - "C:/src/vcpkg/installed/x64-windows-static/debug/Program Files (x86)/Windows Kits/10/bin/x64/pkg-config.exe"
      - "C:/src/vcpkg/installed/x64-windows-static/debug/Program Files (x86)/Windows Kits/10/bin/x64/pkg-config"
      - "C:/src/vcpkg/installed/x64-windows-static/debug/Program Files (x86)/Windows Kits/10/bin/x64/pkgconf.com"
      - "C:/src/vcpkg/installed/x64-windows-static/debug/Program Files (x86)/Windows Kits/10/bin/x64/pkgconf.exe"
      - "C:/src/vcpkg/installed/x64-windows-static/debug/Program Files (x86)/Windows Kits/10/bin/x64/pkgconf"
      - "C:/src/vcpkg/installed/x64-windows-static/debug/Program Files/Microsoft Visual Studio/2022/Community/MSBuild/Current/Bin/amd64/pkg-config.bat.com"
      - "C:/src/vcpkg/installed/x64-windows-static/debug/Program Files/Microsoft Visual Studio/2022/Community/MSBuild/Current/Bin/amd64/pkg-config.bat.exe"
      - "C:/src/vcpkg/installed/x64-windows-static/debug/Program Files/Microsoft Visual Studio/2022/Community/MSBuild/Current/Bin/amd64/pkg-config.bat"
      - "C:/src/vcpkg/installed/x64-windows-static/debug/Program Files/Microsoft Visual Studio/2022/Community/MSBuild/Current/Bin/amd64/pkg-config.com"
      - "C:/src/vcpkg/installed/x64-windows-static/debug/Program Files/Microsoft Visual Studio/2022/Community/MSBuild/Current/Bin/amd64/pkg-config.exe"
      - "C:/src/vcpkg/installed/x64-windows-static/debug/Program Files/Microsoft Visual Studio/2022/Community/MSBuild/Current/Bin/amd64/pkg-config"
      - "C:/src/vcpkg/installed/x64-windows-static/debug/Program Files/Microsoft Visual Studio/2022/Community/MSBuild/Current/Bin/amd64/pkgconf.com"
      - "C:/src/vcpkg/installed/x64-windows-static/debug/Program Files/Microsoft Visual Studio/2022/Community/MSBuild/Current/Bin/amd64/pkgconf.exe"
      - "C:/src/vcpkg/installed/x64-windows-static/debug/Program Files/Microsoft Visual Studio/2022/Community/MSBuild/Current/Bin/amd64/pkgconf"
      - "C:/src/vcpkg/installed/x64-windows-static/debug/Windows/Microsoft.NET/Framework64/v4.0.30319/pkg-config.bat.com"
      - "C:/src/vcpkg/installed/x64-windows-static/debug/Windows/Microsoft.NET/Framework64/v4.0.30319/pkg-config.bat.exe"
      - "C:/src/vcpkg/installed/x64-windows-static/debug/Windows/Microsoft.NET/Framework64/v4.0.30319/pkg-config.bat"
      - "C:/src/vcpkg/installed/x64-windows-static/debug/Windows/Microsoft.NET/Framework64/v4.0.30319/pkg-config.com"
      - "C:/src/vcpkg/installed/x64-windows-static/debug/Windows/Microsoft.NET/Framework64/v4.0.30319/pkg-config.exe"
      - "C:/src/vcpkg/installed/x64-windows-static/debug/Windows/Microsoft.NET/Framework64/v4.0.30319/pkg-config"
      - "C:/src/vcpkg/installed/x64-windows-static/debug/Windows/Microsoft.NET/Framework64/v4.0.30319/pkgconf.com"
      - "C:/src/vcpkg/installed/x64-windows-static/debug/Windows/Microsoft.NET/Framework64/v4.0.30319/pkgconf.exe"
      - "C:/src/vcpkg/installed/x64-windows-static/debug/Windows/Microsoft.NET/Framework64/v4.0.30319/pkgconf"
      - "C:/src/vcpkg/installed/x64-windows-static/debug/Program Files/Microsoft Visual Studio/2022/Community/Common7/IDE/pkg-config.bat.com"
      - "C:/src/vcpkg/installed/x64-windows-static/debug/Program Files/Microsoft Visual Studio/2022/Community/Common7/IDE/pkg-config.bat.exe"
      - "C:/src/vcpkg/installed/x64-windows-static/debug/Program Files/Microsoft Visual Studio/2022/Community/Common7/IDE/pkg-config.bat"
      - "C:/src/vcpkg/installed/x64-windows-static/debug/Program Files/Microsoft Visual Studio/2022/Community/Common7/IDE/pkg-config.com"
      - "C:/src/vcpkg/installed/x64-windows-static/debug/Program Files/Microsoft Visual Studio/2022/Community/Common7/IDE/pkg-config.exe"
      - "C:/src/vcpkg/installed/x64-windows-static/debug/Program Files/Microsoft Visual Studio/2022/Community/Common7/IDE/pkg-config"
      - "C:/src/vcpkg/installed/x64-windows-static/debug/Program Files/Microsoft Visual Studio/2022/Community/Common7/IDE/pkgconf.com"
      - "C:/src/vcpkg/installed/x64-windows-static/debug/Program Files/Microsoft Visual Studio/2022/Community/Common7/IDE/pkgconf.exe"
      - "C:/src/vcpkg/installed/x64-windows-static/debug/Program Files/Microsoft Visual Studio/2022/Community/Common7/IDE/pkgconf"
      - "C:/src/vcpkg/installed/x64-windows-static/debug/Program Files/Microsoft Visual Studio/2022/Community/Common7/Tools/pkg-config.bat.com"
      - "C:/src/vcpkg/installed/x64-windows-static/debug/Program Files/Microsoft Visual Studio/2022/Community/Common7/Tools/pkg-config.bat.exe"
      - "C:/src/vcpkg/installed/x64-windows-static/debug/Program Files/Microsoft Visual Studio/2022/Community/Common7/Tools/pkg-config.bat"
      - "C:/src/vcpkg/installed/x64-windows-static/debug/Program Files/Microsoft Visual Studio/2022/Community/Common7/Tools/pkg-config.com"
      - "C:/src/vcpkg/installed/x64-windows-static/debug/Program Files/Microsoft Visual Studio/2022/Community/Common7/Tools/pkg-config.exe"
      - "C:/src/vcpkg/installed/x64-windows-static/debug/Program Files/Microsoft Visual Studio/2022/Community/Common7/Tools/pkg-config"
      - "C:/src/vcpkg/installed/x64-windows-static/debug/Program Files/Microsoft Visual Studio/2022/Community/Common7/Tools/pkgconf.com"
      - "C:/src/vcpkg/installed/x64-windows-static/debug/Program Files/Microsoft Visual Studio/2022/Community/Common7/Tools/pkgconf.exe"
      - "C:/src/vcpkg/installed/x64-windows-static/debug/Program Files/Microsoft Visual Studio/2022/Community/Common7/Tools/pkgconf"
      - "C:/src/vcpkg/installed/x64-windows-static/debug/src/vcpkg/downloads/tools/powershell-core-7.6.4-windows/pkg-config.bat.com"
      - "C:/src/vcpkg/installed/x64-windows-static/debug/src/vcpkg/downloads/tools/powershell-core-7.6.4-windows/pkg-config.bat.exe"
      - "C:/src/vcpkg/installed/x64-windows-static/debug/src/vcpkg/downloads/tools/powershell-core-7.6.4-windows/pkg-config.bat"
      - "C:/src/vcpkg/installed/x64-windows-static/debug/src/vcpkg/downloads/tools/powershell-core-7.6.4-windows/pkg-config.com"
      - "C:/src/vcpkg/installed/x64-windows-static/debug/src/vcpkg/downloads/tools/powershell-core-7.6.4-windows/pkg-config.exe"
      - "C:/src/vcpkg/installed/x64-windows-static/debug/src/vcpkg/downloads/tools/powershell-core-7.6.4-windows/pkg-config"
      - "C:/src/vcpkg/installed/x64-windows-static/debug/src/vcpkg/downloads/tools/powershell-core-7.6.4-windows/pkgconf.com"
      - "C:/src/vcpkg/installed/x64-windows-static/debug/src/vcpkg/downloads/tools/powershell-core-7.6.4-windows/pkgconf.exe"
      - "C:/src/vcpkg/installed/x64-windows-static/debug/src/vcpkg/downloads/tools/powershell-core-7.6.4-windows/pkgconf"
      - "C:/src/vcpkg/installed/x64-windows-static/debug/Windows/System32/pkg-config.bat.com"
      - "C:/src/vcpkg/installed/x64-windows-static/debug/Windows/System32/pkg-config.bat.exe"
      - "C:/src/vcpkg/installed/x64-windows-static/debug/Windows/System32/pkg-config.bat"
      - "C:/src/vcpkg/installed/x64-windows-static/debug/Windows/System32/pkg-config.com"
      - "C:/src/vcpkg/installed/x64-windows-static/debug/Windows/System32/pkg-config.exe"
      - "C:/src/vcpkg/installed/x64-windows-static/debug/Windows/System32/pkg-config"
      - "C:/src/vcpkg/installed/x64-windows-static/debug/Windows/System32/pkgconf.com"
      - "C:/src/vcpkg/installed/x64-windows-static/debug/Windows/System32/pkgconf.exe"
      - "C:/src/vcpkg/installed/x64-windows-static/debug/Windows/System32/pkgconf"
      - "C:/src/vcpkg/installed/x64-windows-static/debug/Windows/pkg-config.bat.com"
      - "C:/src/vcpkg/installed/x64-windows-static/debug/Windows/pkg-config.bat.exe"
      - "C:/src/vcpkg/installed/x64-windows-static/debug/Windows/pkg-config.bat"
      - "C:/src/vcpkg/installed/x64-windows-static/debug/Windows/pkg-config.com"
      - "C:/src/vcpkg/installed/x64-windows-static/debug/Windows/pkg-config.exe"
      - "C:/src/vcpkg/installed/x64-windows-static/debug/Windows/pkg-config"
      - "C:/src/vcpkg/installed/x64-windows-static/debug/Windows/pkgconf.com"
      - "C:/src/vcpkg/installed/x64-windows-static/debug/Windows/pkgconf.exe"
      - "C:/src/vcpkg/installed/x64-windows-static/debug/Windows/pkgconf"
      - "C:/src/vcpkg/installed/x64-windows-static/debug/Windows/System32/wbem/pkg-config.bat.com"
      - "C:/src/vcpkg/installed/x64-windows-static/debug/Windows/System32/wbem/pkg-config.bat.exe"
      - "C:/src/vcpkg/installed/x64-windows-static/debug/Windows/System32/wbem/pkg-config.bat"
      - "C:/src/vcpkg/installed/x64-windows-static/debug/Windows/System32/wbem/pkg-config.com"
      - "C:/src/vcpkg/installed/x64-windows-static/debug/Windows/System32/wbem/pkg-config.exe"
      - "C:/src/vcpkg/installed/x64-windows-static/debug/Windows/System32/wbem/pkg-config"
      - "C:/src/vcpkg/installed/x64-windows-static/debug/Windows/System32/wbem/pkgconf.com"
      - "C:/src/vcpkg/installed/x64-windows-static/debug/Windows/System32/wbem/pkgconf.exe"
      - "C:/src/vcpkg/installed/x64-windows-static/debug/Windows/System32/wbem/pkgconf"
      - "C:/src/vcpkg/installed/x64-windows-static/debug/Windows/System32/WindowsPowerShell/v1.0/pkg-config.bat.com"
      - "C:/src/vcpkg/installed/x64-windows-static/debug/Windows/System32/WindowsPowerShell/v1.0/pkg-config.bat.exe"
      - "C:/src/vcpkg/installed/x64-windows-static/debug/Windows/System32/WindowsPowerShell/v1.0/pkg-config.bat"
      - "C:/src/vcpkg/installed/x64-windows-static/debug/Windows/System32/WindowsPowerShell/v1.0/pkg-config.com"
      - "C:/src/vcpkg/installed/x64-windows-static/debug/Windows/System32/WindowsPowerShell/v1.0/pkg-config.exe"
      - "C:/src/vcpkg/installed/x64-windows-static/debug/Windows/System32/WindowsPowerShell/v1.0/pkg-config"
      - "C:/src/vcpkg/installed/x64-windows-static/debug/Windows/System32/WindowsPowerShell/v1.0/pkgconf.com"
      - "C:/src/vcpkg/installed/x64-windows-static/debug/Windows/System32/WindowsPowerShell/v1.0/pkgconf.exe"
      - "C:/src/vcpkg/installed/x64-windows-static/debug/Windows/System32/WindowsPowerShell/v1.0/pkgconf"
      - "C:/src/vcpkg/installed/x64-windows-static/debug/Windows/System32/OpenSSH/pkg-config.bat.com"
      - "C:/src/vcpkg/installed/x64-windows-static/debug/Windows/System32/OpenSSH/pkg-config.bat.exe"
      - "C:/src/vcpkg/installed/x64-windows-static/debug/Windows/System32/OpenSSH/pkg-config.bat"
      - "C:/src/vcpkg/installed/x64-windows-static/debug/Windows/System32/OpenSSH/pkg-config.com"
      - "C:/src/vcpkg/installed/x64-windows-static/debug/Windows/System32/OpenSSH/pkg-config.exe"
      - "C:/src/vcpkg/installed/x64-windows-static/debug/Windows/System32/OpenSSH/pkg-config"
      - "C:/src/vcpkg/installed/x64-windows-static/debug/Windows/System32/OpenSSH/pkgconf.com"
      - "C:/src/vcpkg/installed/x64-windows-static/debug/Windows/System32/OpenSSH/pkgconf.exe"
      - "C:/src/vcpkg/installed/x64-windows-static/debug/Windows/System32/OpenSSH/pkgconf"
      - "C:/src/vcpkg/installed/x64-windows-static/debug/Program Files/Microsoft Visual Studio/2022/Community/Common7/IDE/CommonExtensions/Microsoft/CMake/CMake/bin/pkg-config.bat.com"
      - "C:/src/vcpkg/installed/x64-windows-static/debug/Program Files/Microsoft Visual Studio/2022/Community/Common7/IDE/CommonExtensions/Microsoft/CMake/CMake/bin/pkg-config.bat.exe"
      - "C:/src/vcpkg/installed/x64-windows-static/debug/Program Files/Microsoft Visual Studio/2022/Community/Common7/IDE/CommonExtensions/Microsoft/CMake/CMake/bin/pkg-config.bat"
      - "C:/src/vcpkg/installed/x64-windows-static/debug/Program Files/Microsoft Visual Studio/2022/Community/Common7/IDE/CommonExtensions/Microsoft/CMake/CMake/bin/pkg-config.com"
      - "C:/src/vcpkg/installed/x64-windows-static/debug/Program Files/Microsoft Visual Studio/2022/Community/Common7/IDE/CommonExtensions/Microsoft/CMake/CMake/bin/pkg-config.exe"
      - "C:/src/vcpkg/installed/x64-windows-static/debug/Program Files/Microsoft Visual Studio/2022/Community/Common7/IDE/CommonExtensions/Microsoft/CMake/CMake/bin/pkg-config"
      - "C:/src/vcpkg/installed/x64-windows-static/debug/Program Files/Microsoft Visual Studio/2022/Community/Common7/IDE/CommonExtensions/Microsoft/CMake/CMake/bin/pkgconf.com"
      - "C:/src/vcpkg/installed/x64-windows-static/debug/Program Files/Microsoft Visual Studio/2022/Community/Common7/IDE/CommonExtensions/Microsoft/CMake/CMake/bin/pkgconf.exe"
      - "C:/src/vcpkg/installed/x64-windows-static/debug/Program Files/Microsoft Visual Studio/2022/Community/Common7/IDE/CommonExtensions/Microsoft/CMake/CMake/bin/pkgconf"
      - "C:/src/vcpkg/installed/x64-windows-static/debug/Program Files/Microsoft Visual Studio/2022/Community/Common7/IDE/CommonExtensions/Microsoft/CMake/Ninja/pkg-config.bat.com"
      - "C:/src/vcpkg/installed/x64-windows-static/debug/Program Files/Microsoft Visual Studio/2022/Community/Common7/IDE/CommonExtensions/Microsoft/CMake/Ninja/pkg-config.bat.exe"
      - "C:/src/vcpkg/installed/x64-windows-static/debug/Program Files/Microsoft Visual Studio/2022/Community/Common7/IDE/CommonExtensions/Microsoft/CMake/Ninja/pkg-config.bat"
      - "C:/src/vcpkg/installed/x64-windows-static/debug/Program Files/Microsoft Visual Studio/2022/Community/Common7/IDE/CommonExtensions/Microsoft/CMake/Ninja/pkg-config.com"
      - "C:/src/vcpkg/installed/x64-windows-static/debug/Program Files/Microsoft Visual Studio/2022/Community/Common7/IDE/CommonExtensions/Microsoft/CMake/Ninja/pkg-config.exe"
      - "C:/src/vcpkg/installed/x64-windows-static/debug/Program Files/Microsoft Visual Studio/2022/Community/Common7/IDE/CommonExtensions/Microsoft/CMake/Ninja/pkg-config"
      - "C:/src/vcpkg/installed/x64-windows-static/debug/Program Files/Microsoft Visual Studio/2022/Community/Common7/IDE/CommonExtensions/Microsoft/CMake/Ninja/pkgconf.com"
      - "C:/src/vcpkg/installed/x64-windows-static/debug/Program Files/Microsoft Visual Studio/2022/Community/Common7/IDE/CommonExtensions/Microsoft/CMake/Ninja/pkgconf.exe"
      - "C:/src/vcpkg/installed/x64-windows-static/debug/Program Files/Microsoft Visual Studio/2022/Community/Common7/IDE/CommonExtensions/Microsoft/CMake/Ninja/pkgconf"
      - "C:/src/vcpkg/installed/x64-windows-static/debug/Program Files/Microsoft Visual Studio/2022/Community/Common7/IDE/VC/Linux/bin/ConnectionManagerExe/pkg-config.bat.com"
      - "C:/src/vcpkg/installed/x64-windows-static/debug/Program Files/Microsoft Visual Studio/2022/Community/Common7/IDE/VC/Linux/bin/ConnectionManagerExe/pkg-config.bat.exe"
      - "C:/src/vcpkg/installed/x64-windows-static/debug/Program Files/Microsoft Visual Studio/2022/Community/Common7/IDE/VC/Linux/bin/ConnectionManagerExe/pkg-config.bat"
      - "C:/src/vcpkg/installed/x64-windows-static/debug/Program Files/Microsoft Visual Studio/2022/Community/Common7/IDE/VC/Linux/bin/ConnectionManagerExe/pkg-config.com"
      - "C:/src/vcpkg/installed/x64-windows-static/debug/Program Files/Microsoft Visual Studio/2022/Community/Common7/IDE/VC/Linux/bin/ConnectionManagerExe/pkg-config.exe"
      - "C:/src/vcpkg/installed/x64-windows-static/debug/Program Files/Microsoft Visual Studio/2022/Community/Common7/IDE/VC/Linux/bin/ConnectionManagerExe/pkg-config"
      - "C:/src/vcpkg/installed/x64-windows-static/debug/Program Files/Microsoft Visual Studio/2022/Community/Common7/IDE/VC/Linux/bin/ConnectionManagerExe/pkgconf.com"
      - "C:/src/vcpkg/installed/x64-windows-static/debug/Program Files/Microsoft Visual Studio/2022/Community/Common7/IDE/VC/Linux/bin/ConnectionManagerExe/pkgconf.exe"
      - "C:/src/vcpkg/installed/x64-windows-static/debug/Program Files/Microsoft Visual Studio/2022/Community/Common7/IDE/VC/Linux/bin/ConnectionManagerExe/pkgconf"
      - "C:/src/vcpkg/installed/x64-windows-static/debug/Program Files/Microsoft Visual Studio/2022/Community/VC/vcpkg/pkg-config.bat.com"
      - "C:/src/vcpkg/installed/x64-windows-static/debug/Program Files/Microsoft Visual Studio/2022/Community/VC/vcpkg/pkg-config.bat.exe"
      - "C:/src/vcpkg/installed/x64-windows-static/debug/Program Files/Microsoft Visual Studio/2022/Community/VC/vcpkg/pkg-config.bat"
      - "C:/src/vcpkg/installed/x64-windows-static/debug/Program Files/Microsoft Visual Studio/2022/Community/VC/vcpkg/pkg-config.com"
      - "C:/src/vcpkg/installed/x64-windows-static/debug/Program Files/Microsoft Visual Studio/2022/Community/VC/vcpkg/pkg-config.exe"
      - "C:/src/vcpkg/installed/x64-windows-static/debug/Program Files/Microsoft Visual Studio/2022/Community/VC/vcpkg/pkg-config"
      - "C:/src/vcpkg/installed/x64-windows-static/debug/Program Files/Microsoft Visual Studio/2022/Community/VC/vcpkg/pkgconf.com"
      - "C:/src/vcpkg/installed/x64-windows-static/debug/Program Files/Microsoft Visual Studio/2022/Community/VC/vcpkg/pkgconf.exe"
      - "C:/src/vcpkg/installed/x64-windows-static/debug/Program Files/Microsoft Visual Studio/2022/Community/VC/vcpkg/pkgconf"
      - "C:/src/vcpkg/installed/x64-windows-static/debug/src/vcpkg/downloads/tools/ninja-1.13.2-windows/pkg-config.bat.com"
      - "C:/src/vcpkg/installed/x64-windows-static/debug/src/vcpkg/downloads/tools/ninja-1.13.2-windows/pkg-config.bat.exe"
      - "C:/src/vcpkg/installed/x64-windows-static/debug/src/vcpkg/downloads/tools/ninja-1.13.2-windows/pkg-config.bat"
      - "C:/src/vcpkg/installed/x64-windows-static/debug/src/vcpkg/downloads/tools/ninja-1.13.2-windows/pkg-config.com"
      - "C:/src/vcpkg/installed/x64-windows-static/debug/src/vcpkg/downloads/tools/ninja-1.13.2-windows/pkg-config.exe"
      - "C:/src/vcpkg/installed/x64-windows-static/debug/src/vcpkg/downloads/tools/ninja-1.13.2-windows/pkg-config"
      - "C:/src/vcpkg/installed/x64-windows-static/debug/src/vcpkg/downloads/tools/ninja-1.13.2-windows/pkgconf.com"
      - "C:/src/vcpkg/installed/x64-windows-static/debug/src/vcpkg/downloads/tools/ninja-1.13.2-windows/pkgconf.exe"
      - "C:/src/vcpkg/installed/x64-windows-static/debug/src/vcpkg/downloads/tools/ninja-1.13.2-windows/pkgconf"
      - "C:/src/vcpkg/installed/x64-windows-static/debug/Program Files/bin/pkg-config.bat.com"
      - "C:/src/vcpkg/installed/x64-windows-static/debug/Program Files/bin/pkg-config.bat.exe"
      - "C:/src/vcpkg/installed/x64-windows-static/debug/Program Files/bin/pkg-config.bat"
      - "C:/src/vcpkg/installed/x64-windows-static/debug/Program Files/bin/pkg-config.com"
      - "C:/src/vcpkg/installed/x64-windows-static/debug/Program Files/bin/pkg-config.exe"
      - "C:/src/vcpkg/installed/x64-windows-static/debug/Program Files/bin/pkg-config"
      - "C:/src/vcpkg/installed/x64-windows-static/debug/Program Files/bin/pkgconf.com"
      - "C:/src/vcpkg/installed/x64-windows-static/debug/Program Files/bin/pkgconf.exe"
      - "C:/src/vcpkg/installed/x64-windows-static/debug/Program Files/bin/pkgconf"
      - "C:/src/vcpkg/installed/x64-windows-static/debug/Program Files/sbin/pkg-config.bat.com"
      - "C:/src/vcpkg/installed/x64-windows-static/debug/Program Files/sbin/pkg-config.bat.exe"
      - "C:/src/vcpkg/installed/x64-windows-static/debug/Program Files/sbin/pkg-config.bat"
      - "C:/src/vcpkg/installed/x64-windows-static/debug/Program Files/sbin/pkg-config.com"
      - "C:/src/vcpkg/installed/x64-windows-static/debug/Program Files/sbin/pkg-config.exe"
      - "C:/src/vcpkg/installed/x64-windows-static/debug/Program Files/sbin/pkg-config"
      - "C:/src/vcpkg/installed/x64-windows-static/debug/Program Files/sbin/pkgconf.com"
      - "C:/src/vcpkg/installed/x64-windows-static/debug/Program Files/sbin/pkgconf.exe"
      - "C:/src/vcpkg/installed/x64-windows-static/debug/Program Files/sbin/pkgconf"
      - "C:/src/vcpkg/installed/x64-windows-static/debug/Program Files/pkg-config.bat.com"
      - "C:/src/vcpkg/installed/x64-windows-static/debug/Program Files/pkg-config.bat.exe"
      - "C:/src/vcpkg/installed/x64-windows-static/debug/Program Files/pkg-config.bat"
      - "C:/src/vcpkg/installed/x64-windows-static/debug/Program Files/pkg-config.com"
      - "C:/src/vcpkg/installed/x64-windows-static/debug/Program Files/pkg-config.exe"
      - "C:/src/vcpkg/installed/x64-windows-static/debug/Program Files/pkg-config"
      - "C:/src/vcpkg/installed/x64-windows-static/debug/Program Files/pkgconf.com"
      - "C:/src/vcpkg/installed/x64-windows-static/debug/Program Files/pkgconf.exe"
      - "C:/src/vcpkg/installed/x64-windows-static/debug/Program Files/pkgconf"
      - "C:/src/vcpkg/installed/x64-windows-static/debug/Program Files (x86)/bin/pkg-config.bat.com"
      - "C:/src/vcpkg/installed/x64-windows-static/debug/Program Files (x86)/bin/pkg-config.bat.exe"
      - "C:/src/vcpkg/installed/x64-windows-static/debug/Program Files (x86)/bin/pkg-config.bat"
      - "C:/src/vcpkg/installed/x64-windows-static/debug/Program Files (x86)/bin/pkg-config.com"
      - "C:/src/vcpkg/installed/x64-windows-static/debug/Program Files (x86)/bin/pkg-config.exe"
      - "C:/src/vcpkg/installed/x64-windows-static/debug/Program Files (x86)/bin/pkg-config"
      - "C:/src/vcpkg/installed/x64-windows-static/debug/Program Files (x86)/bin/pkgconf.com"
      - "C:/src/vcpkg/installed/x64-windows-static/debug/Program Files (x86)/bin/pkgconf.exe"
      - "C:/src/vcpkg/installed/x64-windows-static/debug/Program Files (x86)/bin/pkgconf"
      - "C:/src/vcpkg/installed/x64-windows-static/debug/Program Files (x86)/sbin/pkg-config.bat.com"
      - "C:/src/vcpkg/installed/x64-windows-static/debug/Program Files (x86)/sbin/pkg-config.bat.exe"
      - "C:/src/vcpkg/installed/x64-windows-static/debug/Program Files (x86)/sbin/pkg-config.bat"
      - "C:/src/vcpkg/installed/x64-windows-static/debug/Program Files (x86)/sbin/pkg-config.com"
      - "C:/src/vcpkg/installed/x64-windows-static/debug/Program Files (x86)/sbin/pkg-config.exe"
      - "C:/src/vcpkg/installed/x64-windows-static/debug/Program Files (x86)/sbin/pkg-config"
      - "C:/src/vcpkg/installed/x64-windows-static/debug/Program Files (x86)/sbin/pkgconf.com"
      - "C:/src/vcpkg/installed/x64-windows-static/debug/Program Files (x86)/sbin/pkgconf.exe"
      - "C:/src/vcpkg/installed/x64-windows-static/debug/Program Files (x86)/sbin/pkgconf"
      - "C:/src/vcpkg/installed/x64-windows-static/debug/Program Files (x86)/pkg-config.bat.com"
      - "C:/src/vcpkg/installed/x64-windows-static/debug/Program Files (x86)/pkg-config.bat.exe"
      - "C:/src/vcpkg/installed/x64-windows-static/debug/Program Files (x86)/pkg-config.bat"
      - "C:/src/vcpkg/installed/x64-windows-static/debug/Program Files (x86)/pkg-config.com"
      - "C:/src/vcpkg/installed/x64-windows-static/debug/Program Files (x86)/pkg-config.exe"
      - "C:/src/vcpkg/installed/x64-windows-static/debug/Program Files (x86)/pkg-config"
      - "C:/src/vcpkg/installed/x64-windows-static/debug/Program Files (x86)/pkgconf.com"
      - "C:/src/vcpkg/installed/x64-windows-static/debug/Program Files (x86)/pkgconf.exe"
      - "C:/src/vcpkg/installed/x64-windows-static/debug/Program Files (x86)/pkgconf"
      - "C:/src/vcpkg/installed/x64-windows-static/debug/Program Files/CMake/bin/pkg-config.bat.com"
      - "C:/src/vcpkg/installed/x64-windows-static/debug/Program Files/CMake/bin/pkg-config.bat.exe"
      - "C:/src/vcpkg/installed/x64-windows-static/debug/Program Files/CMake/bin/pkg-config.bat"
      - "C:/src/vcpkg/installed/x64-windows-static/debug/Program Files/CMake/bin/pkg-config.com"
      - "C:/src/vcpkg/installed/x64-windows-static/debug/Program Files/CMake/bin/pkg-config.exe"
      - "C:/src/vcpkg/installed/x64-windows-static/debug/Program Files/CMake/bin/pkg-config"
      - "C:/src/vcpkg/installed/x64-windows-static/debug/Program Files/CMake/bin/pkgconf.com"
      - "C:/src/vcpkg/installed/x64-windows-static/debug/Program Files/CMake/bin/pkgconf.exe"
      - "C:/src/vcpkg/installed/x64-windows-static/debug/Program Files/CMake/bin/pkgconf"
      - "C:/src/vcpkg/installed/x64-windows-static/debug/Program Files/CMake/sbin/pkg-config.bat.com"
      - "C:/src/vcpkg/installed/x64-windows-static/debug/Program Files/CMake/sbin/pkg-config.bat.exe"
      - "C:/src/vcpkg/installed/x64-windows-static/debug/Program Files/CMake/sbin/pkg-config.bat"
      - "C:/src/vcpkg/installed/x64-windows-static/debug/Program Files/CMake/sbin/pkg-config.com"
      - "C:/src/vcpkg/installed/x64-windows-static/debug/Program Files/CMake/sbin/pkg-config.exe"
      - "C:/src/vcpkg/installed/x64-windows-static/debug/Program Files/CMake/sbin/pkg-config"
      - "C:/src/vcpkg/installed/x64-windows-static/debug/Program Files/CMake/sbin/pkgconf.com"
      - "C:/src/vcpkg/installed/x64-windows-static/debug/Program Files/CMake/sbin/pkgconf.exe"
      - "C:/src/vcpkg/installed/x64-windows-static/debug/Program Files/CMake/sbin/pkgconf"
      - "C:/src/vcpkg/installed/x64-windows-static/debug/Program Files/CMake/pkg-config.bat.com"
      - "C:/src/vcpkg/installed/x64-windows-static/debug/Program Files/CMake/pkg-config.bat.exe"
      - "C:/src/vcpkg/installed/x64-windows-static/debug/Program Files/CMake/pkg-config.bat"
      - "C:/src/vcpkg/installed/x64-windows-static/debug/Program Files/CMake/pkg-config.com"
      - "C:/src/vcpkg/installed/x64-windows-static/debug/Program Files/CMake/pkg-config.exe"
      - "C:/src/vcpkg/installed/x64-windows-static/debug/Program Files/CMake/pkg-config"
      - "C:/src/vcpkg/installed/x64-windows-static/debug/Program Files/CMake/pkgconf.com"
      - "C:/src/vcpkg/installed/x64-windows-static/debug/Program Files/CMake/pkgconf.exe"
      - "C:/src/vcpkg/installed/x64-windows-static/debug/Program Files/CMake/pkgconf"
      - "C:/src/vcpkg/installed/x64-windows-static/debug/src/vcpkg/packages/sdl2_x64-windows-static/bin/pkg-config.bat.com"
      - "C:/src/vcpkg/installed/x64-windows-static/debug/src/vcpkg/packages/sdl2_x64-windows-static/bin/pkg-config.bat.exe"
      - "C:/src/vcpkg/installed/x64-windows-static/debug/src/vcpkg/packages/sdl2_x64-windows-static/bin/pkg-config.bat"
      - "C:/src/vcpkg/installed/x64-windows-static/debug/src/vcpkg/packages/sdl2_x64-windows-static/bin/pkg-config.com"
      - "C:/src/vcpkg/installed/x64-windows-static/debug/src/vcpkg/packages/sdl2_x64-windows-static/bin/pkg-config.exe"
      - "C:/src/vcpkg/installed/x64-windows-static/debug/src/vcpkg/packages/sdl2_x64-windows-static/bin/pkg-config"
      - "C:/src/vcpkg/installed/x64-windows-static/debug/src/vcpkg/packages/sdl2_x64-windows-static/bin/pkgconf.com"
      - "C:/src/vcpkg/installed/x64-windows-static/debug/src/vcpkg/packages/sdl2_x64-windows-static/bin/pkgconf.exe"
      - "C:/src/vcpkg/installed/x64-windows-static/debug/src/vcpkg/packages/sdl2_x64-windows-static/bin/pkgconf"
      - "C:/src/vcpkg/installed/x64-windows-static/debug/src/vcpkg/packages/sdl2_x64-windows-static/sbin/pkg-config.bat.com"
      - "C:/src/vcpkg/installed/x64-windows-static/debug/src/vcpkg/packages/sdl2_x64-windows-static/sbin/pkg-config.bat.exe"
      - "C:/src/vcpkg/installed/x64-windows-static/debug/src/vcpkg/packages/sdl2_x64-windows-static/sbin/pkg-config.bat"
      - "C:/src/vcpkg/installed/x64-windows-static/debug/src/vcpkg/packages/sdl2_x64-windows-static/sbin/pkg-config.com"
      - "C:/src/vcpkg/installed/x64-windows-static/debug/src/vcpkg/packages/sdl2_x64-windows-static/sbin/pkg-config.exe"
      - "C:/src/vcpkg/installed/x64-windows-static/debug/src/vcpkg/packages/sdl2_x64-windows-static/sbin/pkg-config"
      - "C:/src/vcpkg/installed/x64-windows-static/debug/src/vcpkg/packages/sdl2_x64-windows-static/sbin/pkgconf.com"
      - "C:/src/vcpkg/installed/x64-windows-static/debug/src/vcpkg/packages/sdl2_x64-windows-static/sbin/pkgconf.exe"
      - "C:/src/vcpkg/installed/x64-windows-static/debug/src/vcpkg/packages/sdl2_x64-windows-static/sbin/pkgconf"
      - "C:/src/vcpkg/installed/x64-windows-static/debug/src/vcpkg/packages/sdl2_x64-windows-static/pkg-config.bat.com"
      - "C:/src/vcpkg/installed/x64-windows-static/debug/src/vcpkg/packages/sdl2_x64-windows-static/pkg-config.bat.exe"
      - "C:/src/vcpkg/installed/x64-windows-static/debug/src/vcpkg/packages/sdl2_x64-windows-static/pkg-config.bat"
      - "C:/src/vcpkg/installed/x64-windows-static/debug/src/vcpkg/packages/sdl2_x64-windows-static/pkg-config.com"
      - "C:/src/vcpkg/installed/x64-windows-static/debug/src/vcpkg/packages/sdl2_x64-windows-static/pkg-config.exe"
      - "C:/src/vcpkg/installed/x64-windows-static/debug/src/vcpkg/packages/sdl2_x64-windows-static/pkg-config"
      - "C:/src/vcpkg/installed/x64-windows-static/debug/src/vcpkg/packages/sdl2_x64-windows-static/pkgconf.com"
      - "C:/src/vcpkg/installed/x64-windows-static/debug/src/vcpkg/packages/sdl2_x64-windows-static/pkgconf.exe"
      - "C:/src/vcpkg/installed/x64-windows-static/debug/src/vcpkg/packages/sdl2_x64-windows-static/pkgconf"
      - "C:/src/vcpkg/installed/x64-windows-static/bin/pkg-config.bat.com"
      - "C:/src/vcpkg/installed/x64-windows-static/bin/pkg-config.bat.exe"
      - "C:/src/vcpkg/installed/x64-windows-static/bin/pkg-config.bat"
      - "C:/src/vcpkg/installed/x64-windows-static/bin/pkg-config.com"
      - "C:/src/vcpkg/installed/x64-windows-static/bin/pkg-config.exe"
      - "C:/src/vcpkg/installed/x64-windows-static/bin/pkg-config"
      - "C:/src/vcpkg/installed/x64-windows-static/bin/pkgconf.com"
      - "C:/src/vcpkg/installed/x64-windows-static/bin/pkgconf.exe"
      - "C:/src/vcpkg/installed/x64-windows-static/bin/pkgconf"
      - "C:/src/vcpkg/installed/x64-windows-static/sbin/pkg-config.bat.com"
      - "C:/src/vcpkg/installed/x64-windows-static/sbin/pkg-config.bat.exe"
      - "C:/src/vcpkg/installed/x64-windows-static/sbin/pkg-config.bat"
      - "C:/src/vcpkg/installed/x64-windows-static/sbin/pkg-config.com"
      - "C:/src/vcpkg/installed/x64-windows-static/sbin/pkg-config.exe"
      - "C:/src/vcpkg/installed/x64-windows-static/sbin/pkg-config"
      - "C:/src/vcpkg/installed/x64-windows-static/sbin/pkgconf.com"
      - "C:/src/vcpkg/installed/x64-windows-static/sbin/pkgconf.exe"
      - "C:/src/vcpkg/installed/x64-windows-static/sbin/pkgconf"
      - "C:/src/vcpkg/installed/x64-windows-static/pkg-config.bat.com"
      - "C:/src/vcpkg/installed/x64-windows-static/pkg-config.bat.exe"
      - "C:/src/vcpkg/installed/x64-windows-static/pkg-config.bat"
      - "C:/src/vcpkg/installed/x64-windows-static/pkg-config.com"
      - "C:/src/vcpkg/installed/x64-windows-static/pkg-config.exe"
      - "C:/src/vcpkg/installed/x64-windows-static/pkg-config"
      - "C:/src/vcpkg/installed/x64-windows-static/pkgconf.com"
      - "C:/src/vcpkg/installed/x64-windows-static/pkgconf.exe"
      - "C:/src/vcpkg/installed/x64-windows-static/pkgconf"
      - "C:/src/vcpkg/installed/x64-windows-static/debug/bin/pkg-config.bat.com"
      - "C:/src/vcpkg/installed/x64-windows-static/debug/bin/pkg-config.bat.exe"
      - "C:/src/vcpkg/installed/x64-windows-static/debug/bin/pkg-config.bat"
      - "C:/src/vcpkg/installed/x64-windows-static/debug/bin/pkg-config.com"
      - "C:/src/vcpkg/installed/x64-windows-static/debug/bin/pkg-config.exe"
      - "C:/src/vcpkg/installed/x64-windows-static/debug/bin/pkg-config"
      - "C:/src/vcpkg/installed/x64-windows-static/debug/bin/pkgconf.com"
      - "C:/src/vcpkg/installed/x64-windows-static/debug/bin/pkgconf.exe"
      - "C:/src/vcpkg/installed/x64-windows-static/debug/bin/pkgconf"
      - "C:/src/vcpkg/installed/x64-windows-static/debug/sbin/pkg-config.bat.com"
      - "C:/src/vcpkg/installed/x64-windows-static/debug/sbin/pkg-config.bat.exe"
      - "C:/src/vcpkg/installed/x64-windows-static/debug/sbin/pkg-config.bat"
      - "C:/src/vcpkg/installed/x64-windows-static/debug/sbin/pkg-config.com"
      - "C:/src/vcpkg/installed/x64-windows-static/debug/sbin/pkg-config.exe"
      - "C:/src/vcpkg/installed/x64-windows-static/debug/sbin/pkg-config"
      - "C:/src/vcpkg/installed/x64-windows-static/debug/sbin/pkgconf.com"
      - "C:/src/vcpkg/installed/x64-windows-static/debug/sbin/pkgconf.exe"
      - "C:/src/vcpkg/installed/x64-windows-static/debug/sbin/pkgconf"
      - "C:/src/vcpkg/installed/x64-windows-static/debug/pkg-config.bat.com"
      - "C:/src/vcpkg/installed/x64-windows-static/debug/pkg-config.bat.exe"
      - "C:/src/vcpkg/installed/x64-windows-static/debug/pkg-config.bat"
      - "C:/src/vcpkg/installed/x64-windows-static/debug/pkg-config.com"
      - "C:/src/vcpkg/installed/x64-windows-static/debug/pkg-config.exe"
      - "C:/src/vcpkg/installed/x64-windows-static/debug/pkg-config"
      - "C:/src/vcpkg/installed/x64-windows-static/debug/pkgconf.com"
      - "C:/src/vcpkg/installed/x64-windows-static/debug/pkgconf.exe"
      - "C:/src/vcpkg/installed/x64-windows-static/debug/pkgconf"
      - "C:/src/vcpkg/installed/x64-windows-static/tools/pkg-config.bat.com"
      - "C:/src/vcpkg/installed/x64-windows-static/tools/pkg-config.bat.exe"
      - "C:/src/vcpkg/installed/x64-windows-static/tools/pkg-config.bat"
      - "C:/src/vcpkg/installed/x64-windows-static/tools/pkg-config.com"
      - "C:/src/vcpkg/installed/x64-windows-static/tools/pkg-config.exe"
      - "C:/src/vcpkg/installed/x64-windows-static/tools/pkg-config"
      - "C:/src/vcpkg/installed/x64-windows-static/tools/pkgconf.com"
      - "C:/src/vcpkg/installed/x64-windows-static/tools/pkgconf.exe"
      - "C:/src/vcpkg/installed/x64-windows-static/tools/pkgconf"
      - "C:/Program Files/Microsoft Visual Studio/2022/Community/VC/Tools/MSVC/14.44.35207/bin/Hostx64/x64/pkg-config.bat.com"
      - "C:/Program Files/Microsoft Visual Studio/2022/Community/VC/Tools/MSVC/14.44.35207/bin/Hostx64/x64/pkg-config.bat.exe"
      - "C:/Program Files/Microsoft Visual Studio/2022/Community/VC/Tools/MSVC/14.44.35207/bin/Hostx64/x64/pkg-config.bat"
      - "C:/Program Files/Microsoft Visual Studio/2022/Community/VC/Tools/MSVC/14.44.35207/bin/Hostx64/x64/pkg-config.com"
      - "C:/Program Files/Microsoft Visual Studio/2022/Community/VC/Tools/MSVC/14.44.35207/bin/Hostx64/x64/pkg-config.exe"
      - "C:/Program Files/Microsoft Visual Studio/2022/Community/VC/Tools/MSVC/14.44.35207/bin/Hostx64/x64/pkg-config"
      - "C:/Program Files/Microsoft Visual Studio/2022/Community/VC/Tools/MSVC/14.44.35207/bin/Hostx64/x64/pkgconf.com"
      - "C:/Program Files/Microsoft Visual Studio/2022/Community/VC/Tools/MSVC/14.44.35207/bin/Hostx64/x64/pkgconf.exe"
      - "C:/Program Files/Microsoft Visual Studio/2022/Community/VC/Tools/MSVC/14.44.35207/bin/Hostx64/x64/pkgconf"
      - "C:/Program Files/Microsoft Visual Studio/2022/Community/Common7/IDE/VC/vcpackages/pkg-config.bat.com"
      - "C:/Program Files/Microsoft Visual Studio/2022/Community/Common7/IDE/VC/vcpackages/pkg-config.bat.exe"
      - "C:/Program Files/Microsoft Visual Studio/2022/Community/Common7/IDE/VC/vcpackages/pkg-config.bat"
      - "C:/Program Files/Microsoft Visual Studio/2022/Community/Common7/IDE/VC/vcpackages/pkg-config.com"
      - "C:/Program Files/Microsoft Visual Studio/2022/Community/Common7/IDE/VC/vcpackages/pkg-config.exe"
      - "C:/Program Files/Microsoft Visual Studio/2022/Community/Common7/IDE/VC/vcpackages/pkg-config"
      - "C:/Program Files/Microsoft Visual Studio/2022/Community/Common7/IDE/VC/vcpackages/pkgconf.com"
      - "C:/Program Files/Microsoft Visual Studio/2022/Community/Common7/IDE/VC/vcpackages/pkgconf.exe"
      - "C:/Program Files/Microsoft Visual Studio/2022/Community/Common7/IDE/VC/vcpackages/pkgconf"
      - "C:/Program Files/Microsoft Visual Studio/2022/Community/Common7/IDE/CommonExtensions/Microsoft/TestWindow/pkg-config.bat.com"
      - "C:/Program Files/Microsoft Visual Studio/2022/Community/Common7/IDE/CommonExtensions/Microsoft/TestWindow/pkg-config.bat.exe"
      - "C:/Program Files/Microsoft Visual Studio/2022/Community/Common7/IDE/CommonExtensions/Microsoft/TestWindow/pkg-config.bat"
      - "C:/Program Files/Microsoft Visual Studio/2022/Community/Common7/IDE/CommonExtensions/Microsoft/TestWindow/pkg-config.com"
      - "C:/Program Files/Microsoft Visual Studio/2022/Community/Common7/IDE/CommonExtensions/Microsoft/TestWindow/pkg-config.exe"
      - "C:/Program Files/Microsoft Visual Studio/2022/Community/Common7/IDE/CommonExtensions/Microsoft/TestWindow/pkg-config"
      - "C:/Program Files/Microsoft Visual Studio/2022/Community/Common7/IDE/CommonExtensions/Microsoft/TestWindow/pkgconf.com"
      - "C:/Program Files/Microsoft Visual Studio/2022/Community/Common7/IDE/CommonExtensions/Microsoft/TestWindow/pkgconf.exe"
      - "C:/Program Files/Microsoft Visual Studio/2022/Community/Common7/IDE/CommonExtensions/Microsoft/TestWindow/pkgconf"
      - "C:/Program Files/Microsoft Visual Studio/2022/Community/Common7/IDE/CommonExtensions/Microsoft/TeamFoundation/Team Explorer/pkg-config.bat.com"
      - "C:/Program Files/Microsoft Visual Studio/2022/Community/Common7/IDE/CommonExtensions/Microsoft/TeamFoundation/Team Explorer/pkg-config.bat.exe"
      - "C:/Program Files/Microsoft Visual Studio/2022/Community/Common7/IDE/CommonExtensions/Microsoft/TeamFoundation/Team Explorer/pkg-config.bat"
      - "C:/Program Files/Microsoft Visual Studio/2022/Community/Common7/IDE/CommonExtensions/Microsoft/TeamFoundation/Team Explorer/pkg-config.com"
      - "C:/Program Files/Microsoft Visual Studio/2022/Community/Common7/IDE/CommonExtensions/Microsoft/TeamFoundation/Team Explorer/pkg-config.exe"
      - "C:/Program Files/Microsoft Visual Studio/2022/Community/Common7/IDE/CommonExtensions/Microsoft/TeamFoundation/Team Explorer/pkg-config"
      - "C:/Program Files/Microsoft Visual Studio/2022/Community/Common7/IDE/CommonExtensions/Microsoft/TeamFoundation/Team Explorer/pkgconf.com"
      - "C:/Program Files/Microsoft Visual Studio/2022/Community/Common7/IDE/CommonExtensions/Microsoft/TeamFoundation/Team Explorer/pkgconf.exe"
      - "C:/Program Files/Microsoft Visual Studio/2022/Community/Common7/IDE/CommonExtensions/Microsoft/TeamFoundation/Team Explorer/pkgconf"
      - "C:/Program Files/Microsoft Visual Studio/2022/Community/MSBuild/Current/Bin/Roslyn/pkg-config.bat.com"
      - "C:/Program Files/Microsoft Visual Studio/2022/Community/MSBuild/Current/Bin/Roslyn/pkg-config.bat.exe"
      - "C:/Program Files/Microsoft Visual Studio/2022/Community/MSBuild/Current/Bin/Roslyn/pkg-config.bat"
      - "C:/Program Files/Microsoft Visual Studio/2022/Community/MSBuild/Current/Bin/Roslyn/pkg-config.com"
      - "C:/Program Files/Microsoft Visual Studio/2022/Community/MSBuild/Current/Bin/Roslyn/pkg-config.exe"
      - "C:/Program Files/Microsoft Visual Studio/2022/Community/MSBuild/Current/Bin/Roslyn/pkg-config"
      - "C:/Program Files/Microsoft Visual Studio/2022/Community/MSBuild/Current/Bin/Roslyn/pkgconf.com"
      - "C:/Program Files/Microsoft Visual Studio/2022/Community/MSBuild/Current/Bin/Roslyn/pkgconf.exe"
      - "C:/Program Files/Microsoft Visual Studio/2022/Community/MSBuild/Current/Bin/Roslyn/pkgconf"
      - "C:/Program Files (x86)/Microsoft SDKs/Windows/v10.0A/bin/NETFX 4.8 Tools/x64/pkg-config.bat.com"
      - "C:/Program Files (x86)/Microsoft SDKs/Windows/v10.0A/bin/NETFX 4.8 Tools/x64/pkg-config.bat.exe"
      - "C:/Program Files (x86)/Microsoft SDKs/Windows/v10.0A/bin/NETFX 4.8 Tools/x64/pkg-config.bat"
      - "C:/Program Files (x86)/Microsoft SDKs/Windows/v10.0A/bin/NETFX 4.8 Tools/x64/pkg-config.com"
      - "C:/Program Files (x86)/Microsoft SDKs/Windows/v10.0A/bin/NETFX 4.8 Tools/x64/pkg-config.exe"
      - "C:/Program Files (x86)/Microsoft SDKs/Windows/v10.0A/bin/NETFX 4.8 Tools/x64/pkg-config"
      - "C:/Program Files (x86)/Microsoft SDKs/Windows/v10.0A/bin/NETFX 4.8 Tools/x64/pkgconf.com"
      - "C:/Program Files (x86)/Microsoft SDKs/Windows/v10.0A/bin/NETFX 4.8 Tools/x64/pkgconf.exe"
      - "C:/Program Files (x86)/Microsoft SDKs/Windows/v10.0A/bin/NETFX 4.8 Tools/x64/pkgconf"
      - "C:/Program Files/Microsoft Visual Studio/2022/Community/Common7/IDE/CommonExtensions/Microsoft/FSharp/Tools/pkg-config.bat.com"
      - "C:/Program Files/Microsoft Visual Studio/2022/Community/Common7/IDE/CommonExtensions/Microsoft/FSharp/Tools/pkg-config.bat.exe"
      - "C:/Program Files/Microsoft Visual Studio/2022/Community/Common7/IDE/CommonExtensions/Microsoft/FSharp/Tools/pkg-config.bat"
      - "C:/Program Files/Microsoft Visual Studio/2022/Community/Common7/IDE/CommonExtensions/Microsoft/FSharp/Tools/pkg-config.com"
      - "C:/Program Files/Microsoft Visual Studio/2022/Community/Common7/IDE/CommonExtensions/Microsoft/FSharp/Tools/pkg-config.exe"
      - "C:/Program Files/Microsoft Visual Studio/2022/Community/Common7/IDE/CommonExtensions/Microsoft/FSharp/Tools/pkg-config"
      - "C:/Program Files/Microsoft Visual Studio/2022/Community/Common7/IDE/CommonExtensions/Microsoft/FSharp/Tools/pkgconf.com"
      - "C:/Program Files/Microsoft Visual Studio/2022/Community/Common7/IDE/CommonExtensions/Microsoft/FSharp/Tools/pkgconf.exe"
      - "C:/Program Files/Microsoft Visual Studio/2022/Community/Common7/IDE/CommonExtensions/Microsoft/FSharp/Tools/pkgconf"
      - "C:/Program Files/Microsoft Visual Studio/2022/Community/Team Tools/DiagnosticsHub/Collector/pkg-config.bat.com"
      - "C:/Program Files/Microsoft Visual Studio/2022/Community/Team Tools/DiagnosticsHub/Collector/pkg-config.bat.exe"
      - "C:/Program Files/Microsoft Visual Studio/2022/Community/Team Tools/DiagnosticsHub/Collector/pkg-config.bat"
      - "C:/Program Files/Microsoft Visual Studio/2022/Community/Team Tools/DiagnosticsHub/Collector/pkg-config.com"
      - "C:/Program Files/Microsoft Visual Studio/2022/Community/Team Tools/DiagnosticsHub/Collector/pkg-config.exe"
      - "C:/Program Files/Microsoft Visual Studio/2022/Community/Team Tools/DiagnosticsHub/Collector/pkg-config"
      - "C:/Program Files/Microsoft Visual Studio/2022/Community/Team Tools/DiagnosticsHub/Collector/pkgconf.com"
      - "C:/Program Files/Microsoft Visual Studio/2022/Community/Team Tools/DiagnosticsHub/Collector/pkgconf.exe"
      - "C:/Program Files/Microsoft Visual Studio/2022/Community/Team Tools/DiagnosticsHub/Collector/pkgconf"
      - "C:/Program Files (x86)/Windows Kits/10/bin/10.0.26100.0/x64/pkg-config.bat.com"
      - "C:/Program Files (x86)/Windows Kits/10/bin/10.0.26100.0/x64/pkg-config.bat.exe"
      - "C:/Program Files (x86)/Windows Kits/10/bin/10.0.26100.0/x64/pkg-config.bat"
      - "C:/Program Files (x86)/Windows Kits/10/bin/10.0.26100.0/x64/pkg-config.com"
      - "C:/Program Files (x86)/Windows Kits/10/bin/10.0.26100.0/x64/pkg-config.exe"
      - "C:/Program Files (x86)/Windows Kits/10/bin/10.0.26100.0/x64/pkg-config"
      - "C:/Program Files (x86)/Windows Kits/10/bin/10.0.26100.0/x64/pkgconf.com"
      - "C:/Program Files (x86)/Windows Kits/10/bin/10.0.26100.0/x64/pkgconf.exe"
      - "C:/Program Files (x86)/Windows Kits/10/bin/10.0.26100.0/x64/pkgconf"
      - "C:/Program Files (x86)/Windows Kits/10/bin/x64/pkg-config.bat.com"
      - "C:/Program Files (x86)/Windows Kits/10/bin/x64/pkg-config.bat.exe"
      - "C:/Program Files (x86)/Windows Kits/10/bin/x64/pkg-config.bat"
      - "C:/Program Files (x86)/Windows Kits/10/bin/x64/pkg-config.com"
      - "C:/Program Files (x86)/Windows Kits/10/bin/x64/pkg-config.exe"
      - "C:/Program Files (x86)/Windows Kits/10/bin/x64/pkg-config"
      - "C:/Program Files (x86)/Windows Kits/10/bin/x64/pkgconf.com"
      - "C:/Program Files (x86)/Windows Kits/10/bin/x64/pkgconf.exe"
      - "C:/Program Files (x86)/Windows Kits/10/bin/x64/pkgconf"
      - "C:/Program Files/Microsoft Visual Studio/2022/Community/MSBuild/Current/Bin/amd64/pkg-config.bat.com"
      - "C:/Program Files/Microsoft Visual Studio/2022/Community/MSBuild/Current/Bin/amd64/pkg-config.bat.exe"
      - "C:/Program Files/Microsoft Visual Studio/2022/Community/MSBuild/Current/Bin/amd64/pkg-config.bat"
      - "C:/Program Files/Microsoft Visual Studio/2022/Community/MSBuild/Current/Bin/amd64/pkg-config.com"
      - "C:/Program Files/Microsoft Visual Studio/2022/Community/MSBuild/Current/Bin/amd64/pkg-config.exe"
      - "C:/Program Files/Microsoft Visual Studio/2022/Community/MSBuild/Current/Bin/amd64/pkg-config"
      - "C:/Program Files/Microsoft Visual Studio/2022/Community/MSBuild/Current/Bin/amd64/pkgconf.com"
      - "C:/Program Files/Microsoft Visual Studio/2022/Community/MSBuild/Current/Bin/amd64/pkgconf.exe"
      - "C:/Program Files/Microsoft Visual Studio/2022/Community/MSBuild/Current/Bin/amd64/pkgconf"
      - "C:/Windows/Microsoft.NET/Framework64/v4.0.30319/pkg-config.bat.com"
      - "C:/Windows/Microsoft.NET/Framework64/v4.0.30319/pkg-config.bat.exe"
      - "C:/Windows/Microsoft.NET/Framework64/v4.0.30319/pkg-config.bat"
      - "C:/Windows/Microsoft.NET/Framework64/v4.0.30319/pkg-config.com"
      - "C:/Windows/Microsoft.NET/Framework64/v4.0.30319/pkg-config.exe"
      - "C:/Windows/Microsoft.NET/Framework64/v4.0.30319/pkg-config"
      - "C:/Windows/Microsoft.NET/Framework64/v4.0.30319/pkgconf.com"
      - "C:/Windows/Microsoft.NET/Framework64/v4.0.30319/pkgconf.exe"
      - "C:/Windows/Microsoft.NET/Framework64/v4.0.30319/pkgconf"
      - "C:/Program Files/Microsoft Visual Studio/2022/Community/Common7/IDE/pkg-config.bat.com"
      - "C:/Program Files/Microsoft Visual Studio/2022/Community/Common7/IDE/pkg-config.bat.exe"
      - "C:/Program Files/Microsoft Visual Studio/2022/Community/Common7/IDE/pkg-config.bat"
      - "C:/Program Files/Microsoft Visual Studio/2022/Community/Common7/IDE/pkg-config.com"
      - "C:/Program Files/Microsoft Visual Studio/2022/Community/Common7/IDE/pkg-config.exe"
      - "C:/Program Files/Microsoft Visual Studio/2022/Community/Common7/IDE/pkg-config"
      - "C:/Program Files/Microsoft Visual Studio/2022/Community/Common7/IDE/pkgconf.com"
      - "C:/Program Files/Microsoft Visual Studio/2022/Community/Common7/IDE/pkgconf.exe"
      - "C:/Program Files/Microsoft Visual Studio/2022/Community/Common7/IDE/pkgconf"
      - "C:/Program Files/Microsoft Visual Studio/2022/Community/Common7/Tools/pkg-config.bat.com"
      - "C:/Program Files/Microsoft Visual Studio/2022/Community/Common7/Tools/pkg-config.bat.exe"
      - "C:/Program Files/Microsoft Visual Studio/2022/Community/Common7/Tools/pkg-config.bat"
      - "C:/Program Files/Microsoft Visual Studio/2022/Community/Common7/Tools/pkg-config.com"
      - "C:/Program Files/Microsoft Visual Studio/2022/Community/Common7/Tools/pkg-config.exe"
      - "C:/Program Files/Microsoft Visual Studio/2022/Community/Common7/Tools/pkg-config"
      - "C:/Program Files/Microsoft Visual Studio/2022/Community/Common7/Tools/pkgconf.com"
      - "C:/Program Files/Microsoft Visual Studio/2022/Community/Common7/Tools/pkgconf.exe"
      - "C:/Program Files/Microsoft Visual Studio/2022/Community/Common7/Tools/pkgconf"
      - "C:/src/vcpkg/downloads/tools/powershell-core-7.6.4-windows/pkg-config.bat.com"
      - "C:/src/vcpkg/downloads/tools/powershell-core-7.6.4-windows/pkg-config.bat.exe"
      - "C:/src/vcpkg/downloads/tools/powershell-core-7.6.4-windows/pkg-config.bat"
      - "C:/src/vcpkg/downloads/tools/powershell-core-7.6.4-windows/pkg-config.com"
      - "C:/src/vcpkg/downloads/tools/powershell-core-7.6.4-windows/pkg-config.exe"
      - "C:/src/vcpkg/downloads/tools/powershell-core-7.6.4-windows/pkg-config"
      - "C:/src/vcpkg/downloads/tools/powershell-core-7.6.4-windows/pkgconf.com"
      - "C:/src/vcpkg/downloads/tools/powershell-core-7.6.4-windows/pkgconf.exe"
      - "C:/src/vcpkg/downloads/tools/powershell-core-7.6.4-windows/pkgconf"
      - "C:/Windows/System32/pkg-config.bat.com"
      - "C:/Windows/System32/pkg-config.bat.exe"
      - "C:/Windows/System32/pkg-config.bat"
      - "C:/Windows/System32/pkg-config.com"
      - "C:/Windows/System32/pkg-config.exe"
      - "C:/Windows/System32/pkg-config"
      - "C:/Windows/System32/pkgconf.com"
      - "C:/Windows/System32/pkgconf.exe"
      - "C:/Windows/System32/pkgconf"
      - "C:/Windows/pkg-config.bat.com"
      - "C:/Windows/pkg-config.bat.exe"
      - "C:/Windows/pkg-config.bat"
      - "C:/Windows/pkg-config.com"
      - "C:/Windows/pkg-config.exe"
      - "C:/Windows/pkg-config"
      - "C:/Windows/pkgconf.com"
      - "C:/Windows/pkgconf.exe"
      - "C:/Windows/pkgconf"
      - "C:/Windows/System32/wbem/pkg-config.bat.com"
      - "C:/Windows/System32/wbem/pkg-config.bat.exe"
      - "C:/Windows/System32/wbem/pkg-config.bat"
      - "C:/Windows/System32/wbem/pkg-config.com"
      - "C:/Windows/System32/wbem/pkg-config.exe"
      - "C:/Windows/System32/wbem/pkg-config"
      - "C:/Windows/System32/wbem/pkgconf.com"
      - "C:/Windows/System32/wbem/pkgconf.exe"
      - "C:/Windows/System32/wbem/pkgconf"
      - "C:/Windows/System32/WindowsPowerShell/v1.0/pkg-config.bat.com"
      - "C:/Windows/System32/WindowsPowerShell/v1.0/pkg-config.bat.exe"
      - "C:/Windows/System32/WindowsPowerShell/v1.0/pkg-config.bat"
      - "C:/Windows/System32/WindowsPowerShell/v1.0/pkg-config.com"
      - "C:/Windows/System32/WindowsPowerShell/v1.0/pkg-config.exe"
      - "C:/Windows/System32/WindowsPowerShell/v1.0/pkg-config"
      - "C:/Windows/System32/WindowsPowerShell/v1.0/pkgconf.com"
      - "C:/Windows/System32/WindowsPowerShell/v1.0/pkgconf.exe"
      - "C:/Windows/System32/WindowsPowerShell/v1.0/pkgconf"
      - "C:/Windows/System32/OpenSSH/pkg-config.bat.com"
      - "C:/Windows/System32/OpenSSH/pkg-config.bat.exe"
      - "C:/Windows/System32/OpenSSH/pkg-config.bat"
      - "C:/Windows/System32/OpenSSH/pkg-config.com"
      - "C:/Windows/System32/OpenSSH/pkg-config.exe"
      - "C:/Windows/System32/OpenSSH/pkg-config"
      - "C:/Windows/System32/OpenSSH/pkgconf.com"
      - "C:/Windows/System32/OpenSSH/pkgconf.exe"
      - "C:/Windows/System32/OpenSSH/pkgconf"
      - "C:/Program Files/Microsoft Visual Studio/2022/Community/Common7/IDE/CommonExtensions/Microsoft/CMake/CMake/bin/pkg-config.bat.com"
      - "C:/Program Files/Microsoft Visual Studio/2022/Community/Common7/IDE/CommonExtensions/Microsoft/CMake/CMake/bin/pkg-config.bat.exe"
      - "C:/Program Files/Microsoft Visual Studio/2022/Community/Common7/IDE/CommonExtensions/Microsoft/CMake/CMake/bin/pkg-config.bat"
      - "C:/Program Files/Microsoft Visual Studio/2022/Community/Common7/IDE/CommonExtensions/Microsoft/CMake/CMake/bin/pkg-config.com"
      - "C:/Program Files/Microsoft Visual Studio/2022/Community/Common7/IDE/CommonExtensions/Microsoft/CMake/CMake/bin/pkg-config.exe"
      - "C:/Program Files/Microsoft Visual Studio/2022/Community/Common7/IDE/CommonExtensions/Microsoft/CMake/CMake/bin/pkg-config"
      - "C:/Program Files/Microsoft Visual Studio/2022/Community/Common7/IDE/CommonExtensions/Microsoft/CMake/CMake/bin/pkgconf.com"
      - "C:/Program Files/Microsoft Visual Studio/2022/Community/Common7/IDE/CommonExtensions/Microsoft/CMake/CMake/bin/pkgconf.exe"
      - "C:/Program Files/Microsoft Visual Studio/2022/Community/Common7/IDE/CommonExtensions/Microsoft/CMake/CMake/bin/pkgconf"
      - "C:/Program Files/Microsoft Visual Studio/2022/Community/Common7/IDE/CommonExtensions/Microsoft/CMake/Ninja/pkg-config.bat.com"
      - "C:/Program Files/Microsoft Visual Studio/2022/Community/Common7/IDE/CommonExtensions/Microsoft/CMake/Ninja/pkg-config.bat.exe"
      - "C:/Program Files/Microsoft Visual Studio/2022/Community/Common7/IDE/CommonExtensions/Microsoft/CMake/Ninja/pkg-config.bat"
      - "C:/Program Files/Microsoft Visual Studio/2022/Community/Common7/IDE/CommonExtensions/Microsoft/CMake/Ninja/pkg-config.com"
      - "C:/Program Files/Microsoft Visual Studio/2022/Community/Common7/IDE/CommonExtensions/Microsoft/CMake/Ninja/pkg-config.exe"
      - "C:/Program Files/Microsoft Visual Studio/2022/Community/Common7/IDE/CommonExtensions/Microsoft/CMake/Ninja/pkg-config"
      - "C:/Program Files/Microsoft Visual Studio/2022/Community/Common7/IDE/CommonExtensions/Microsoft/CMake/Ninja/pkgconf.com"
      - "C:/Program Files/Microsoft Visual Studio/2022/Community/Common7/IDE/CommonExtensions/Microsoft/CMake/Ninja/pkgconf.exe"
      - "C:/Program Files/Microsoft Visual Studio/2022/Community/Common7/IDE/CommonExtensions/Microsoft/CMake/Ninja/pkgconf"
      - "C:/Program Files/Microsoft Visual Studio/2022/Community/Common7/IDE/VC/Linux/bin/ConnectionManagerExe/pkg-config.bat.com"
      - "C:/Program Files/Microsoft Visual Studio/2022/Community/Common7/IDE/VC/Linux/bin/ConnectionManagerExe/pkg-config.bat.exe"
      - "C:/Program Files/Microsoft Visual Studio/2022/Community/Common7/IDE/VC/Linux/bin/ConnectionManagerExe/pkg-config.bat"
      - "C:/Program Files/Microsoft Visual Studio/2022/Community/Common7/IDE/VC/Linux/bin/ConnectionManagerExe/pkg-config.com"
      - "C:/Program Files/Microsoft Visual Studio/2022/Community/Common7/IDE/VC/Linux/bin/ConnectionManagerExe/pkg-config.exe"
      - "C:/Program Files/Microsoft Visual Studio/2022/Community/Common7/IDE/VC/Linux/bin/ConnectionManagerExe/pkg-config"
      - "C:/Program Files/Microsoft Visual Studio/2022/Community/Common7/IDE/VC/Linux/bin/ConnectionManagerExe/pkgconf.com"
      - "C:/Program Files/Microsoft Visual Studio/2022/Community/Common7/IDE/VC/Linux/bin/ConnectionManagerExe/pkgconf.exe"
      - "C:/Program Files/Microsoft Visual Studio/2022/Community/Common7/IDE/VC/Linux/bin/ConnectionManagerExe/pkgconf"
      - "C:/Program Files/Microsoft Visual Studio/2022/Community/VC/vcpkg/pkg-config.bat.com"
      - "C:/Program Files/Microsoft Visual Studio/2022/Community/VC/vcpkg/pkg-config.bat.exe"
      - "C:/Program Files/Microsoft Visual Studio/2022/Community/VC/vcpkg/pkg-config.bat"
      - "C:/Program Files/Microsoft Visual Studio/2022/Community/VC/vcpkg/pkg-config.com"
      - "C:/Program Files/Microsoft Visual Studio/2022/Community/VC/vcpkg/pkg-config.exe"
      - "C:/Program Files/Microsoft Visual Studio/2022/Community/VC/vcpkg/pkg-config"
      - "C:/Program Files/Microsoft Visual Studio/2022/Community/VC/vcpkg/pkgconf.com"
      - "C:/Program Files/Microsoft Visual Studio/2022/Community/VC/vcpkg/pkgconf.exe"
      - "C:/Program Files/Microsoft Visual Studio/2022/Community/VC/vcpkg/pkgconf"
      - "C:/src/vcpkg/downloads/tools/ninja-1.13.2-windows/pkg-config.bat.com"
      - "C:/src/vcpkg/downloads/tools/ninja-1.13.2-windows/pkg-config.bat.exe"
      - "C:/src/vcpkg/downloads/tools/ninja-1.13.2-windows/pkg-config.bat"
      - "C:/src/vcpkg/downloads/tools/ninja-1.13.2-windows/pkg-config.com"
      - "C:/src/vcpkg/downloads/tools/ninja-1.13.2-windows/pkg-config.exe"
      - "C:/src/vcpkg/downloads/tools/ninja-1.13.2-windows/pkg-config"
      - "C:/src/vcpkg/downloads/tools/ninja-1.13.2-windows/pkgconf.com"
      - "C:/src/vcpkg/downloads/tools/ninja-1.13.2-windows/pkgconf.exe"
      - "C:/src/vcpkg/downloads/tools/ninja-1.13.2-windows/pkgconf"
      - "C:/Program Files/bin/pkg-config.bat.com"
      - "C:/Program Files/bin/pkg-config.bat.exe"
      - "C:/Program Files/bin/pkg-config.bat"
      - "C:/Program Files/bin/pkg-config.com"
      - "C:/Program Files/bin/pkg-config.exe"
      - "C:/Program Files/bin/pkg-config"
      - "C:/Program Files/bin/pkgconf.com"
      - "C:/Program Files/bin/pkgconf.exe"
      - "C:/Program Files/bin/pkgconf"
      - "C:/Program Files/sbin/pkg-config.bat.com"
      - "C:/Program Files/sbin/pkg-config.bat.exe"
      - "C:/Program Files/sbin/pkg-config.bat"
      - "C:/Program Files/sbin/pkg-config.com"
      - "C:/Program Files/sbin/pkg-config.exe"
      - "C:/Program Files/sbin/pkg-config"
      - "C:/Program Files/sbin/pkgconf.com"
      - "C:/Program Files/sbin/pkgconf.exe"
      - "C:/Program Files/sbin/pkgconf"
      - "C:/Program Files/pkg-config.bat.com"
      - "C:/Program Files/pkg-config.bat.exe"
      - "C:/Program Files/pkg-config.bat"
      - "C:/Program Files/pkg-config.com"
      - "C:/Program Files/pkg-config.exe"
      - "C:/Program Files/pkg-config"
      - "C:/Program Files/pkgconf.com"
      - "C:/Program Files/pkgconf.exe"
      - "C:/Program Files/pkgconf"
      - "C:/Program Files (x86)/bin/pkg-config.bat.com"
      - "C:/Program Files (x86)/bin/pkg-config.bat.exe"
      - "C:/Program Files (x86)/bin/pkg-config.bat"
      - "C:/Program Files (x86)/bin/pkg-config.com"
      - "C:/Program Files (x86)/bin/pkg-config.exe"
      - "C:/Program Files (x86)/bin/pkg-config"
      - "C:/Program Files (x86)/bin/pkgconf.com"
      - "C:/Program Files (x86)/bin/pkgconf.exe"
      - "C:/Program Files (x86)/bin/pkgconf"
      - "C:/Program Files (x86)/sbin/pkg-config.bat.com"
      - "C:/Program Files (x86)/sbin/pkg-config.bat.exe"
      - "C:/Program Files (x86)/sbin/pkg-config.bat"
      - "C:/Program Files (x86)/sbin/pkg-config.com"
      - "C:/Program Files (x86)/sbin/pkg-config.exe"
      - "C:/Program Files (x86)/sbin/pkg-config"
      - "C:/Program Files (x86)/sbin/pkgconf.com"
      - "C:/Program Files (x86)/sbin/pkgconf.exe"
      - "C:/Program Files (x86)/sbin/pkgconf"
      - "C:/Program Files (x86)/pkg-config.bat.com"
      - "C:/Program Files (x86)/pkg-config.bat.exe"
      - "C:/Program Files (x86)/pkg-config.bat"
      - "C:/Program Files (x86)/pkg-config.com"
      - "C:/Program Files (x86)/pkg-config.exe"
      - "C:/Program Files (x86)/pkg-config"
      - "C:/Program Files (x86)/pkgconf.com"
      - "C:/Program Files (x86)/pkgconf.exe"
      - "C:/Program Files (x86)/pkgconf"
      - "C:/Program Files/CMake/bin/pkg-config.bat.com"
      - "C:/Program Files/CMake/bin/pkg-config.bat.exe"
      - "C:/Program Files/CMake/bin/pkg-config.bat"
      - "C:/Program Files/CMake/bin/pkg-config.com"
      - "C:/Program Files/CMake/bin/pkg-config.exe"
      - "C:/Program Files/CMake/bin/pkg-config"
      - "C:/Program Files/CMake/bin/pkgconf.com"
      - "C:/Program Files/CMake/bin/pkgconf.exe"
      - "C:/Program Files/CMake/bin/pkgconf"
      - "C:/Program Files/CMake/sbin/pkg-config.bat.com"
      - "C:/Program Files/CMake/sbin/pkg-config.bat.exe"
      - "C:/Program Files/CMake/sbin/pkg-config.bat"
      - "C:/Program Files/CMake/sbin/pkg-config.com"
      - "C:/Program Files/CMake/sbin/pkg-config.exe"
      - "C:/Program Files/CMake/sbin/pkg-config"
      - "C:/Program Files/CMake/sbin/pkgconf.com"
      - "C:/Program Files/CMake/sbin/pkgconf.exe"
      - "C:/Program Files/CMake/sbin/pkgconf"
      - "C:/Program Files/CMake/pkg-config.bat.com"
      - "C:/Program Files/CMake/pkg-config.bat.exe"
      - "C:/Program Files/CMake/pkg-config.bat"
      - "C:/Program Files/CMake/pkg-config.com"
      - "C:/Program Files/CMake/pkg-config.exe"
      - "C:/Program Files/CMake/pkg-config"
      - "C:/Program Files/CMake/pkgconf.com"
      - "C:/Program Files/CMake/pkgconf.exe"
      - "C:/Program Files/CMake/pkgconf"
      - "C:/src/vcpkg/packages/sdl2_x64-windows-static/bin/pkg-config.bat.com"
      - "C:/src/vcpkg/packages/sdl2_x64-windows-static/bin/pkg-config.bat.exe"
      - "C:/src/vcpkg/packages/sdl2_x64-windows-static/bin/pkg-config.bat"
      - "C:/src/vcpkg/packages/sdl2_x64-windows-static/bin/pkg-config.com"
      - "C:/src/vcpkg/packages/sdl2_x64-windows-static/bin/pkg-config.exe"
      - "C:/src/vcpkg/packages/sdl2_x64-windows-static/bin/pkg-config"
      - "C:/src/vcpkg/packages/sdl2_x64-windows-static/bin/pkgconf.com"
      - "C:/src/vcpkg/packages/sdl2_x64-windows-static/bin/pkgconf.exe"
      - "C:/src/vcpkg/packages/sdl2_x64-windows-static/bin/pkgconf"
      - "C:/src/vcpkg/packages/sdl2_x64-windows-static/sbin/pkg-config.bat.com"
      - "C:/src/vcpkg/packages/sdl2_x64-windows-static/sbin/pkg-config.bat.exe"
      - "C:/src/vcpkg/packages/sdl2_x64-windows-static/sbin/pkg-config.bat"
      - "C:/src/vcpkg/packages/sdl2_x64-windows-static/sbin/pkg-config.com"
      - "C:/src/vcpkg/packages/sdl2_x64-windows-static/sbin/pkg-config.exe"
      - "C:/src/vcpkg/packages/sdl2_x64-windows-static/sbin/pkg-config"
      - "C:/src/vcpkg/packages/sdl2_x64-windows-static/sbin/pkgconf.com"
      - "C:/src/vcpkg/packages/sdl2_x64-windows-static/sbin/pkgconf.exe"
      - "C:/src/vcpkg/packages/sdl2_x64-windows-static/sbin/pkgconf"
      - "C:/src/vcpkg/packages/sdl2_x64-windows-static/pkg-config.bat.com"
      - "C:/src/vcpkg/packages/sdl2_x64-windows-static/pkg-config.bat.exe"
      - "C:/src/vcpkg/packages/sdl2_x64-windows-static/pkg-config.bat"
      - "C:/src/vcpkg/packages/sdl2_x64-windows-static/pkg-config.com"
      - "C:/src/vcpkg/packages/sdl2_x64-windows-static/pkg-config.exe"
      - "C:/src/vcpkg/packages/sdl2_x64-windows-static/pkg-config"
      - "C:/src/vcpkg/packages/sdl2_x64-windows-static/pkgconf.com"
      - "C:/src/vcpkg/packages/sdl2_x64-windows-static/pkgconf.exe"
      - "C:/src/vcpkg/packages/sdl2_x64-windows-static/pkgconf"
    found: false
    search_context:
      CMAKE_PROGRAM_PATH:
        - "C:/src/vcpkg/installed/x64-windows-static/tools"
      CMAKE_PREFIX_PATH:
        - "C:/src/vcpkg/installed/x64-windows-static"
        - "C:/src/vcpkg/installed/x64-windows-static/debug"
      ENV{PATH}:
        - "C:\\Program Files\\Microsoft Visual Studio\\2022\\Community\\VC\\Tools\\MSVC\\14.44.35207\\bin\\HostX64\\x64"
        - "C:\\Program Files\\Microsoft Visual Studio\\2022\\Community\\Common7\\IDE\\VC\\VCPackages"
        - "C:\\Program Files\\Microsoft Visual Studio\\2022\\Community\\Common7\\IDE\\CommonExtensions\\Microsoft\\TestWindow"
        - "C:\\Program Files\\Microsoft Visual Studio\\2022\\Community\\Common7\\IDE\\CommonExtensions\\Microsoft\\TeamFoundation\\Team Explorer"
        - "C:\\Program Files\\Microsoft Visual Studio\\2022\\Community\\MSBuild\\Current\\bin\\Roslyn"
        - "C:\\Program Files (x86)\\Microsoft SDKs\\Windows\\v10.0A\\bin\\NETFX 4.8 Tools\\x64\\"
        - "C:\\Program Files\\Microsoft Visual Studio\\2022\\Community\\Common7\\IDE\\CommonExtensions\\Microsoft\\FSharp\\Tools"
        - "C:\\Program Files\\Microsoft Visual Studio\\2022\\Community\\Team Tools\\DiagnosticsHub\\Collector"
        - "C:\\Program Files (x86)\\Windows Kits\\10\\bin\\10.0.26100.0\\x64"
        - "C:\\Program Files (x86)\\Windows Kits\\10\\bin\\x64"
        - "C:\\Program Files\\Microsoft Visual Studio\\2022\\Community\\MSBuild\\Current\\Bin\\amd64"
        - "C:\\Windows\\Microsoft.NET\\Framework64\\v4.0.30319"
        - "C:\\Program Files\\Microsoft Visual Studio\\2022\\Community\\Common7\\IDE\\"
        - "C:\\Program Files\\Microsoft Visual Studio\\2022\\Community\\Common7\\Tools\\"
        - "C:\\src\\vcpkg\\downloads\\tools\\powershell-core-7.6.4-windows"
        - "C:\\WINDOWS\\system32"
        - "C:\\WINDOWS"
        - "C:\\WINDOWS\\system32\\Wbem"
        - "C:\\WINDOWS\\system32\\WindowsPowerShell\\v1.0\\"
        - "C:\\WINDOWS\\system32\\OpenSSH\\"
        - "C:\\Program Files\\Microsoft Visual Studio\\2022\\Community\\Common7\\IDE\\CommonExtensions\\Microsoft\\CMake\\CMake\\bin"
        - "C:\\Program Files\\Microsoft Visual Studio\\2022\\Community\\Common7\\IDE\\CommonExtensions\\Microsoft\\CMake\\Ninja"
        - "C:\\Program Files\\Microsoft Visual Studio\\2022\\Community\\Common7\\IDE\\VC\\Linux\\bin\\ConnectionManagerExe"
        - "C:\\Program Files\\Microsoft Visual Studio\\2022\\Community\\VC\\vcpkg"
        - "C:\\src\\vcpkg\\downloads\\tools\\ninja-1.13.2-windows"
      CMAKE_INSTALL_PREFIX: "C:/src/vcpkg/packages/sdl2_x64-windows-static"
      CMAKE_SYSTEM_PREFIX_PATH:
        - "C:/Program Files"
        - "C:/Program Files (x86)"
        - "C:/Program Files/CMake"
        - "C:/src/vcpkg/packages/sdl2_x64-windows-static"
      CMAKE_FIND_ROOT_PATH: "C:/src/vcpkg/installed/x64-windows-static;C:/src/vcpkg/installed/x64-windows-static/debug"
  -
    kind: "try_compile-v1"
    backtrace:
      - "C:/Program Files/CMake/share/cmake-4.4/Modules/CheckSymbolExists.cmake:171 (try_compile)"
      - "C:/Program Files/CMake/share/cmake-4.4/Modules/CheckSymbolExists.cmake:99 (__CHECK_SYMBOL_EXISTS_IMPL)"
      - "CMakeLists.txt:84 (check_symbol_exists)"
    checks:
      - "Looking for __GLIBC__"
    directories:
      source: "C:/src/vcpkg/buildtrees/sdl2/x64-windows-static-rel/CMakeFiles/CMakeScratch/TryCompile-0gl3uk"
      binary: "C:/src/vcpkg/buildtrees/sdl2/x64-windows-static-rel/CMakeFiles/CMakeScratch/TryCompile-0gl3uk"
    cmakeVariables:
      CMAKE_C_FLAGS: " /nologo /DWIN32 /D_WINDOWS /utf-8 /MP "
      CMAKE_C_FLAGS_DEBUG: "/MTd /Z7 /Ob0 /Od /RTC1 "
      CMAKE_EXE_LINKER_FLAGS: "/machine:x64"
      CMAKE_MODULE_PATH: "C:/src/vcpkg/buildtrees/sdl2/src/se-2.32.10-89f6bbf859.clean/cmake"
      CMAKE_MSVC_DEBUG_INFORMATION_FORMAT: ""
      CMAKE_MSVC_RUNTIME_LIBRARY: "MultiThreaded$<$<CONFIG:Debug>:Debug>$<$<STREQUAL:static,dynamic>:DLL>"
      VCPKG_CHAINLOAD_TOOLCHAIN_FILE: "C:/src/vcpkg/scripts/toolchains/windows.cmake"
      VCPKG_CRT_LINKAGE: "static"
      VCPKG_CXX_FLAGS: ""
      VCPKG_CXX_FLAGS_DEBUG: ""
      VCPKG_CXX_FLAGS_RELEASE: ""
      VCPKG_C_FLAGS: ""
      VCPKG_C_FLAGS_DEBUG: ""
      VCPKG_C_FLAGS_RELEASE: ""
      VCPKG_INSTALLED_DIR: "C:/src/vcpkg/installed"
      VCPKG_LINKER_FLAGS: ""
      VCPKG_LINKER_FLAGS_DEBUG: ""
      VCPKG_LINKER_FLAGS_RELEASE: ""
      VCPKG_PLATFORM_TOOLSET: "v143"
      VCPKG_PREFER_SYSTEM_LIBS: "OFF"
      VCPKG_SET_CHARSET_FLAG: "ON"
      VCPKG_TARGET_ARCHITECTURE: "x64"
      VCPKG_TARGET_TRIPLET: "x64-windows-static"
      Z_VCPKG_ROOT_DIR: "C:/src/vcpkg"
    buildResult:
      variable: "LIBC_IS_GLIBC"
      cached: true
      stdout: |
        Change Dir: 'C:/src/vcpkg/buildtrees/sdl2/x64-windows-static-rel/CMakeFiles/CMakeScratch/TryCompile-0gl3uk'
        
        Run Build Command(s): C:\\src\\vcpkg\\downloads\\tools\\ninja-1.13.2-windows\\ninja.exe -v cmTC_2c9da
        [1/2] "C:\\Program Files\\Microsoft Visual Studio\\2022\\Community\\VC\\Tools\\MSVC\\14.44.35207\\bin\\Hostx64\\x64\\cl.exe"  /nologo -D_MBCS  /nologo /DWIN32 /D_WINDOWS /utf-8 /MP   /MTd /Z7 /Ob0 /Od /RTC1  -MTd /showIncludes /FoCMakeFiles\\cmTC_2c9da.dir\\CheckSymbolExists.c.obj /FdCMakeFiles\\cmTC_2c9da.dir\\ /FS -c C:\\src\\vcpkg\\buildtrees\\sdl2\\x64-windows-static-rel\\CMakeFiles\\CMakeScratch\\TryCompile-0gl3uk\\CheckSymbolExists.c
        FAILED: [code=2] CMakeFiles/cmTC_2c9da.dir/CheckSymbolExists.c.obj 
        "C:\\Program Files\\Microsoft Visual Studio\\2022\\Community\\VC\\Tools\\MSVC\\14.44.35207\\bin\\Hostx64\\x64\\cl.exe"  /nologo -D_MBCS  /nologo /DWIN32 /D_WINDOWS /utf-8 /MP   /MTd /Z7 /Ob0 /Od /RTC1  -MTd /showIncludes /FoCMakeFiles\\cmTC_2c9da.dir\\CheckSymbolExists.c.obj /FdCMakeFiles\\cmTC_2c9da.dir\\ /FS -c C:\\src\\vcpkg\\buildtrees\\sdl2\\x64-windows-static-rel\\CMakeFiles\\CMakeScratch\\TryCompile-0gl3uk\\CheckSymbolExists.c
        C:\\src\\vcpkg\\buildtrees\\sdl2\\x64-windows-static-rel\\CMakeFiles\\CMakeScratch\\TryCompile-0gl3uk\\CheckSymbolExists.c(8): error C2065: '__GLIBC__': undeclared identifier
        ninja: build stopped: subcommand failed.
        
      exitCode: 2
  -
    kind: "try_compile-v1"
    backtrace:
      - "C:/Program Files/CMake/share/cmake-4.4/Modules/Internal/CheckSourceCompiles.cmake:81 (try_compile)"
      - "C:/Program Files/CMake/share/cmake-4.4/Modules/CheckCSourceCompiles.cmake:103 (cmake_check_source_compiles)"
      - "cmake/CheckCPUArchitecture.cmake:17 (check_c_source_compiles)"
      - "cmake/CheckCPUArchitecture.cmake:28 (_internal_check_cpu_architecture)"
      - "CMakeLists.txt:141 (check_cpu_architecture)"
    checks:
      - "Performing Test CHECK_CPU_ARCHITECTURE_X86"
    directories:
      source: "C:/src/vcpkg/buildtrees/sdl2/x64-windows-static-rel/CMakeFiles/CMakeScratch/TryCompile-80vcuo"
      binary: "C:/src/vcpkg/buildtrees/sdl2/x64-windows-static-rel/CMakeFiles/CMakeScratch/TryCompile-80vcuo"
    cmakeVariables:
      CMAKE_C_FLAGS: " /nologo /DWIN32 /D_WINDOWS /utf-8 /MP "
      CMAKE_C_FLAGS_DEBUG: "/MTd /Z7 /Ob0 /Od /RTC1 "
      CMAKE_EXE_LINKER_FLAGS: "/machine:x64"
      CMAKE_MODULE_PATH: "C:/src/vcpkg/buildtrees/sdl2/src/se-2.32.10-89f6bbf859.clean/cmake"
      CMAKE_MSVC_DEBUG_INFORMATION_FORMAT: ""
      CMAKE_MSVC_RUNTIME_LIBRARY: "MultiThreaded$<$<CONFIG:Debug>:Debug>$<$<STREQUAL:static,dynamic>:DLL>"
      VCPKG_CHAINLOAD_TOOLCHAIN_FILE: "C:/src/vcpkg/scripts/toolchains/windows.cmake"
      VCPKG_CRT_LINKAGE: "static"
      VCPKG_CXX_FLAGS: ""
      VCPKG_CXX_FLAGS_DEBUG: ""
      VCPKG_CXX_FLAGS_RELEASE: ""
      VCPKG_C_FLAGS: ""
      VCPKG_C_FLAGS_DEBUG: ""
      VCPKG_C_FLAGS_RELEASE: ""
      VCPKG_INSTALLED_DIR: "C:/src/vcpkg/installed"
      VCPKG_LINKER_FLAGS: ""
      VCPKG_LINKER_FLAGS_DEBUG: ""
      VCPKG_LINKER_FLAGS_RELEASE: ""
      VCPKG_PLATFORM_TOOLSET: "v143"
      VCPKG_PREFER_SYSTEM_LIBS: "OFF"
      VCPKG_SET_CHARSET_FLAG: "ON"
      VCPKG_TARGET_ARCHITECTURE: "x64"
      VCPKG_TARGET_TRIPLET: "x64-windows-static"
      Z_VCPKG_ROOT_DIR: "C:/src/vcpkg"
    buildResult:
      variable: "CHECK_CPU_ARCHITECTURE_X86"
      cached: true
      stdout: |
        Change Dir: 'C:/src/vcpkg/buildtrees/sdl2/x64-windows-static-rel/CMakeFiles/CMakeScratch/TryCompile-80vcuo'
        
        Run Build Command(s): C:\\src\\vcpkg\\downloads\\tools\\ninja-1.13.2-windows\\ninja.exe -v cmTC_4d45b
        [1/2] "C:\\Program Files\\Microsoft Visual Studio\\2022\\Community\\VC\\Tools\\MSVC\\14.44.35207\\bin\\Hostx64\\x64\\cl.exe"  /nologo -DCHECK_CPU_ARCHITECTURE_X86 -D_MBCS  /nologo /DWIN32 /D_WINDOWS /utf-8 /MP   /MTd /Z7 /Ob0 /Od /RTC1  -MTd /showIncludes /FoCMakeFiles\\cmTC_4d45b.dir\\src.c.obj /FdCMakeFiles\\cmTC_4d45b.dir\\ /FS -c C:\\src\\vcpkg\\buildtrees\\sdl2\\x64-windows-static-rel\\CMakeFiles\\CMakeScratch\\TryCompile-80vcuo\\src.c
        FAILED: [code=2] CMakeFiles/cmTC_4d45b.dir/src.c.obj 
        "C:\\Program Files\\Microsoft Visual Studio\\2022\\Community\\VC\\Tools\\MSVC\\14.44.35207\\bin\\Hostx64\\x64\\cl.exe"  /nologo -DCHECK_CPU_ARCHITECTURE_X86 -D_MBCS  /nologo /DWIN32 /D_WINDOWS /utf-8 /MP   /MTd /Z7 /Ob0 /Od /RTC1  -MTd /showIncludes /FoCMakeFiles\\cmTC_4d45b.dir\\src.c.obj /FdCMakeFiles\\cmTC_4d45b.dir\\ /FS -c C:\\src\\vcpkg\\buildtrees\\sdl2\\x64-windows-static-rel\\CMakeFiles\\CMakeScratch\\TryCompile-80vcuo\\src.c
        C:\\src\\vcpkg\\buildtrees\\sdl2\\x64-windows-static-rel\\CMakeFiles\\CMakeScratch\\TryCompile-80vcuo\\src.c(6): error C2065: 'choke': undeclared identifier
        C:\\src\\vcpkg\\buildtrees\\sdl2\\x64-windows-static-rel\\CMakeFiles\\CMakeScratch\\TryCompile-80vcuo\\src.c(8): error C2143: syntax error: missing ';' before '}'
        ninja: build stopped: subcommand failed.
        
      exitCode: 2
  -
    kind: "try_compile-v1"
    backtrace:
      - "C:/Program Files/CMake/share/cmake-4.4/Modules/Internal/CheckSourceCompiles.cmake:81 (try_compile)"
      - "C:/Program Files/CMake/share/cmake-4.4/Modules/CheckCSourceCompiles.cmake:103 (cmake_check_source_compiles)"
      - "cmake/CheckCPUArchitecture.cmake:17 (check_c_source_compiles)"
      - "cmake/CheckCPUArchitecture.cmake:30 (_internal_check_cpu_architecture)"
      - "CMakeLists.txt:142 (check_cpu_architecture)"
    checks:
      - "Performing Test CHECK_CPU_ARCHITECTURE_X64"
    directories:
      source: "C:/src/vcpkg/buildtrees/sdl2/x64-windows-static-rel/CMakeFiles/CMakeScratch/TryCompile-nefjbw"
      binary: "C:/src/vcpkg/buildtrees/sdl2/x64-windows-static-rel/CMakeFiles/CMakeScratch/TryCompile-nefjbw"
    cmakeVariables:
      CMAKE_C_FLAGS: " /nologo /DWIN32 /D_WINDOWS /utf-8 /MP "
      CMAKE_C_FLAGS_DEBUG: "/MTd /Z7 /Ob0 /Od /RTC1 "
      CMAKE_EXE_LINKER_FLAGS: "/machine:x64"
      CMAKE_MODULE_PATH: "C:/src/vcpkg/buildtrees/sdl2/src/se-2.32.10-89f6bbf859.clean/cmake"
      CMAKE_MSVC_DEBUG_INFORMATION_FORMAT: ""
      CMAKE_MSVC_RUNTIME_LIBRARY: "MultiThreaded$<$<CONFIG:Debug>:Debug>$<$<STREQUAL:static,dynamic>:DLL>"
      VCPKG_CHAINLOAD_TOOLCHAIN_FILE: "C:/src/vcpkg/scripts/toolchains/windows.cmake"
      VCPKG_CRT_LINKAGE: "static"
      VCPKG_CXX_FLAGS: ""
      VCPKG_CXX_FLAGS_DEBUG: ""
      VCPKG_CXX_FLAGS_RELEASE: ""
      VCPKG_C_FLAGS: ""
      VCPKG_C_FLAGS_DEBUG: ""
      VCPKG_C_FLAGS_RELEASE: ""
      VCPKG_INSTALLED_DIR: "C:/src/vcpkg/installed"
      VCPKG_LINKER_FLAGS: ""
      VCPKG_LINKER_FLAGS_DEBUG: ""
      VCPKG_LINKER_FLAGS_RELEASE: ""
      VCPKG_PLATFORM_TOOLSET: "v143"
      VCPKG_PREFER_SYSTEM_LIBS: "OFF"
      VCPKG_SET_CHARSET_FLAG: "ON"
      VCPKG_TARGET_ARCHITECTURE: "x64"
      VCPKG_TARGET_TRIPLET: "x64-windows-static"
      Z_VCPKG_ROOT_DIR: "C:/src/vcpkg"
    buildResult:
      variable: "CHECK_CPU_ARCHITECTURE_X64"
      cached: true
      stdout: |
        Change Dir: 'C:/src/vcpkg/buildtrees/sdl2/x64-windows-static-rel/CMakeFiles/CMakeScratch/TryCompile-nefjbw'
        
        Run Build Command(s): C:\\src\\vcpkg\\downloads\\tools\\ninja-1.13.2-windows\\ninja.exe -v cmTC_dc789
        [1/2] "C:\\Program Files\\Microsoft Visual Studio\\2022\\Community\\VC\\Tools\\MSVC\\14.44.35207\\bin\\Hostx64\\x64\\cl.exe"  /nologo -DCHECK_CPU_ARCHITECTURE_X64 -D_MBCS  /nologo /DWIN32 /D_WINDOWS /utf-8 /MP   /MTd /Z7 /Ob0 /Od /RTC1  -MTd /showIncludes /FoCMakeFiles\\cmTC_dc789.dir\\src.c.obj /FdCMakeFiles\\cmTC_dc789.dir\\ /FS -c C:\\src\\vcpkg\\buildtrees\\sdl2\\x64-windows-static-rel\\CMakeFiles\\CMakeScratch\\TryCompile-nefjbw\\src.c
        [2/2] C:\\WINDOWS\\system32\\cmd.exe /C "cd . && "C:\\Program Files\\CMake\\bin\\cmake.exe" -E vs_link_exe --msvc-ver=1944 --intdir=CMakeFiles\\cmTC_dc789.dir --rc="C:\\Program Files (x86)\\Windows Kits\\10\\bin\\10.0.26100.0\\x64\\rc.exe" --mt="C:\\Program Files (x86)\\Windows Kits\\10\\bin\\10.0.26100.0\\x64\\mt.exe" --manifests  -- "C:\\Program Files\\Microsoft Visual Studio\\2022\\Community\\VC\\Tools\\MSVC\\14.44.35207\\bin\\Hostx64\\x64\\link.exe" /nologo CMakeFiles\\cmTC_dc789.dir\\src.c.obj  /out:cmTC_dc789.exe /implib:cmTC_dc789.lib /pdb:cmTC_dc789.pdb /version:0.0 /machine:x64 /nologo /debug /INCREMENTAL /subsystem:console  kernel32.lib user32.lib gdi32.lib winspool.lib shell32.lib ole32.lib oleaut32.lib uuid.lib comdlg32.lib advapi32.lib && cd ."
        
      exitCode: 0
  -
    kind: "try_compile-v1"
    backtrace:
      - "C:/Program Files/CMake/share/cmake-4.4/Modules/Internal/CheckSourceCompiles.cmake:81 (try_compile)"
      - "C:/Program Files/CMake/share/cmake-4.4/Modules/CheckCSourceCompiles.cmake:103 (cmake_check_source_compiles)"
      - "cmake/CheckCPUArchitecture.cmake:17 (check_c_source_compiles)"
      - "cmake/CheckCPUArchitecture.cmake:32 (_internal_check_cpu_architecture)"
      - "CMakeLists.txt:143 (check_cpu_architecture)"
    checks:
      - "Performing Test CHECK_CPU_ARCHITECTURE_ARM32"
    directories:
      source: "C:/src/vcpkg/buildtrees/sdl2/x64-windows-static-rel/CMakeFiles/CMakeScratch/TryCompile-tzq6tg"
      binary: "C:/src/vcpkg/buildtrees/sdl2/x64-windows-static-rel/CMakeFiles/CMakeScratch/TryCompile-tzq6tg"
    cmakeVariables:
      CMAKE_C_FLAGS: " /nologo /DWIN32 /D_WINDOWS /utf-8 /MP "
      CMAKE_C_FLAGS_DEBUG: "/MTd /Z7 /Ob0 /Od /RTC1 "
      CMAKE_EXE_LINKER_FLAGS: "/machine:x64"
      CMAKE_MODULE_PATH: "C:/src/vcpkg/buildtrees/sdl2/src/se-2.32.10-89f6bbf859.clean/cmake"
      CMAKE_MSVC_DEBUG_INFORMATION_FORMAT: ""
      CMAKE_MSVC_RUNTIME_LIBRARY: "MultiThreaded$<$<CONFIG:Debug>:Debug>$<$<STREQUAL:static,dynamic>:DLL>"
      VCPKG_CHAINLOAD_TOOLCHAIN_FILE: "C:/src/vcpkg/scripts/toolchains/windows.cmake"
      VCPKG_CRT_LINKAGE: "static"
      VCPKG_CXX_FLAGS: ""
      VCPKG_CXX_FLAGS_DEBUG: ""
      VCPKG_CXX_FLAGS_RELEASE: ""
      VCPKG_C_FLAGS: ""
      VCPKG_C_FLAGS_DEBUG: ""
      VCPKG_C_FLAGS_RELEASE: ""
      VCPKG_INSTALLED_DIR: "C:/src/vcpkg/installed"
      VCPKG_LINKER_FLAGS: ""
      VCPKG_LINKER_FLAGS_DEBUG: ""
      VCPKG_LINKER_FLAGS_RELEASE: ""
      VCPKG_PLATFORM_TOOLSET: "v143"
      VCPKG_PREFER_SYSTEM_LIBS: "OFF"
      VCPKG_SET_CHARSET_FLAG: "ON"
      VCPKG_TARGET_ARCHITECTURE: "x64"
      VCPKG_TARGET_TRIPLET: "x64-windows-static"
      Z_VCPKG_ROOT_DIR: "C:/src/vcpkg"
    buildResult:
      variable: "CHECK_CPU_ARCHITECTURE_ARM32"
      cached: true
      stdout: |
        Change Dir: 'C:/src/vcpkg/buildtrees/sdl2/x64-windows-static-rel/CMakeFiles/CMakeScratch/TryCompile-tzq6tg'
        
        Run Build Command(s): C:\\src\\vcpkg\\downloads\\tools\\ninja-1.13.2-windows\\ninja.exe -v cmTC_b829e
        [1/2] "C:\\Program Files\\Microsoft Visual Studio\\2022\\Community\\VC\\Tools\\MSVC\\14.44.35207\\bin\\Hostx64\\x64\\cl.exe"  /nologo -DCHECK_CPU_ARCHITECTURE_ARM32 -D_MBCS  /nologo /DWIN32 /D_WINDOWS /utf-8 /MP   /MTd /Z7 /Ob0 /Od /RTC1  -MTd /showIncludes /FoCMakeFiles\\cmTC_b829e.dir\\src.c.obj /FdCMakeFiles\\cmTC_b829e.dir\\ /FS -c C:\\src\\vcpkg\\buildtrees\\sdl2\\x64-windows-static-rel\\CMakeFiles\\CMakeScratch\\TryCompile-tzq6tg\\src.c
        FAILED: [code=2] CMakeFiles/cmTC_b829e.dir/src.c.obj 
        "C:\\Program Files\\Microsoft Visual Studio\\2022\\Community\\VC\\Tools\\MSVC\\14.44.35207\\bin\\Hostx64\\x64\\cl.exe"  /nologo -DCHECK_CPU_ARCHITECTURE_ARM32 -D_MBCS  /nologo /DWIN32 /D_WINDOWS /utf-8 /MP   /MTd /Z7 /Ob0 /Od /RTC1  -MTd /showIncludes /FoCMakeFiles\\cmTC_b829e.dir\\src.c.obj /FdCMakeFiles\\cmTC_b829e.dir\\ /FS -c C:\\src\\vcpkg\\buildtrees\\sdl2\\x64-windows-static-rel\\CMakeFiles\\CMakeScratch\\TryCompile-tzq6tg\\src.c
        C:\\src\\vcpkg\\buildtrees\\sdl2\\x64-windows-static-rel\\CMakeFiles\\CMakeScratch\\TryCompile-tzq6tg\\src.c(6): error C2065: 'choke': undeclared identifier
        C:\\src\\vcpkg\\buildtrees\\sdl2\\x64-windows-static-rel\\CMakeFiles\\CMakeScratch\\TryCompile-tzq6tg\\src.c(8): error C2143: syntax error: missing ';' before '}'
        ninja: build stopped: subcommand failed.
        
      exitCode: 2
  -
    kind: "try_compile-v1"
    backtrace:
      - "C:/Program Files/CMake/share/cmake-4.4/Modules/Internal/CheckSourceCompiles.cmake:81 (try_compile)"
      - "C:/Program Files/CMake/share/cmake-4.4/Modules/CheckCSourceCompiles.cmake:103 (cmake_check_source_compiles)"
      - "cmake/CheckCPUArchitecture.cmake:17 (check_c_source_compiles)"
      - "cmake/CheckCPUArchitecture.cmake:34 (_internal_check_cpu_architecture)"
      - "CMakeLists.txt:144 (check_cpu_architecture)"
    checks:
      - "Performing Test CHECK_CPU_ARCHITECTURE_ARM64"
    directories:
      source: "C:/src/vcpkg/buildtrees/sdl2/x64-windows-static-rel/CMakeFiles/CMakeScratch/TryCompile-lamdon"
      binary: "C:/src/vcpkg/buildtrees/sdl2/x64-windows-static-rel/CMakeFiles/CMakeScratch/TryCompile-lamdon"
    cmakeVariables:
      CMAKE_C_FLAGS: " /nologo /DWIN32 /D_WINDOWS /utf-8 /MP "
      CMAKE_C_FLAGS_DEBUG: "/MTd /Z7 /Ob0 /Od /RTC1 "
      CMAKE_EXE_LINKER_FLAGS: "/machine:x64"
      CMAKE_MODULE_PATH: "C:/src/vcpkg/buildtrees/sdl2/src/se-2.32.10-89f6bbf859.clean/cmake"
      CMAKE_MSVC_DEBUG_INFORMATION_FORMAT: ""
      CMAKE_MSVC_RUNTIME_LIBRARY: "MultiThreaded$<$<CONFIG:Debug>:Debug>$<$<STREQUAL:static,dynamic>:DLL>"
      VCPKG_CHAINLOAD_TOOLCHAIN_FILE: "C:/src/vcpkg/scripts/toolchains/windows.cmake"
      VCPKG_CRT_LINKAGE: "static"
      VCPKG_CXX_FLAGS: ""
      VCPKG_CXX_FLAGS_DEBUG: ""
      VCPKG_CXX_FLAGS_RELEASE: ""
      VCPKG_C_FLAGS: ""
      VCPKG_C_FLAGS_DEBUG: ""
      VCPKG_C_FLAGS_RELEASE: ""
      VCPKG_INSTALLED_DIR: "C:/src/vcpkg/installed"
      VCPKG_LINKER_FLAGS: ""
      VCPKG_LINKER_FLAGS_DEBUG: ""
      VCPKG_LINKER_FLAGS_RELEASE: ""
      VCPKG_PLATFORM_TOOLSET: "v143"
      VCPKG_PREFER_SYSTEM_LIBS: "OFF"
      VCPKG_SET_CHARSET_FLAG: "ON"
      VCPKG_TARGET_ARCHITECTURE: "x64"
      VCPKG_TARGET_TRIPLET: "x64-windows-static"
      Z_VCPKG_ROOT_DIR: "C:/src/vcpkg"
    buildResult:
      variable: "CHECK_CPU_ARCHITECTURE_ARM64"
      cached: true
      stdout: |
        Change Dir: 'C:/src/vcpkg/buildtrees/sdl2/x64-windows-static-rel/CMakeFiles/CMakeScratch/TryCompile-lamdon'
        
        Run Build Command(s): C:\\src\\vcpkg\\downloads\\tools\\ninja-1.13.2-windows\\ninja.exe -v cmTC_0825b
        [1/2] "C:\\Program Files\\Microsoft Visual Studio\\2022\\Community\\VC\\Tools\\MSVC\\14.44.35207\\bin\\Hostx64\\x64\\cl.exe"  /nologo -DCHECK_CPU_ARCHITECTURE_ARM64 -D_MBCS  /nologo /DWIN32 /D_WINDOWS /utf-8 /MP   /MTd /Z7 /Ob0 /Od /RTC1  -MTd /showIncludes /FoCMakeFiles\\cmTC_0825b.dir\\src.c.obj /FdCMakeFiles\\cmTC_0825b.dir\\ /FS -c C:\\src\\vcpkg\\buildtrees\\sdl2\\x64-windows-static-rel\\CMakeFiles\\CMakeScratch\\TryCompile-lamdon\\src.c
        FAILED: [code=2] CMakeFiles/cmTC_0825b.dir/src.c.obj 
        "C:\\Program Files\\Microsoft Visual Studio\\2022\\Community\\VC\\Tools\\MSVC\\14.44.35207\\bin\\Hostx64\\x64\\cl.exe"  /nologo -DCHECK_CPU_ARCHITECTURE_ARM64 -D_MBCS  /nologo /DWIN32 /D_WINDOWS /utf-8 /MP   /MTd /Z7 /Ob0 /Od /RTC1  -MTd /showIncludes /FoCMakeFiles\\cmTC_0825b.dir\\src.c.obj /FdCMakeFiles\\cmTC_0825b.dir\\ /FS -c C:\\src\\vcpkg\\buildtrees\\sdl2\\x64-windows-static-rel\\CMakeFiles\\CMakeScratch\\TryCompile-lamdon\\src.c
        C:\\src\\vcpkg\\buildtrees\\sdl2\\x64-windows-static-rel\\CMakeFiles\\CMakeScratch\\TryCompile-lamdon\\src.c(6): error C2065: 'choke': undeclared identifier
        C:\\src\\vcpkg\\buildtrees\\sdl2\\x64-windows-static-rel\\CMakeFiles\\CMakeScratch\\TryCompile-lamdon\\src.c(8): error C2143: syntax error: missing ';' before '}'
        ninja: build stopped: subcommand failed.
        
      exitCode: 2
  -
    kind: "try_compile-v1"
    backtrace:
      - "C:/Program Files/CMake/share/cmake-4.4/Modules/Internal/CheckSourceCompiles.cmake:81 (try_compile)"
      - "C:/Program Files/CMake/share/cmake-4.4/Modules/CheckCSourceCompiles.cmake:103 (cmake_check_source_compiles)"
      - "cmake/CheckCPUArchitecture.cmake:17 (check_c_source_compiles)"
      - "cmake/CheckCPUArchitecture.cmake:36 (_internal_check_cpu_architecture)"
      - "CMakeLists.txt:145 (check_cpu_architecture)"
    checks:
      - "Performing Test CHECK_CPU_ARCHITECTURE_ARM64EC"
    directories:
      source: "C:/src/vcpkg/buildtrees/sdl2/x64-windows-static-rel/CMakeFiles/CMakeScratch/TryCompile-96dr7s"
      binary: "C:/src/vcpkg/buildtrees/sdl2/x64-windows-static-rel/CMakeFiles/CMakeScratch/TryCompile-96dr7s"
    cmakeVariables:
      CMAKE_C_FLAGS: " /nologo /DWIN32 /D_WINDOWS /utf-8 /MP "
      CMAKE_C_FLAGS_DEBUG: "/MTd /Z7 /Ob0 /Od /RTC1 "
      CMAKE_EXE_LINKER_FLAGS: "/machine:x64"
      CMAKE_MODULE_PATH: "C:/src/vcpkg/buildtrees/sdl2/src/se-2.32.10-89f6bbf859.clean/cmake"
      CMAKE_MSVC_DEBUG_INFORMATION_FORMAT: ""
      CMAKE_MSVC_RUNTIME_LIBRARY: "MultiThreaded$<$<CONFIG:Debug>:Debug>$<$<STREQUAL:static,dynamic>:DLL>"
      VCPKG_CHAINLOAD_TOOLCHAIN_FILE: "C:/src/vcpkg/scripts/toolchains/windows.cmake"
      VCPKG_CRT_LINKAGE: "static"
      VCPKG_CXX_FLAGS: ""
      VCPKG_CXX_FLAGS_DEBUG: ""
      VCPKG_CXX_FLAGS_RELEASE: ""
      VCPKG_C_FLAGS: ""
      VCPKG_C_FLAGS_DEBUG: ""
      VCPKG_C_FLAGS_RELEASE: ""
      VCPKG_INSTALLED_DIR: "C:/src/vcpkg/installed"
      VCPKG_LINKER_FLAGS: ""
      VCPKG_LINKER_FLAGS_DEBUG: ""
      VCPKG_LINKER_FLAGS_RELEASE: ""
      VCPKG_PLATFORM_TOOLSET: "v143"
      VCPKG_PREFER_SYSTEM_LIBS: "OFF"
      VCPKG_SET_CHARSET_FLAG: "ON"
      VCPKG_TARGET_ARCHITECTURE: "x64"
      VCPKG_TARGET_TRIPLET: "x64-windows-static"
      Z_VCPKG_ROOT_DIR: "C:/src/vcpkg"
    buildResult:
      variable: "CHECK_CPU_ARCHITECTURE_ARM64EC"
      cached: true
      stdout: |
        Change Dir: 'C:/src/vcpkg/buildtrees/sdl2/x64-windows-static-rel/CMakeFiles/CMakeScratch/TryCompile-96dr7s'
        
        Run Build Command(s): C:\\src\\vcpkg\\downloads\\tools\\ninja-1.13.2-windows\\ninja.exe -v cmTC_baae4
        [1/2] "C:\\Program Files\\Microsoft Visual Studio\\2022\\Community\\VC\\Tools\\MSVC\\14.44.35207\\bin\\Hostx64\\x64\\cl.exe"  /nologo -DCHECK_CPU_ARCHITECTURE_ARM64EC -D_MBCS  /nologo /DWIN32 /D_WINDOWS /utf-8 /MP   /MTd /Z7 /Ob0 /Od /RTC1  -MTd /showIncludes /FoCMakeFiles\\cmTC_baae4.dir\\src.c.obj /FdCMakeFiles\\cmTC_baae4.dir\\ /FS -c C:\\src\\vcpkg\\buildtrees\\sdl2\\x64-windows-static-rel\\CMakeFiles\\CMakeScratch\\TryCompile-96dr7s\\src.c
        FAILED: [code=2] CMakeFiles/cmTC_baae4.dir/src.c.obj 
        "C:\\Program Files\\Microsoft Visual Studio\\2022\\Community\\VC\\Tools\\MSVC\\14.44.35207\\bin\\Hostx64\\x64\\cl.exe"  /nologo -DCHECK_CPU_ARCHITECTURE_ARM64EC -D_MBCS  /nologo /DWIN32 /D_WINDOWS /utf-8 /MP   /MTd /Z7 /Ob0 /Od /RTC1  -MTd /showIncludes /FoCMakeFiles\\cmTC_baae4.dir\\src.c.obj /FdCMakeFiles\\cmTC_baae4.dir\\ /FS -c C:\\src\\vcpkg\\buildtrees\\sdl2\\x64-windows-static-rel\\CMakeFiles\\CMakeScratch\\TryCompile-96dr7s\\src.c
        C:\\src\\vcpkg\\buildtrees\\sdl2\\x64-windows-static-rel\\CMakeFiles\\CMakeScratch\\TryCompile-96dr7s\\src.c(6): error C2065: 'choke': undeclared identifier
        C:\\src\\vcpkg\\buildtrees\\sdl2\\x64-windows-static-rel\\CMakeFiles\\CMakeScratch\\TryCompile-96dr7s\\src.c(8): error C2143: syntax error: missing ';' before '}'
        ninja: build stopped: subcommand failed.
        
      exitCode: 2
  -
    kind: "try_compile-v1"
    backtrace:
      - "C:/Program Files/CMake/share/cmake-4.4/Modules/Internal/CheckSourceCompiles.cmake:81 (try_compile)"
      - "C:/Program Files/CMake/share/cmake-4.4/Modules/CheckCSourceCompiles.cmake:103 (cmake_check_source_compiles)"
      - "cmake/CheckCPUArchitecture.cmake:17 (check_c_source_compiles)"
      - "cmake/CheckCPUArchitecture.cmake:38 (_internal_check_cpu_architecture)"
      - "CMakeLists.txt:146 (check_cpu_architecture)"
    checks:
      - "Performing Test CHECK_CPU_ARCHITECTURE_LOONGARCH64"
    directories:
      source: "C:/src/vcpkg/buildtrees/sdl2/x64-windows-static-rel/CMakeFiles/CMakeScratch/TryCompile-ksdeif"
      binary: "C:/src/vcpkg/buildtrees/sdl2/x64-windows-static-rel/CMakeFiles/CMakeScratch/TryCompile-ksdeif"
    cmakeVariables:
      CMAKE_C_FLAGS: " /nologo /DWIN32 /D_WINDOWS /utf-8 /MP "
      CMAKE_C_FLAGS_DEBUG: "/MTd /Z7 /Ob0 /Od /RTC1 "
      CMAKE_EXE_LINKER_FLAGS: "/machine:x64"
      CMAKE_MODULE_PATH: "C:/src/vcpkg/buildtrees/sdl2/src/se-2.32.10-89f6bbf859.clean/cmake"
      CMAKE_MSVC_DEBUG_INFORMATION_FORMAT: ""
      CMAKE_MSVC_RUNTIME_LIBRARY: "MultiThreaded$<$<CONFIG:Debug>:Debug>$<$<STREQUAL:static,dynamic>:DLL>"
      VCPKG_CHAINLOAD_TOOLCHAIN_FILE: "C:/src/vcpkg/scripts/toolchains/windows.cmake"
      VCPKG_CRT_LINKAGE: "static"
      VCPKG_CXX_FLAGS: ""
      VCPKG_CXX_FLAGS_DEBUG: ""
      VCPKG_CXX_FLAGS_RELEASE: ""
      VCPKG_C_FLAGS: ""
      VCPKG_C_FLAGS_DEBUG: ""
      VCPKG_C_FLAGS_RELEASE: ""
      VCPKG_INSTALLED_DIR: "C:/src/vcpkg/installed"
      VCPKG_LINKER_FLAGS: ""
      VCPKG_LINKER_FLAGS_DEBUG: ""
      VCPKG_LINKER_FLAGS_RELEASE: ""
      VCPKG_PLATFORM_TOOLSET: "v143"
      VCPKG_PREFER_SYSTEM_LIBS: "OFF"
      VCPKG_SET_CHARSET_FLAG: "ON"
      VCPKG_TARGET_ARCHITECTURE: "x64"
      VCPKG_TARGET_TRIPLET: "x64-windows-static"
      Z_VCPKG_ROOT_DIR: "C:/src/vcpkg"
    buildResult:
      variable: "CHECK_CPU_ARCHITECTURE_LOONGARCH64"
      cached: true
      stdout: |
        Change Dir: 'C:/src/vcpkg/buildtrees/sdl2/x64-windows-static-rel/CMakeFiles/CMakeScratch/TryCompile-ksdeif'
        
        Run Build Command(s): C:\\src\\vcpkg\\downloads\\tools\\ninja-1.13.2-windows\\ninja.exe -v cmTC_853c4
        [1/2] "C:\\Program Files\\Microsoft Visual Studio\\2022\\Community\\VC\\Tools\\MSVC\\14.44.35207\\bin\\Hostx64\\x64\\cl.exe"  /nologo -DCHECK_CPU_ARCHITECTURE_LOONGARCH64 -D_MBCS  /nologo /DWIN32 /D_WINDOWS /utf-8 /MP   /MTd /Z7 /Ob0 /Od /RTC1  -MTd /showIncludes /FoCMakeFiles\\cmTC_853c4.dir\\src.c.obj /FdCMakeFiles\\cmTC_853c4.dir\\ /FS -c C:\\src\\vcpkg\\buildtrees\\sdl2\\x64-windows-static-rel\\CMakeFiles\\CMakeScratch\\TryCompile-ksdeif\\src.c
        FAILED: [code=2] CMakeFiles/cmTC_853c4.dir/src.c.obj 
        "C:\\Program Files\\Microsoft Visual Studio\\2022\\Community\\VC\\Tools\\MSVC\\14.44.35207\\bin\\Hostx64\\x64\\cl.exe"  /nologo -DCHECK_CPU_ARCHITECTURE_LOONGARCH64 -D_MBCS  /nologo /DWIN32 /D_WINDOWS /utf-8 /MP   /MTd /Z7 /Ob0 /Od /RTC1  -MTd /showIncludes /FoCMakeFiles\\cmTC_853c4.dir\\src.c.obj /FdCMakeFiles\\cmTC_853c4.dir\\ /FS -c C:\\src\\vcpkg\\buildtrees\\sdl2\\x64-windows-static-rel\\CMakeFiles\\CMakeScratch\\TryCompile-ksdeif\\src.c
        C:\\src\\vcpkg\\buildtrees\\sdl2\\x64-windows-static-rel\\CMakeFiles\\CMakeScratch\\TryCompile-ksdeif\\src.c(6): error C2065: 'choke': undeclared identifier
        C:\\src\\vcpkg\\buildtrees\\sdl2\\x64-windows-static-rel\\CMakeFiles\\CMakeScratch\\TryCompile-ksdeif\\src.c(8): error C2143: syntax error: missing ';' before '}'
        ninja: build stopped: subcommand failed.
        
      exitCode: 2
  -
    kind: "try_compile-v1"
    backtrace:
      - "C:/Program Files/CMake/share/cmake-4.4/Modules/CheckIncludeFile.cmake:157 (try_compile)"
      - "CMakeLists.txt:1018 (check_include_file)"
    checks:
      - "Looking for immintrin.h"
    directories:
      source: "C:/src/vcpkg/buildtrees/sdl2/x64-windows-static-rel/CMakeFiles/CMakeScratch/TryCompile-rjcvhv"
      binary: "C:/src/vcpkg/buildtrees/sdl2/x64-windows-static-rel/CMakeFiles/CMakeScratch/TryCompile-rjcvhv"
    cmakeVariables:
      CMAKE_C_FLAGS: " /nologo /DWIN32 /D_WINDOWS /utf-8 /MP "
      CMAKE_C_FLAGS_DEBUG: "/MTd /Z7 /Ob0 /Od /RTC1 "
      CMAKE_EXE_LINKER_FLAGS: "/machine:x64"
      CMAKE_MODULE_PATH: "C:/src/vcpkg/buildtrees/sdl2/src/se-2.32.10-89f6bbf859.clean/cmake"
      CMAKE_MSVC_DEBUG_INFORMATION_FORMAT: ""
      CMAKE_MSVC_RUNTIME_LIBRARY: "MultiThreaded$<$<CONFIG:Debug>:Debug>$<$<STREQUAL:static,dynamic>:DLL>"
      VCPKG_CHAINLOAD_TOOLCHAIN_FILE: "C:/src/vcpkg/scripts/toolchains/windows.cmake"
      VCPKG_CRT_LINKAGE: "static"
      VCPKG_CXX_FLAGS: ""
      VCPKG_CXX_FLAGS_DEBUG: ""
      VCPKG_CXX_FLAGS_RELEASE: ""
      VCPKG_C_FLAGS: ""
      VCPKG_C_FLAGS_DEBUG: ""
      VCPKG_C_FLAGS_RELEASE: ""
      VCPKG_INSTALLED_DIR: "C:/src/vcpkg/installed"
      VCPKG_LINKER_FLAGS: ""
      VCPKG_LINKER_FLAGS_DEBUG: ""
      VCPKG_LINKER_FLAGS_RELEASE: ""
      VCPKG_PLATFORM_TOOLSET: "v143"
      VCPKG_PREFER_SYSTEM_LIBS: "OFF"
      VCPKG_SET_CHARSET_FLAG: "ON"
      VCPKG_TARGET_ARCHITECTURE: "x64"
      VCPKG_TARGET_TRIPLET: "x64-windows-static"
      Z_VCPKG_ROOT_DIR: "C:/src/vcpkg"
    buildResult:
      variable: "HAVE_IMMINTRIN_H"
      cached: true
      stdout: |
        Change Dir: 'C:/src/vcpkg/buildtrees/sdl2/x64-windows-static-rel/CMakeFiles/CMakeScratch/TryCompile-rjcvhv'
        
        Run Build Command(s): C:\\src\\vcpkg\\downloads\\tools\\ninja-1.13.2-windows\\ninja.exe -v cmTC_f842a
        [1/2] "C:\\Program Files\\Microsoft Visual Studio\\2022\\Community\\VC\\Tools\\MSVC\\14.44.35207\\bin\\Hostx64\\x64\\cl.exe"  /nologo -D_MBCS  /nologo /DWIN32 /D_WINDOWS /utf-8 /MP   -D_GNU_SOURCE=1 /MTd /Z7 /Ob0 /Od /RTC1  -MTd /showIncludes /FoCMakeFiles\\cmTC_f842a.dir\\CheckIncludeFile.c.obj /FdCMakeFiles\\cmTC_f842a.dir\\ /FS -c C:\\src\\vcpkg\\buildtrees\\sdl2\\x64-windows-static-rel\\CMakeFiles\\CMakeScratch\\TryCompile-rjcvhv\\CheckIncludeFile.c
        [2/2] C:\\WINDOWS\\system32\\cmd.exe /C "cd . && "C:\\Program Files\\CMake\\bin\\cmake.exe" -E vs_link_exe --msvc-ver=1944 --intdir=CMakeFiles\\cmTC_f842a.dir --rc="C:\\Program Files (x86)\\Windows Kits\\10\\bin\\10.0.26100.0\\x64\\rc.exe" --mt="C:\\Program Files (x86)\\Windows Kits\\10\\bin\\10.0.26100.0\\x64\\mt.exe" --manifests  -- "C:\\Program Files\\Microsoft Visual Studio\\2022\\Community\\VC\\Tools\\MSVC\\14.44.35207\\bin\\Hostx64\\x64\\link.exe" /nologo CMakeFiles\\cmTC_f842a.dir\\CheckIncludeFile.c.obj  /out:cmTC_f842a.exe /implib:cmTC_f842a.lib /pdb:cmTC_f842a.pdb /version:0.0 /machine:x64 /nologo /debug /INCREMENTAL /subsystem:console  kernel32.lib user32.lib gdi32.lib winspool.lib shell32.lib ole32.lib oleaut32.lib uuid.lib comdlg32.lib advapi32.lib && cd ."
        
      exitCode: 0
  -
    kind: "try_compile-v1"
    backtrace:
      - "C:/Program Files/CMake/share/cmake-4.4/Modules/CheckIncludeFile.cmake:157 (try_compile)"
      - "CMakeLists.txt:1027 (check_include_file)"
    checks:
      - "Looking for stdint.h"
    directories:
      source: "C:/src/vcpkg/buildtrees/sdl2/x64-windows-static-rel/CMakeFiles/CMakeScratch/TryCompile-ygko1k"
      binary: "C:/src/vcpkg/buildtrees/sdl2/x64-windows-static-rel/CMakeFiles/CMakeScratch/TryCompile-ygko1k"
    cmakeVariables:
      CMAKE_C_FLAGS: " /nologo /DWIN32 /D_WINDOWS /utf-8 /MP "
      CMAKE_C_FLAGS_DEBUG: "/MTd /Z7 /Ob0 /Od /RTC1 "
      CMAKE_EXE_LINKER_FLAGS: "/machine:x64"
      CMAKE_MODULE_PATH: "C:/src/vcpkg/buildtrees/sdl2/src/se-2.32.10-89f6bbf859.clean/cmake"
      CMAKE_MSVC_DEBUG_INFORMATION_FORMAT: ""
      CMAKE_MSVC_RUNTIME_LIBRARY: "MultiThreaded$<$<CONFIG:Debug>:Debug>$<$<STREQUAL:static,dynamic>:DLL>"
      VCPKG_CHAINLOAD_TOOLCHAIN_FILE: "C:/src/vcpkg/scripts/toolchains/windows.cmake"
      VCPKG_CRT_LINKAGE: "static"
      VCPKG_CXX_FLAGS: ""
      VCPKG_CXX_FLAGS_DEBUG: ""
      VCPKG_CXX_FLAGS_RELEASE: ""
      VCPKG_C_FLAGS: ""
      VCPKG_C_FLAGS_DEBUG: ""
      VCPKG_C_FLAGS_RELEASE: ""
      VCPKG_INSTALLED_DIR: "C:/src/vcpkg/installed"
      VCPKG_LINKER_FLAGS: ""
      VCPKG_LINKER_FLAGS_DEBUG: ""
      VCPKG_LINKER_FLAGS_RELEASE: ""
      VCPKG_PLATFORM_TOOLSET: "v143"
      VCPKG_PREFER_SYSTEM_LIBS: "OFF"
      VCPKG_SET_CHARSET_FLAG: "ON"
      VCPKG_TARGET_ARCHITECTURE: "x64"
      VCPKG_TARGET_TRIPLET: "x64-windows-static"
      Z_VCPKG_ROOT_DIR: "C:/src/vcpkg"
    buildResult:
      variable: "HAVE_STDINT_H"
      cached: true
      stdout: |
        Change Dir: 'C:/src/vcpkg/buildtrees/sdl2/x64-windows-static-rel/CMakeFiles/CMakeScratch/TryCompile-ygko1k'
        
        Run Build Command(s): C:\\src\\vcpkg\\downloads\\tools\\ninja-1.13.2-windows\\ninja.exe -v cmTC_0399f
        [1/2] "C:\\Program Files\\Microsoft Visual Studio\\2022\\Community\\VC\\Tools\\MSVC\\14.44.35207\\bin\\Hostx64\\x64\\cl.exe"  /nologo -D_MBCS  /nologo /DWIN32 /D_WINDOWS /utf-8 /MP   -D_GNU_SOURCE=1 /MTd /Z7 /Ob0 /Od /RTC1  -MTd /showIncludes /FoCMakeFiles\\cmTC_0399f.dir\\CheckIncludeFile.c.obj /FdCMakeFiles\\cmTC_0399f.dir\\ /FS -c C:\\src\\vcpkg\\buildtrees\\sdl2\\x64-windows-static-rel\\CMakeFiles\\CMakeScratch\\TryCompile-ygko1k\\CheckIncludeFile.c
        [2/2] C:\\WINDOWS\\system32\\cmd.exe /C "cd . && "C:\\Program Files\\CMake\\bin\\cmake.exe" -E vs_link_exe --msvc-ver=1944 --intdir=CMakeFiles\\cmTC_0399f.dir --rc="C:\\Program Files (x86)\\Windows Kits\\10\\bin\\10.0.26100.0\\x64\\rc.exe" --mt="C:\\Program Files (x86)\\Windows Kits\\10\\bin\\10.0.26100.0\\x64\\mt.exe" --manifests  -- "C:\\Program Files\\Microsoft Visual Studio\\2022\\Community\\VC\\Tools\\MSVC\\14.44.35207\\bin\\Hostx64\\x64\\link.exe" /nologo CMakeFiles\\cmTC_0399f.dir\\CheckIncludeFile.c.obj  /out:cmTC_0399f.exe /implib:cmTC_0399f.lib /pdb:cmTC_0399f.pdb /version:0.0 /machine:x64 /nologo /debug /INCREMENTAL /subsystem:console  kernel32.lib user32.lib gdi32.lib winspool.lib shell32.lib ole32.lib oleaut32.lib uuid.lib comdlg32.lib advapi32.lib && cd ."
        
      exitCode: 0
  -
    kind: "try_compile-v1"
    backtrace:
      - "C:/Program Files/CMake/share/cmake-4.4/Modules/CheckSymbolExists.cmake:171 (try_compile)"
      - "C:/Program Files/CMake/share/cmake-4.4/Modules/CheckSymbolExists.cmake:99 (__CHECK_SYMBOL_EXISTS_IMPL)"
      - "CMakeLists.txt:1048 (check_symbol_exists)"
    checks:
      - "Looking for M_PI"
    directories:
      source: "C:/src/vcpkg/buildtrees/sdl2/x64-windows-static-rel/CMakeFiles/CMakeScratch/TryCompile-4hwolg"
      binary: "C:/src/vcpkg/buildtrees/sdl2/x64-windows-static-rel/CMakeFiles/CMakeScratch/TryCompile-4hwolg"
    cmakeVariables:
      CMAKE_C_FLAGS: " /nologo /DWIN32 /D_WINDOWS /utf-8 /MP "
      CMAKE_C_FLAGS_DEBUG: "/MTd /Z7 /Ob0 /Od /RTC1 "
      CMAKE_EXE_LINKER_FLAGS: "/machine:x64"
      CMAKE_MODULE_PATH: "C:/src/vcpkg/buildtrees/sdl2/src/se-2.32.10-89f6bbf859.clean/cmake"
      CMAKE_MSVC_DEBUG_INFORMATION_FORMAT: ""
      CMAKE_MSVC_RUNTIME_LIBRARY: "MultiThreaded$<$<CONFIG:Debug>:Debug>$<$<STREQUAL:static,dynamic>:DLL>"
      VCPKG_CHAINLOAD_TOOLCHAIN_FILE: "C:/src/vcpkg/scripts/toolchains/windows.cmake"
      VCPKG_CRT_LINKAGE: "static"
      VCPKG_CXX_FLAGS: ""
      VCPKG_CXX_FLAGS_DEBUG: ""
      VCPKG_CXX_FLAGS_RELEASE: ""
      VCPKG_C_FLAGS: ""
      VCPKG_C_FLAGS_DEBUG: ""
      VCPKG_C_FLAGS_RELEASE: ""
      VCPKG_INSTALLED_DIR: "C:/src/vcpkg/installed"
      VCPKG_LINKER_FLAGS: ""
      VCPKG_LINKER_FLAGS_DEBUG: ""
      VCPKG_LINKER_FLAGS_RELEASE: ""
      VCPKG_PLATFORM_TOOLSET: "v143"
      VCPKG_PREFER_SYSTEM_LIBS: "OFF"
      VCPKG_SET_CHARSET_FLAG: "ON"
      VCPKG_TARGET_ARCHITECTURE: "x64"
      VCPKG_TARGET_TRIPLET: "x64-windows-static"
      Z_VCPKG_ROOT_DIR: "C:/src/vcpkg"
    buildResult:
      variable: "HAVE_M_PI"
      cached: true
      stdout: |
        Change Dir: 'C:/src/vcpkg/buildtrees/sdl2/x64-windows-static-rel/CMakeFiles/CMakeScratch/TryCompile-4hwolg'
        
        Run Build Command(s): C:\\src\\vcpkg\\downloads\\tools\\ninja-1.13.2-windows\\ninja.exe -v cmTC_3beb1
        [1/2] "C:\\Program Files\\Microsoft Visual Studio\\2022\\Community\\VC\\Tools\\MSVC\\14.44.35207\\bin\\Hostx64\\x64\\cl.exe"  /nologo -D_MBCS  /nologo /DWIN32 /D_WINDOWS /utf-8 /MP   -D_GNU_SOURCE=1 /MTd /Z7 /Ob0 /Od /RTC1  -MTd /showIncludes /FoCMakeFiles\\cmTC_3beb1.dir\\CheckSymbolExists.c.obj /FdCMakeFiles\\cmTC_3beb1.dir\\ /FS -c C:\\src\\vcpkg\\buildtrees\\sdl2\\x64-windows-static-rel\\CMakeFiles\\CMakeScratch\\TryCompile-4hwolg\\CheckSymbolExists.c
        FAILED: [code=2] CMakeFiles/cmTC_3beb1.dir/CheckSymbolExists.c.obj 
        "C:\\Program Files\\Microsoft Visual Studio\\2022\\Community\\VC\\Tools\\MSVC\\14.44.35207\\bin\\Hostx64\\x64\\cl.exe"  /nologo -D_MBCS  /nologo /DWIN32 /D_WINDOWS /utf-8 /MP   -D_GNU_SOURCE=1 /MTd /Z7 /Ob0 /Od /RTC1  -MTd /showIncludes /FoCMakeFiles\\cmTC_3beb1.dir\\CheckSymbolExists.c.obj /FdCMakeFiles\\cmTC_3beb1.dir\\ /FS -c C:\\src\\vcpkg\\buildtrees\\sdl2\\x64-windows-static-rel\\CMakeFiles\\CMakeScratch\\TryCompile-4hwolg\\CheckSymbolExists.c
        C:\\src\\vcpkg\\buildtrees\\sdl2\\x64-windows-static-rel\\CMakeFiles\\CMakeScratch\\TryCompile-4hwolg\\CheckSymbolExists.c(8): error C2065: 'M_PI': undeclared identifier
        ninja: build stopped: subcommand failed.
        
      exitCode: 2
  -
    kind: "find-v1"
    backtrace:
      - "CMakeLists.txt:1786 (find_program)"
    mode: "program"
    variable: "WINDRES"
    description: "Path to a program."
    settings:
      SearchFramework: "LAST"
      SearchAppBundle: "LAST"
      CMAKE_FIND_USE_CMAKE_PATH: true
      CMAKE_FIND_USE_CMAKE_ENVIRONMENT_PATH: true
      CMAKE_FIND_USE_SYSTEM_ENVIRONMENT_PATH: true
      CMAKE_FIND_USE_CMAKE_SYSTEM_PATH: true
      CMAKE_FIND_USE_INSTALL_PREFIX: true
    names:
      - "windres"
    candidate_directories:
      - "C:/src/vcpkg/installed/x64-windows-static/bin/"
      - "C:/src/vcpkg/installed/x64-windows-static/sbin/"
      - "C:/src/vcpkg/installed/x64-windows-static/"
      - "C:/src/vcpkg/installed/x64-windows-static/debug/bin/"
      - "C:/src/vcpkg/installed/x64-windows-static/debug/sbin/"
      - "C:/src/vcpkg/installed/x64-windows-static/debug/"
      - "C:/src/vcpkg/installed/x64-windows-static/tools/"
      - "C:/src/vcpkg/installed/x64-windows-static/Program Files/Microsoft Visual Studio/2022/Community/VC/Tools/MSVC/14.44.35207/bin/Hostx64/x64/"
      - "C:/src/vcpkg/installed/x64-windows-static/Program Files/Microsoft Visual Studio/2022/Community/Common7/IDE/VC/vcpackages/"
      - "C:/src/vcpkg/installed/x64-windows-static/Program Files/Microsoft Visual Studio/2022/Community/Common7/IDE/CommonExtensions/Microsoft/TestWindow/"
      - "C:/src/vcpkg/installed/x64-windows-static/Program Files/Microsoft Visual Studio/2022/Community/Common7/IDE/CommonExtensions/Microsoft/TeamFoundation/Team Explorer/"
      - "C:/src/vcpkg/installed/x64-windows-static/Program Files/Microsoft Visual Studio/2022/Community/MSBuild/Current/Bin/Roslyn/"
      - "C:/src/vcpkg/installed/x64-windows-static/Program Files (x86)/Microsoft SDKs/Windows/v10.0A/bin/NETFX 4.8 Tools/x64/"
      - "C:/src/vcpkg/installed/x64-windows-static/Program Files/Microsoft Visual Studio/2022/Community/Common7/IDE/CommonExtensions/Microsoft/FSharp/Tools/"
      - "C:/src/vcpkg/installed/x64-windows-static/Program Files/Microsoft Visual Studio/2022/Community/Team Tools/DiagnosticsHub/Collector/"
      - "C:/src/vcpkg/installed/x64-windows-static/Program Files (x86)/Windows Kits/10/bin/10.0.26100.0/x64/"
      - "C:/src/vcpkg/installed/x64-windows-static/Program Files (x86)/Windows Kits/10/bin/x64/"
      - "C:/src/vcpkg/installed/x64-windows-static/Program Files/Microsoft Visual Studio/2022/Community/MSBuild/Current/Bin/amd64/"
      - "C:/src/vcpkg/installed/x64-windows-static/Windows/Microsoft.NET/Framework64/v4.0.30319/"
      - "C:/src/vcpkg/installed/x64-windows-static/Program Files/Microsoft Visual Studio/2022/Community/Common7/IDE/"
      - "C:/src/vcpkg/installed/x64-windows-static/Program Files/Microsoft Visual Studio/2022/Community/Common7/Tools/"
      - "C:/src/vcpkg/installed/x64-windows-static/src/vcpkg/downloads/tools/powershell-core-7.6.4-windows/"
      - "C:/src/vcpkg/installed/x64-windows-static/Windows/System32/"
      - "C:/src/vcpkg/installed/x64-windows-static/Windows/"
      - "C:/src/vcpkg/installed/x64-windows-static/Windows/System32/wbem/"
      - "C:/src/vcpkg/installed/x64-windows-static/Windows/System32/WindowsPowerShell/v1.0/"
      - "C:/src/vcpkg/installed/x64-windows-static/Windows/System32/OpenSSH/"
      - "C:/src/vcpkg/installed/x64-windows-static/Program Files/Microsoft Visual Studio/2022/Community/Common7/IDE/CommonExtensions/Microsoft/CMake/CMake/bin/"
      - "C:/src/vcpkg/installed/x64-windows-static/Program Files/Microsoft Visual Studio/2022/Community/Common7/IDE/CommonExtensions/Microsoft/CMake/Ninja/"
      - "C:/src/vcpkg/installed/x64-windows-static/Program Files/Microsoft Visual Studio/2022/Community/Common7/IDE/VC/Linux/bin/ConnectionManagerExe/"
      - "C:/src/vcpkg/installed/x64-windows-static/Program Files/Microsoft Visual Studio/2022/Community/VC/vcpkg/"
      - "C:/src/vcpkg/installed/x64-windows-static/src/vcpkg/downloads/tools/ninja-1.13.2-windows/"
      - "C:/src/vcpkg/installed/x64-windows-static/Program Files/bin/"
      - "C:/src/vcpkg/installed/x64-windows-static/Program Files/sbin/"
      - "C:/src/vcpkg/installed/x64-windows-static/Program Files/"
      - "C:/src/vcpkg/installed/x64-windows-static/Program Files (x86)/bin/"
      - "C:/src/vcpkg/installed/x64-windows-static/Program Files (x86)/sbin/"
      - "C:/src/vcpkg/installed/x64-windows-static/Program Files (x86)/"
      - "C:/src/vcpkg/installed/x64-windows-static/Program Files/CMake/bin/"
      - "C:/src/vcpkg/installed/x64-windows-static/Program Files/CMake/sbin/"
      - "C:/src/vcpkg/installed/x64-windows-static/Program Files/CMake/"
      - "C:/src/vcpkg/installed/x64-windows-static/src/vcpkg/packages/sdl2_x64-windows-static/bin/"
      - "C:/src/vcpkg/installed/x64-windows-static/src/vcpkg/packages/sdl2_x64-windows-static/sbin/"
      - "C:/src/vcpkg/installed/x64-windows-static/src/vcpkg/packages/sdl2_x64-windows-static/"
      - "C:/src/vcpkg/installed/x64-windows-static/debug/src/vcpkg/installed/x64-windows-static/bin/"
      - "C:/src/vcpkg/installed/x64-windows-static/debug/src/vcpkg/installed/x64-windows-static/sbin/"
      - "C:/src/vcpkg/installed/x64-windows-static/debug/src/vcpkg/installed/x64-windows-static/"
      - "C:/src/vcpkg/installed/x64-windows-static/debug/bin/"
      - "C:/src/vcpkg/installed/x64-windows-static/debug/sbin/"
      - "C:/src/vcpkg/installed/x64-windows-static/debug/"
      - "C:/src/vcpkg/installed/x64-windows-static/debug/src/vcpkg/installed/x64-windows-static/tools/"
      - "C:/src/vcpkg/installed/x64-windows-static/debug/Program Files/Microsoft Visual Studio/2022/Community/VC/Tools/MSVC/14.44.35207/bin/Hostx64/x64/"
      - "C:/src/vcpkg/installed/x64-windows-static/debug/Program Files/Microsoft Visual Studio/2022/Community/Common7/IDE/VC/vcpackages/"
      - "C:/src/vcpkg/installed/x64-windows-static/debug/Program Files/Microsoft Visual Studio/2022/Community/Common7/IDE/CommonExtensions/Microsoft/TestWindow/"
      - "C:/src/vcpkg/installed/x64-windows-static/debug/Program Files/Microsoft Visual Studio/2022/Community/Common7/IDE/CommonExtensions/Microsoft/TeamFoundation/Team Explorer/"
      - "C:/src/vcpkg/installed/x64-windows-static/debug/Program Files/Microsoft Visual Studio/2022/Community/MSBuild/Current/Bin/Roslyn/"
      - "C:/src/vcpkg/installed/x64-windows-static/debug/Program Files (x86)/Microsoft SDKs/Windows/v10.0A/bin/NETFX 4.8 Tools/x64/"
      - "C:/src/vcpkg/installed/x64-windows-static/debug/Program Files/Microsoft Visual Studio/2022/Community/Common7/IDE/CommonExtensions/Microsoft/FSharp/Tools/"
      - "C:/src/vcpkg/installed/x64-windows-static/debug/Program Files/Microsoft Visual Studio/2022/Community/Team Tools/DiagnosticsHub/Collector/"
      - "C:/src/vcpkg/installed/x64-windows-static/debug/Program Files (x86)/Windows Kits/10/bin/10.0.26100.0/x64/"
      - "C:/src/vcpkg/installed/x64-windows-static/debug/Program Files (x86)/Windows Kits/10/bin/x64/"
      - "C:/src/vcpkg/installed/x64-windows-static/debug/Program Files/Microsoft Visual Studio/2022/Community/MSBuild/Current/Bin/amd64/"
      - "C:/src/vcpkg/installed/x64-windows-static/debug/Windows/Microsoft.NET/Framework64/v4.0.30319/"
      - "C:/src/vcpkg/installed/x64-windows-static/debug/Program Files/Microsoft Visual Studio/2022/Community/Common7/IDE/"
      - "C:/src/vcpkg/installed/x64-windows-static/debug/Program Files/Microsoft Visual Studio/2022/Community/Common7/Tools/"
      - "C:/src/vcpkg/installed/x64-windows-static/debug/src/vcpkg/downloads/tools/powershell-core-7.6.4-windows/"
      - "C:/src/vcpkg/installed/x64-windows-static/debug/Windows/System32/"
      - "C:/src/vcpkg/installed/x64-windows-static/debug/Windows/"
      - "C:/src/vcpkg/installed/x64-windows-static/debug/Windows/System32/wbem/"
      - "C:/src/vcpkg/installed/x64-windows-static/debug/Windows/System32/WindowsPowerShell/v1.0/"
      - "C:/src/vcpkg/installed/x64-windows-static/debug/Windows/System32/OpenSSH/"
      - "C:/src/vcpkg/installed/x64-windows-static/debug/Program Files/Microsoft Visual Studio/2022/Community/Common7/IDE/CommonExtensions/Microsoft/CMake/CMake/bin/"
      - "C:/src/vcpkg/installed/x64-windows-static/debug/Program Files/Microsoft Visual Studio/2022/Community/Common7/IDE/CommonExtensions/Microsoft/CMake/Ninja/"
      - "C:/src/vcpkg/installed/x64-windows-static/debug/Program Files/Microsoft Visual Studio/2022/Community/Common7/IDE/VC/Linux/bin/ConnectionManagerExe/"
      - "C:/src/vcpkg/installed/x64-windows-static/debug/Program Files/Microsoft Visual Studio/2022/Community/VC/vcpkg/"
      - "C:/src/vcpkg/installed/x64-windows-static/debug/src/vcpkg/downloads/tools/ninja-1.13.2-windows/"
      - "C:/src/vcpkg/installed/x64-windows-static/debug/Program Files/bin/"
      - "C:/src/vcpkg/installed/x64-windows-static/debug/Program Files/sbin/"
      - "C:/src/vcpkg/installed/x64-windows-static/debug/Program Files/"
      - "C:/src/vcpkg/installed/x64-windows-static/debug/Program Files (x86)/bin/"
      - "C:/src/vcpkg/installed/x64-windows-static/debug/Program Files (x86)/sbin/"
      - "C:/src/vcpkg/installed/x64-windows-static/debug/Program Files (x86)/"
      - "C:/src/vcpkg/installed/x64-windows-static/debug/Program Files/CMake/bin/"
      - "C:/src/vcpkg/installed/x64-windows-static/debug/Program Files/CMake/sbin/"
      - "C:/src/vcpkg/installed/x64-windows-static/debug/Program Files/CMake/"
      - "C:/src/vcpkg/installed/x64-windows-static/debug/src/vcpkg/packages/sdl2_x64-windows-static/bin/"
      - "C:/src/vcpkg/installed/x64-windows-static/debug/src/vcpkg/packages/sdl2_x64-windows-static/sbin/"
      - "C:/src/vcpkg/installed/x64-windows-static/debug/src/vcpkg/packages/sdl2_x64-windows-static/"
      - "C:/src/vcpkg/installed/x64-windows-static/bin/"
      - "C:/src/vcpkg/installed/x64-windows-static/sbin/"
      - "C:/src/vcpkg/installed/x64-windows-static/"
      - "C:/src/vcpkg/installed/x64-windows-static/debug/bin/"
      - "C:/src/vcpkg/installed/x64-windows-static/debug/sbin/"
      - "C:/src/vcpkg/installed/x64-windows-static/debug/"
      - "C:/src/vcpkg/installed/x64-windows-static/tools/"
      - "C:/Program Files/Microsoft Visual Studio/2022/Community/VC/Tools/MSVC/14.44.35207/bin/Hostx64/x64/"
      - "C:/Program Files/Microsoft Visual Studio/2022/Community/Common7/IDE/VC/vcpackages/"
      - "C:/Program Files/Microsoft Visual Studio/2022/Community/Common7/IDE/CommonExtensions/Microsoft/TestWindow/"
      - "C:/Program Files/Microsoft Visual Studio/2022/Community/Common7/IDE/CommonExtensions/Microsoft/TeamFoundation/Team Explorer/"
      - "C:/Program Files/Microsoft Visual Studio/2022/Community/MSBuild/Current/Bin/Roslyn/"
      - "C:/Program Files (x86)/Microsoft SDKs/Windows/v10.0A/bin/NETFX 4.8 Tools/x64/"
      - "C:/Program Files/Microsoft Visual Studio/2022/Community/Common7/IDE/CommonExtensions/Microsoft/FSharp/Tools/"
      - "C:/Program Files/Microsoft Visual Studio/2022/Community/Team Tools/DiagnosticsHub/Collector/"
      - "C:/Program Files (x86)/Windows Kits/10/bin/10.0.26100.0/x64/"
      - "C:/Program Files (x86)/Windows Kits/10/bin/x64/"
      - "C:/Program Files/Microsoft Visual Studio/2022/Community/MSBuild/Current/Bin/amd64/"
      - "C:/Windows/Microsoft.NET/Framework64/v4.0.30319/"
      - "C:/Program Files/Microsoft Visual Studio/2022/Community/Common7/IDE/"
      - "C:/Program Files/Microsoft Visual Studio/2022/Community/Common7/Tools/"
      - "C:/src/vcpkg/downloads/tools/powershell-core-7.6.4-windows/"
      - "C:/Windows/System32/"
      - "C:/Windows/"
      - "C:/Windows/System32/wbem/"
      - "C:/Windows/System32/WindowsPowerShell/v1.0/"
      - "C:/Windows/System32/OpenSSH/"
      - "C:/Program Files/Microsoft Visual Studio/2022/Community/Common7/IDE/CommonExtensions/Microsoft/CMake/CMake/bin/"
      - "C:/Program Files/Microsoft Visual Studio/2022/Community/Common7/IDE/CommonExtensions/Microsoft/CMake/Ninja/"
      - "C:/Program Files/Microsoft Visual Studio/2022/Community/Common7/IDE/VC/Linux/bin/ConnectionManagerExe/"
      - "C:/Program Files/Microsoft Visual Studio/2022/Community/VC/vcpkg/"
      - "C:/src/vcpkg/downloads/tools/ninja-1.13.2-windows/"
      - "C:/Program Files/bin/"
      - "C:/Program Files/sbin/"
      - "C:/Program Files/"
      - "C:/Program Files (x86)/bin/"
      - "C:/Program Files (x86)/sbin/"
      - "C:/Program Files (x86)/"
      - "C:/Program Files/CMake/bin/"
      - "C:/Program Files/CMake/sbin/"
      - "C:/Program Files/CMake/"
      - "C:/src/vcpkg/packages/sdl2_x64-windows-static/bin/"
      - "C:/src/vcpkg/packages/sdl2_x64-windows-static/sbin/"
      - "C:/src/vcpkg/packages/sdl2_x64-windows-static/"
    searched_directories:
      - "C:/src/vcpkg/installed/x64-windows-static/bin/windres.com"
      - "C:/src/vcpkg/installed/x64-windows-static/bin/windres.exe"
      - "C:/src/vcpkg/installed/x64-windows-static/bin/windres"
      - "C:/src/vcpkg/installed/x64-windows-static/sbin/windres.com"
      - "C:/src/vcpkg/installed/x64-windows-static/sbin/windres.exe"
      - "C:/src/vcpkg/installed/x64-windows-static/sbin/windres"
      - "C:/src/vcpkg/installed/x64-windows-static/windres.com"
      - "C:/src/vcpkg/installed/x64-windows-static/windres.exe"
      - "C:/src/vcpkg/installed/x64-windows-static/windres"
      - "C:/src/vcpkg/installed/x64-windows-static/debug/bin/windres.com"
      - "C:/src/vcpkg/installed/x64-windows-static/debug/bin/windres.exe"
      - "C:/src/vcpkg/installed/x64-windows-static/debug/bin/windres"
      - "C:/src/vcpkg/installed/x64-windows-static/debug/sbin/windres.com"
      - "C:/src/vcpkg/installed/x64-windows-static/debug/sbin/windres.exe"
      - "C:/src/vcpkg/installed/x64-windows-static/debug/sbin/windres"
      - "C:/src/vcpkg/installed/x64-windows-static/debug/windres.com"
      - "C:/src/vcpkg/installed/x64-windows-static/debug/windres.exe"
      - "C:/src/vcpkg/installed/x64-windows-static/debug/windres"
      - "C:/src/vcpkg/installed/x64-windows-static/tools/windres.com"
      - "C:/src/vcpkg/installed/x64-windows-static/tools/windres.exe"
      - "C:/src/vcpkg/installed/x64-windows-static/tools/windres"
      - "C:/src/vcpkg/installed/x64-windows-static/Program Files/Microsoft Visual Studio/2022/Community/VC/Tools/MSVC/14.44.35207/bin/Hostx64/x64/windres.com"
      - "C:/src/vcpkg/installed/x64-windows-static/Program Files/Microsoft Visual Studio/2022/Community/VC/Tools/MSVC/14.44.35207/bin/Hostx64/x64/windres.exe"
      - "C:/src/vcpkg/installed/x64-windows-static/Program Files/Microsoft Visual Studio/2022/Community/VC/Tools/MSVC/14.44.35207/bin/Hostx64/x64/windres"
      - "C:/src/vcpkg/installed/x64-windows-static/Program Files/Microsoft Visual Studio/2022/Community/Common7/IDE/VC/vcpackages/windres.com"
      - "C:/src/vcpkg/installed/x64-windows-static/Program Files/Microsoft Visual Studio/2022/Community/Common7/IDE/VC/vcpackages/windres.exe"
      - "C:/src/vcpkg/installed/x64-windows-static/Program Files/Microsoft Visual Studio/2022/Community/Common7/IDE/VC/vcpackages/windres"
      - "C:/src/vcpkg/installed/x64-windows-static/Program Files/Microsoft Visual Studio/2022/Community/Common7/IDE/CommonExtensions/Microsoft/TestWindow/windres.com"
      - "C:/src/vcpkg/installed/x64-windows-static/Program Files/Microsoft Visual Studio/2022/Community/Common7/IDE/CommonExtensions/Microsoft/TestWindow/windres.exe"
      - "C:/src/vcpkg/installed/x64-windows-static/Program Files/Microsoft Visual Studio/2022/Community/Common7/IDE/CommonExtensions/Microsoft/TestWindow/windres"
      - "C:/src/vcpkg/installed/x64-windows-static/Program Files/Microsoft Visual Studio/2022/Community/Common7/IDE/CommonExtensions/Microsoft/TeamFoundation/Team Explorer/windres.com"
      - "C:/src/vcpkg/installed/x64-windows-static/Program Files/Microsoft Visual Studio/2022/Community/Common7/IDE/CommonExtensions/Microsoft/TeamFoundation/Team Explorer/windres.exe"
      - "C:/src/vcpkg/installed/x64-windows-static/Program Files/Microsoft Visual Studio/2022/Community/Common7/IDE/CommonExtensions/Microsoft/TeamFoundation/Team Explorer/windres"
      - "C:/src/vcpkg/installed/x64-windows-static/Program Files/Microsoft Visual Studio/2022/Community/MSBuild/Current/Bin/Roslyn/windres.com"
      - "C:/src/vcpkg/installed/x64-windows-static/Program Files/Microsoft Visual Studio/2022/Community/MSBuild/Current/Bin/Roslyn/windres.exe"
      - "C:/src/vcpkg/installed/x64-windows-static/Program Files/Microsoft Visual Studio/2022/Community/MSBuild/Current/Bin/Roslyn/windres"
      - "C:/src/vcpkg/installed/x64-windows-static/Program Files (x86)/Microsoft SDKs/Windows/v10.0A/bin/NETFX 4.8 Tools/x64/windres.com"
      - "C:/src/vcpkg/installed/x64-windows-static/Program Files (x86)/Microsoft SDKs/Windows/v10.0A/bin/NETFX 4.8 Tools/x64/windres.exe"
      - "C:/src/vcpkg/installed/x64-windows-static/Program Files (x86)/Microsoft SDKs/Windows/v10.0A/bin/NETFX 4.8 Tools/x64/windres"
      - "C:/src/vcpkg/installed/x64-windows-static/Program Files/Microsoft Visual Studio/2022/Community/Common7/IDE/CommonExtensions/Microsoft/FSharp/Tools/windres.com"
      - "C:/src/vcpkg/installed/x64-windows-static/Program Files/Microsoft Visual Studio/2022/Community/Common7/IDE/CommonExtensions/Microsoft/FSharp/Tools/windres.exe"
      - "C:/src/vcpkg/installed/x64-windows-static/Program Files/Microsoft Visual Studio/2022/Community/Common7/IDE/CommonExtensions/Microsoft/FSharp/Tools/windres"
      - "C:/src/vcpkg/installed/x64-windows-static/Program Files/Microsoft Visual Studio/2022/Community/Team Tools/DiagnosticsHub/Collector/windres.com"
      - "C:/src/vcpkg/installed/x64-windows-static/Program Files/Microsoft Visual Studio/2022/Community/Team Tools/DiagnosticsHub/Collector/windres.exe"
      - "C:/src/vcpkg/installed/x64-windows-static/Program Files/Microsoft Visual Studio/2022/Community/Team Tools/DiagnosticsHub/Collector/windres"
      - "C:/src/vcpkg/installed/x64-windows-static/Program Files (x86)/Windows Kits/10/bin/10.0.26100.0/x64/windres.com"
      - "C:/src/vcpkg/installed/x64-windows-static/Program Files (x86)/Windows Kits/10/bin/10.0.26100.0/x64/windres.exe"
      - "C:/src/vcpkg/installed/x64-windows-static/Program Files (x86)/Windows Kits/10/bin/10.0.26100.0/x64/windres"
      - "C:/src/vcpkg/installed/x64-windows-static/Program Files (x86)/Windows Kits/10/bin/x64/windres.com"
      - "C:/src/vcpkg/installed/x64-windows-static/Program Files (x86)/Windows Kits/10/bin/x64/windres.exe"
      - "C:/src/vcpkg/installed/x64-windows-static/Program Files (x86)/Windows Kits/10/bin/x64/windres"
      - "C:/src/vcpkg/installed/x64-windows-static/Program Files/Microsoft Visual Studio/2022/Community/MSBuild/Current/Bin/amd64/windres.com"
      - "C:/src/vcpkg/installed/x64-windows-static/Program Files/Microsoft Visual Studio/2022/Community/MSBuild/Current/Bin/amd64/windres.exe"
      - "C:/src/vcpkg/installed/x64-windows-static/Program Files/Microsoft Visual Studio/2022/Community/MSBuild/Current/Bin/amd64/windres"
      - "C:/src/vcpkg/installed/x64-windows-static/Windows/Microsoft.NET/Framework64/v4.0.30319/windres.com"
      - "C:/src/vcpkg/installed/x64-windows-static/Windows/Microsoft.NET/Framework64/v4.0.30319/windres.exe"
      - "C:/src/vcpkg/installed/x64-windows-static/Windows/Microsoft.NET/Framework64/v4.0.30319/windres"
      - "C:/src/vcpkg/installed/x64-windows-static/Program Files/Microsoft Visual Studio/2022/Community/Common7/IDE/windres.com"
      - "C:/src/vcpkg/installed/x64-windows-static/Program Files/Microsoft Visual Studio/2022/Community/Common7/IDE/windres.exe"
      - "C:/src/vcpkg/installed/x64-windows-static/Program Files/Microsoft Visual Studio/2022/Community/Common7/IDE/windres"
      - "C:/src/vcpkg/installed/x64-windows-static/Program Files/Microsoft Visual Studio/2022/Community/Common7/Tools/windres.com"
      - "C:/src/vcpkg/installed/x64-windows-static/Program Files/Microsoft Visual Studio/2022/Community/Common7/Tools/windres.exe"
      - "C:/src/vcpkg/installed/x64-windows-static/Program Files/Microsoft Visual Studio/2022/Community/Common7/Tools/windres"
      - "C:/src/vcpkg/installed/x64-windows-static/src/vcpkg/downloads/tools/powershell-core-7.6.4-windows/windres.com"
      - "C:/src/vcpkg/installed/x64-windows-static/src/vcpkg/downloads/tools/powershell-core-7.6.4-windows/windres.exe"
      - "C:/src/vcpkg/installed/x64-windows-static/src/vcpkg/downloads/tools/powershell-core-7.6.4-windows/windres"
      - "C:/src/vcpkg/installed/x64-windows-static/Windows/System32/windres.com"
      - "C:/src/vcpkg/installed/x64-windows-static/Windows/System32/windres.exe"
      - "C:/src/vcpkg/installed/x64-windows-static/Windows/System32/windres"
      - "C:/src/vcpkg/installed/x64-windows-static/Windows/windres.com"
      - "C:/src/vcpkg/installed/x64-windows-static/Windows/windres.exe"
      - "C:/src/vcpkg/installed/x64-windows-static/Windows/windres"
      - "C:/src/vcpkg/installed/x64-windows-static/Windows/System32/wbem/windres.com"
      - "C:/src/vcpkg/installed/x64-windows-static/Windows/System32/wbem/windres.exe"
      - "C:/src/vcpkg/installed/x64-windows-static/Windows/System32/wbem/windres"
      - "C:/src/vcpkg/installed/x64-windows-static/Windows/System32/WindowsPowerShell/v1.0/windres.com"
      - "C:/src/vcpkg/installed/x64-windows-static/Windows/System32/WindowsPowerShell/v1.0/windres.exe"
      - "C:/src/vcpkg/installed/x64-windows-static/Windows/System32/WindowsPowerShell/v1.0/windres"
      - "C:/src/vcpkg/installed/x64-windows-static/Windows/System32/OpenSSH/windres.com"
      - "C:/src/vcpkg/installed/x64-windows-static/Windows/System32/OpenSSH/windres.exe"
      - "C:/src/vcpkg/installed/x64-windows-static/Windows/System32/OpenSSH/windres"
      - "C:/src/vcpkg/installed/x64-windows-static/Program Files/Microsoft Visual Studio/2022/Community/Common7/IDE/CommonExtensions/Microsoft/CMake/CMake/bin/windres.com"
      - "C:/src/vcpkg/installed/x64-windows-static/Program Files/Microsoft Visual Studio/2022/Community/Common7/IDE/CommonExtensions/Microsoft/CMake/CMake/bin/windres.exe"
      - "C:/src/vcpkg/installed/x64-windows-static/Program Files/Microsoft Visual Studio/2022/Community/Common7/IDE/CommonExtensions/Microsoft/CMake/CMake/bin/windres"
      - "C:/src/vcpkg/installed/x64-windows-static/Program Files/Microsoft Visual Studio/2022/Community/Common7/IDE/CommonExtensions/Microsoft/CMake/Ninja/windres.com"
      - "C:/src/vcpkg/installed/x64-windows-static/Program Files/Microsoft Visual Studio/2022/Community/Common7/IDE/CommonExtensions/Microsoft/CMake/Ninja/windres.exe"
      - "C:/src/vcpkg/installed/x64-windows-static/Program Files/Microsoft Visual Studio/2022/Community/Common7/IDE/CommonExtensions/Microsoft/CMake/Ninja/windres"
      - "C:/src/vcpkg/installed/x64-windows-static/Program Files/Microsoft Visual Studio/2022/Community/Common7/IDE/VC/Linux/bin/ConnectionManagerExe/windres.com"
      - "C:/src/vcpkg/installed/x64-windows-static/Program Files/Microsoft Visual Studio/2022/Community/Common7/IDE/VC/Linux/bin/ConnectionManagerExe/windres.exe"
      - "C:/src/vcpkg/installed/x64-windows-static/Program Files/Microsoft Visual Studio/2022/Community/Common7/IDE/VC/Linux/bin/ConnectionManagerExe/windres"
      - "C:/src/vcpkg/installed/x64-windows-static/Program Files/Microsoft Visual Studio/2022/Community/VC/vcpkg/windres.com"
      - "C:/src/vcpkg/installed/x64-windows-static/Program Files/Microsoft Visual Studio/2022/Community/VC/vcpkg/windres.exe"
      - "C:/src/vcpkg/installed/x64-windows-static/Program Files/Microsoft Visual Studio/2022/Community/VC/vcpkg/windres"
      - "C:/src/vcpkg/installed/x64-windows-static/src/vcpkg/downloads/tools/ninja-1.13.2-windows/windres.com"
      - "C:/src/vcpkg/installed/x64-windows-static/src/vcpkg/downloads/tools/ninja-1.13.2-windows/windres.exe"
      - "C:/src/vcpkg/installed/x64-windows-static/src/vcpkg/downloads/tools/ninja-1.13.2-windows/windres"
      - "C:/src/vcpkg/installed/x64-windows-static/Program Files/bin/windres.com"
      - "C:/src/vcpkg/installed/x64-windows-static/Program Files/bin/windres.exe"
      - "C:/src/vcpkg/installed/x64-windows-static/Program Files/bin/windres"
      - "C:/src/vcpkg/installed/x64-windows-static/Program Files/sbin/windres.com"
      - "C:/src/vcpkg/installed/x64-windows-static/Program Files/sbin/windres.exe"
      - "C:/src/vcpkg/installed/x64-windows-static/Program Files/sbin/windres"
      - "C:/src/vcpkg/installed/x64-windows-static/Program Files/windres.com"
      - "C:/src/vcpkg/installed/x64-windows-static/Program Files/windres.exe"
      - "C:/src/vcpkg/installed/x64-windows-static/Program Files/windres"
      - "C:/src/vcpkg/installed/x64-windows-static/Program Files (x86)/bin/windres.com"
      - "C:/src/vcpkg/installed/x64-windows-static/Program Files (x86)/bin/windres.exe"
      - "C:/src/vcpkg/installed/x64-windows-static/Program Files (x86)/bin/windres"
      - "C:/src/vcpkg/installed/x64-windows-static/Program Files (x86)/sbin/windres.com"
      - "C:/src/vcpkg/installed/x64-windows-static/Program Files (x86)/sbin/windres.exe"
      - "C:/src/vcpkg/installed/x64-windows-static/Program Files (x86)/sbin/windres"
      - "C:/src/vcpkg/installed/x64-windows-static/Program Files (x86)/windres.com"
      - "C:/src/vcpkg/installed/x64-windows-static/Program Files (x86)/windres.exe"
      - "C:/src/vcpkg/installed/x64-windows-static/Program Files (x86)/windres"
      - "C:/src/vcpkg/installed/x64-windows-static/Program Files/CMake/bin/windres.com"
      - "C:/src/vcpkg/installed/x64-windows-static/Program Files/CMake/bin/windres.exe"
      - "C:/src/vcpkg/installed/x64-windows-static/Program Files/CMake/bin/windres"
      - "C:/src/vcpkg/installed/x64-windows-static/Program Files/CMake/sbin/windres.com"
      - "C:/src/vcpkg/installed/x64-windows-static/Program Files/CMake/sbin/windres.exe"
      - "C:/src/vcpkg/installed/x64-windows-static/Program Files/CMake/sbin/windres"
      - "C:/src/vcpkg/installed/x64-windows-static/Program Files/CMake/windres.com"
      - "C:/src/vcpkg/installed/x64-windows-static/Program Files/CMake/windres.exe"
      - "C:/src/vcpkg/installed/x64-windows-static/Program Files/CMake/windres"
      - "C:/src/vcpkg/installed/x64-windows-static/src/vcpkg/packages/sdl2_x64-windows-static/bin/windres.com"
      - "C:/src/vcpkg/installed/x64-windows-static/src/vcpkg/packages/sdl2_x64-windows-static/bin/windres.exe"
      - "C:/src/vcpkg/installed/x64-windows-static/src/vcpkg/packages/sdl2_x64-windows-static/bin/windres"
      - "C:/src/vcpkg/installed/x64-windows-static/src/vcpkg/packages/sdl2_x64-windows-static/sbin/windres.com"
      - "C:/src/vcpkg/installed/x64-windows-static/src/vcpkg/packages/sdl2_x64-windows-static/sbin/windres.exe"
      - "C:/src/vcpkg/installed/x64-windows-static/src/vcpkg/packages/sdl2_x64-windows-static/sbin/windres"
      - "C:/src/vcpkg/installed/x64-windows-static/src/vcpkg/packages/sdl2_x64-windows-static/windres.com"
      - "C:/src/vcpkg/installed/x64-windows-static/src/vcpkg/packages/sdl2_x64-windows-static/windres.exe"
      - "C:/src/vcpkg/installed/x64-windows-static/src/vcpkg/packages/sdl2_x64-windows-static/windres"
      - "C:/src/vcpkg/installed/x64-windows-static/debug/src/vcpkg/installed/x64-windows-static/bin/windres.com"
      - "C:/src/vcpkg/installed/x64-windows-static/debug/src/vcpkg/installed/x64-windows-static/bin/windres.exe"
      - "C:/src/vcpkg/installed/x64-windows-static/debug/src/vcpkg/installed/x64-windows-static/bin/windres"
      - "C:/src/vcpkg/installed/x64-windows-static/debug/src/vcpkg/installed/x64-windows-static/sbin/windres.com"
      - "C:/src/vcpkg/installed/x64-windows-static/debug/src/vcpkg/installed/x64-windows-static/sbin/windres.exe"
      - "C:/src/vcpkg/installed/x64-windows-static/debug/src/vcpkg/installed/x64-windows-static/sbin/windres"
      - "C:/src/vcpkg/installed/x64-windows-static/debug/src/vcpkg/installed/x64-windows-static/windres.com"
      - "C:/src/vcpkg/installed/x64-windows-static/debug/src/vcpkg/installed/x64-windows-static/windres.exe"
      - "C:/src/vcpkg/installed/x64-windows-static/debug/src/vcpkg/installed/x64-windows-static/windres"
      - "C:/src/vcpkg/installed/x64-windows-static/debug/bin/windres.com"
      - "C:/src/vcpkg/installed/x64-windows-static/debug/bin/windres.exe"
      - "C:/src/vcpkg/installed/x64-windows-static/debug/bin/windres"
      - "C:/src/vcpkg/installed/x64-windows-static/debug/sbin/windres.com"
      - "C:/src/vcpkg/installed/x64-windows-static/debug/sbin/windres.exe"
      - "C:/src/vcpkg/installed/x64-windows-static/debug/sbin/windres"
      - "C:/src/vcpkg/installed/x64-windows-static/debug/windres.com"
      - "C:/src/vcpkg/installed/x64-windows-static/debug/windres.exe"
      - "C:/src/vcpkg/installed/x64-windows-static/debug/windres"
      - "C:/src/vcpkg/installed/x64-windows-static/debug/src/vcpkg/installed/x64-windows-static/tools/windres.com"
      - "C:/src/vcpkg/installed/x64-windows-static/debug/src/vcpkg/installed/x64-windows-static/tools/windres.exe"
      - "C:/src/vcpkg/installed/x64-windows-static/debug/src/vcpkg/installed/x64-windows-static/tools/windres"
      - "C:/src/vcpkg/installed/x64-windows-static/debug/Program Files/Microsoft Visual Studio/2022/Community/VC/Tools/MSVC/14.44.35207/bin/Hostx64/x64/windres.com"
      - "C:/src/vcpkg/installed/x64-windows-static/debug/Program Files/Microsoft Visual Studio/2022/Community/VC/Tools/MSVC/14.44.35207/bin/Hostx64/x64/windres.exe"
      - "C:/src/vcpkg/installed/x64-windows-static/debug/Program Files/Microsoft Visual Studio/2022/Community/VC/Tools/MSVC/14.44.35207/bin/Hostx64/x64/windres"
      - "C:/src/vcpkg/installed/x64-windows-static/debug/Program Files/Microsoft Visual Studio/2022/Community/Common7/IDE/VC/vcpackages/windres.com"
      - "C:/src/vcpkg/installed/x64-windows-static/debug/Program Files/Microsoft Visual Studio/2022/Community/Common7/IDE/VC/vcpackages/windres.exe"
      - "C:/src/vcpkg/installed/x64-windows-static/debug/Program Files/Microsoft Visual Studio/2022/Community/Common7/IDE/VC/vcpackages/windres"
      - "C:/src/vcpkg/installed/x64-windows-static/debug/Program Files/Microsoft Visual Studio/2022/Community/Common7/IDE/CommonExtensions/Microsoft/TestWindow/windres.com"
      - "C:/src/vcpkg/installed/x64-windows-static/debug/Program Files/Microsoft Visual Studio/2022/Community/Common7/IDE/CommonExtensions/Microsoft/TestWindow/windres.exe"
      - "C:/src/vcpkg/installed/x64-windows-static/debug/Program Files/Microsoft Visual Studio/2022/Community/Common7/IDE/CommonExtensions/Microsoft/TestWindow/windres"
      - "C:/src/vcpkg/installed/x64-windows-static/debug/Program Files/Microsoft Visual Studio/2022/Community/Common7/IDE/CommonExtensions/Microsoft/TeamFoundation/Team Explorer/windres.com"
      - "C:/src/vcpkg/installed/x64-windows-static/debug/Program Files/Microsoft Visual Studio/2022/Community/Common7/IDE/CommonExtensions/Microsoft/TeamFoundation/Team Explorer/windres.exe"
      - "C:/src/vcpkg/installed/x64-windows-static/debug/Program Files/Microsoft Visual Studio/2022/Community/Common7/IDE/CommonExtensions/Microsoft/TeamFoundation/Team Explorer/windres"
      - "C:/src/vcpkg/installed/x64-windows-static/debug/Program Files/Microsoft Visual Studio/2022/Community/MSBuild/Current/Bin/Roslyn/windres.com"
      - "C:/src/vcpkg/installed/x64-windows-static/debug/Program Files/Microsoft Visual Studio/2022/Community/MSBuild/Current/Bin/Roslyn/windres.exe"
      - "C:/src/vcpkg/installed/x64-windows-static/debug/Program Files/Microsoft Visual Studio/2022/Community/MSBuild/Current/Bin/Roslyn/windres"
      - "C:/src/vcpkg/installed/x64-windows-static/debug/Program Files (x86)/Microsoft SDKs/Windows/v10.0A/bin/NETFX 4.8 Tools/x64/windres.com"
      - "C:/src/vcpkg/installed/x64-windows-static/debug/Program Files (x86)/Microsoft SDKs/Windows/v10.0A/bin/NETFX 4.8 Tools/x64/windres.exe"
      - "C:/src/vcpkg/installed/x64-windows-static/debug/Program Files (x86)/Microsoft SDKs/Windows/v10.0A/bin/NETFX 4.8 Tools/x64/windres"
      - "C:/src/vcpkg/installed/x64-windows-static/debug/Program Files/Microsoft Visual Studio/2022/Community/Common7/IDE/CommonExtensions/Microsoft/FSharp/Tools/windres.com"
      - "C:/src/vcpkg/installed/x64-windows-static/debug/Program Files/Microsoft Visual Studio/2022/Community/Common7/IDE/CommonExtensions/Microsoft/FSharp/Tools/windres.exe"
      - "C:/src/vcpkg/installed/x64-windows-static/debug/Program Files/Microsoft Visual Studio/2022/Community/Common7/IDE/CommonExtensions/Microsoft/FSharp/Tools/windres"
      - "C:/src/vcpkg/installed/x64-windows-static/debug/Program Files/Microsoft Visual Studio/2022/Community/Team Tools/DiagnosticsHub/Collector/windres.com"
      - "C:/src/vcpkg/installed/x64-windows-static/debug/Program Files/Microsoft Visual Studio/2022/Community/Team Tools/DiagnosticsHub/Collector/windres.exe"
      - "C:/src/vcpkg/installed/x64-windows-static/debug/Program Files/Microsoft Visual Studio/2022/Community/Team Tools/DiagnosticsHub/Collector/windres"
      - "C:/src/vcpkg/installed/x64-windows-static/debug/Program Files (x86)/Windows Kits/10/bin/10.0.26100.0/x64/windres.com"
      - "C:/src/vcpkg/installed/x64-windows-static/debug/Program Files (x86)/Windows Kits/10/bin/10.0.26100.0/x64/windres.exe"
      - "C:/src/vcpkg/installed/x64-windows-static/debug/Program Files (x86)/Windows Kits/10/bin/10.0.26100.0/x64/windres"
      - "C:/src/vcpkg/installed/x64-windows-static/debug/Program Files (x86)/Windows Kits/10/bin/x64/windres.com"
      - "C:/src/vcpkg/installed/x64-windows-static/debug/Program Files (x86)/Windows Kits/10/bin/x64/windres.exe"
      - "C:/src/vcpkg/installed/x64-windows-static/debug/Program Files (x86)/Windows Kits/10/bin/x64/windres"
      - "C:/src/vcpkg/installed/x64-windows-static/debug/Program Files/Microsoft Visual Studio/2022/Community/MSBuild/Current/Bin/amd64/windres.com"
      - "C:/src/vcpkg/installed/x64-windows-static/debug/Program Files/Microsoft Visual Studio/2022/Community/MSBuild/Current/Bin/amd64/windres.exe"
      - "C:/src/vcpkg/installed/x64-windows-static/debug/Program Files/Microsoft Visual Studio/2022/Community/MSBuild/Current/Bin/amd64/windres"
      - "C:/src/vcpkg/installed/x64-windows-static/debug/Windows/Microsoft.NET/Framework64/v4.0.30319/windres.com"
      - "C:/src/vcpkg/installed/x64-windows-static/debug/Windows/Microsoft.NET/Framework64/v4.0.30319/windres.exe"
      - "C:/src/vcpkg/installed/x64-windows-static/debug/Windows/Microsoft.NET/Framework64/v4.0.30319/windres"
      - "C:/src/vcpkg/installed/x64-windows-static/debug/Program Files/Microsoft Visual Studio/2022/Community/Common7/IDE/windres.com"
      - "C:/src/vcpkg/installed/x64-windows-static/debug/Program Files/Microsoft Visual Studio/2022/Community/Common7/IDE/windres.exe"
      - "C:/src/vcpkg/installed/x64-windows-static/debug/Program Files/Microsoft Visual Studio/2022/Community/Common7/IDE/windres"
      - "C:/src/vcpkg/installed/x64-windows-static/debug/Program Files/Microsoft Visual Studio/2022/Community/Common7/Tools/windres.com"
      - "C:/src/vcpkg/installed/x64-windows-static/debug/Program Files/Microsoft Visual Studio/2022/Community/Common7/Tools/windres.exe"
      - "C:/src/vcpkg/installed/x64-windows-static/debug/Program Files/Microsoft Visual Studio/2022/Community/Common7/Tools/windres"
      - "C:/src/vcpkg/installed/x64-windows-static/debug/src/vcpkg/downloads/tools/powershell-core-7.6.4-windows/windres.com"
      - "C:/src/vcpkg/installed/x64-windows-static/debug/src/vcpkg/downloads/tools/powershell-core-7.6.4-windows/windres.exe"
      - "C:/src/vcpkg/installed/x64-windows-static/debug/src/vcpkg/downloads/tools/powershell-core-7.6.4-windows/windres"
      - "C:/src/vcpkg/installed/x64-windows-static/debug/Windows/System32/windres.com"
      - "C:/src/vcpkg/installed/x64-windows-static/debug/Windows/System32/windres.exe"
      - "C:/src/vcpkg/installed/x64-windows-static/debug/Windows/System32/windres"
      - "C:/src/vcpkg/installed/x64-windows-static/debug/Windows/windres.com"
      - "C:/src/vcpkg/installed/x64-windows-static/debug/Windows/windres.exe"
      - "C:/src/vcpkg/installed/x64-windows-static/debug/Windows/windres"
      - "C:/src/vcpkg/installed/x64-windows-static/debug/Windows/System32/wbem/windres.com"
      - "C:/src/vcpkg/installed/x64-windows-static/debug/Windows/System32/wbem/windres.exe"
      - "C:/src/vcpkg/installed/x64-windows-static/debug/Windows/System32/wbem/windres"
      - "C:/src/vcpkg/installed/x64-windows-static/debug/Windows/System32/WindowsPowerShell/v1.0/windres.com"
      - "C:/src/vcpkg/installed/x64-windows-static/debug/Windows/System32/WindowsPowerShell/v1.0/windres.exe"
      - "C:/src/vcpkg/installed/x64-windows-static/debug/Windows/System32/WindowsPowerShell/v1.0/windres"
      - "C:/src/vcpkg/installed/x64-windows-static/debug/Windows/System32/OpenSSH/windres.com"
      - "C:/src/vcpkg/installed/x64-windows-static/debug/Windows/System32/OpenSSH/windres.exe"
      - "C:/src/vcpkg/installed/x64-windows-static/debug/Windows/System32/OpenSSH/windres"
      - "C:/src/vcpkg/installed/x64-windows-static/debug/Program Files/Microsoft Visual Studio/2022/Community/Common7/IDE/CommonExtensions/Microsoft/CMake/CMake/bin/windres.com"
      - "C:/src/vcpkg/installed/x64-windows-static/debug/Program Files/Microsoft Visual Studio/2022/Community/Common7/IDE/CommonExtensions/Microsoft/CMake/CMake/bin/windres.exe"
      - "C:/src/vcpkg/installed/x64-windows-static/debug/Program Files/Microsoft Visual Studio/2022/Community/Common7/IDE/CommonExtensions/Microsoft/CMake/CMake/bin/windres"
      - "C:/src/vcpkg/installed/x64-windows-static/debug/Program Files/Microsoft Visual Studio/2022/Community/Common7/IDE/CommonExtensions/Microsoft/CMake/Ninja/windres.com"
      - "C:/src/vcpkg/installed/x64-windows-static/debug/Program Files/Microsoft Visual Studio/2022/Community/Common7/IDE/CommonExtensions/Microsoft/CMake/Ninja/windres.exe"
      - "C:/src/vcpkg/installed/x64-windows-static/debug/Program Files/Microsoft Visual Studio/2022/Community/Common7/IDE/CommonExtensions/Microsoft/CMake/Ninja/windres"
      - "C:/src/vcpkg/installed/x64-windows-static/debug/Program Files/Microsoft Visual Studio/2022/Community/Common7/IDE/VC/Linux/bin/ConnectionManagerExe/windres.com"
      - "C:/src/vcpkg/installed/x64-windows-static/debug/Program Files/Microsoft Visual Studio/2022/Community/Common7/IDE/VC/Linux/bin/ConnectionManagerExe/windres.exe"
      - "C:/src/vcpkg/installed/x64-windows-static/debug/Program Files/Microsoft Visual Studio/2022/Community/Common7/IDE/VC/Linux/bin/ConnectionManagerExe/windres"
      - "C:/src/vcpkg/installed/x64-windows-static/debug/Program Files/Microsoft Visual Studio/2022/Community/VC/vcpkg/windres.com"
      - "C:/src/vcpkg/installed/x64-windows-static/debug/Program Files/Microsoft Visual Studio/2022/Community/VC/vcpkg/windres.exe"
      - "C:/src/vcpkg/installed/x64-windows-static/debug/Program Files/Microsoft Visual Studio/2022/Community/VC/vcpkg/windres"
      - "C:/src/vcpkg/installed/x64-windows-static/debug/src/vcpkg/downloads/tools/ninja-1.13.2-windows/windres.com"
      - "C:/src/vcpkg/installed/x64-windows-static/debug/src/vcpkg/downloads/tools/ninja-1.13.2-windows/windres.exe"
      - "C:/src/vcpkg/installed/x64-windows-static/debug/src/vcpkg/downloads/tools/ninja-1.13.2-windows/windres"
      - "C:/src/vcpkg/installed/x64-windows-static/debug/Program Files/bin/windres.com"
      - "C:/src/vcpkg/installed/x64-windows-static/debug/Program Files/bin/windres.exe"
      - "C:/src/vcpkg/installed/x64-windows-static/debug/Program Files/bin/windres"
      - "C:/src/vcpkg/installed/x64-windows-static/debug/Program Files/sbin/windres.com"
      - "C:/src/vcpkg/installed/x64-windows-static/debug/Program Files/sbin/windres.exe"
      - "C:/src/vcpkg/installed/x64-windows-static/debug/Program Files/sbin/windres"
      - "C:/src/vcpkg/installed/x64-windows-static/debug/Program Files/windres.com"
      - "C:/src/vcpkg/installed/x64-windows-static/debug/Program Files/windres.exe"
      - "C:/src/vcpkg/installed/x64-windows-static/debug/Program Files/windres"
      - "C:/src/vcpkg/installed/x64-windows-static/debug/Program Files (x86)/bin/windres.com"
      - "C:/src/vcpkg/installed/x64-windows-static/debug/Program Files (x86)/bin/windres.exe"
      - "C:/src/vcpkg/installed/x64-windows-static/debug/Program Files (x86)/bin/windres"
      - "C:/src/vcpkg/installed/x64-windows-static/debug/Program Files (x86)/sbin/windres.com"
      - "C:/src/vcpkg/installed/x64-windows-static/debug/Program Files (x86)/sbin/windres.exe"
      - "C:/src/vcpkg/installed/x64-windows-static/debug/Program Files (x86)/sbin/windres"
      - "C:/src/vcpkg/installed/x64-windows-static/debug/Program Files (x86)/windres.com"
      - "C:/src/vcpkg/installed/x64-windows-static/debug/Program Files (x86)/windres.exe"
      - "C:/src/vcpkg/installed/x64-windows-static/debug/Program Files (x86)/windres"
      - "C:/src/vcpkg/installed/x64-windows-static/debug/Program Files/CMake/bin/windres.com"
      - "C:/src/vcpkg/installed/x64-windows-static/debug/Program Files/CMake/bin/windres.exe"
      - "C:/src/vcpkg/installed/x64-windows-static/debug/Program Files/CMake/bin/windres"
      - "C:/src/vcpkg/installed/x64-windows-static/debug/Program Files/CMake/sbin/windres.com"
      - "C:/src/vcpkg/installed/x64-windows-static/debug/Program Files/CMake/sbin/windres.exe"
      - "C:/src/vcpkg/installed/x64-windows-static/debug/Program Files/CMake/sbin/windres"
      - "C:/src/vcpkg/installed/x64-windows-static/debug/Program Files/CMake/windres.com"
      - "C:/src/vcpkg/installed/x64-windows-static/debug/Program Files/CMake/windres.exe"
      - "C:/src/vcpkg/installed/x64-windows-static/debug/Program Files/CMake/windres"
      - "C:/src/vcpkg/installed/x64-windows-static/debug/src/vcpkg/packages/sdl2_x64-windows-static/bin/windres.com"
      - "C:/src/vcpkg/installed/x64-windows-static/debug/src/vcpkg/packages/sdl2_x64-windows-static/bin/windres.exe"
      - "C:/src/vcpkg/installed/x64-windows-static/debug/src/vcpkg/packages/sdl2_x64-windows-static/bin/windres"
      - "C:/src/vcpkg/installed/x64-windows-static/debug/src/vcpkg/packages/sdl2_x64-windows-static/sbin/windres.com"
      - "C:/src/vcpkg/installed/x64-windows-static/debug/src/vcpkg/packages/sdl2_x64-windows-static/sbin/windres.exe"
      - "C:/src/vcpkg/installed/x64-windows-static/debug/src/vcpkg/packages/sdl2_x64-windows-static/sbin/windres"
      - "C:/src/vcpkg/installed/x64-windows-static/debug/src/vcpkg/packages/sdl2_x64-windows-static/windres.com"
      - "C:/src/vcpkg/installed/x64-windows-static/debug/src/vcpkg/packages/sdl2_x64-windows-static/windres.exe"
      - "C:/src/vcpkg/installed/x64-windows-static/debug/src/vcpkg/packages/sdl2_x64-windows-static/windres"
      - "C:/src/vcpkg/installed/x64-windows-static/bin/windres.com"
      - "C:/src/vcpkg/installed/x64-windows-static/bin/windres.exe"
      - "C:/src/vcpkg/installed/x64-windows-static/bin/windres"
      - "C:/src/vcpkg/installed/x64-windows-static/sbin/windres.com"
      - "C:/src/vcpkg/installed/x64-windows-static/sbin/windres.exe"
      - "C:/src/vcpkg/installed/x64-windows-static/sbin/windres"
      - "C:/src/vcpkg/installed/x64-windows-static/windres.com"
      - "C:/src/vcpkg/installed/x64-windows-static/windres.exe"
      - "C:/src/vcpkg/installed/x64-windows-static/windres"
      - "C:/src/vcpkg/installed/x64-windows-static/debug/bin/windres.com"
      - "C:/src/vcpkg/installed/x64-windows-static/debug/bin/windres.exe"
      - "C:/src/vcpkg/installed/x64-windows-static/debug/bin/windres"
      - "C:/src/vcpkg/installed/x64-windows-static/debug/sbin/windres.com"
      - "C:/src/vcpkg/installed/x64-windows-static/debug/sbin/windres.exe"
      - "C:/src/vcpkg/installed/x64-windows-static/debug/sbin/windres"
      - "C:/src/vcpkg/installed/x64-windows-static/debug/windres.com"
      - "C:/src/vcpkg/installed/x64-windows-static/debug/windres.exe"
      - "C:/src/vcpkg/installed/x64-windows-static/debug/windres"
      - "C:/src/vcpkg/installed/x64-windows-static/tools/windres.com"
      - "C:/src/vcpkg/installed/x64-windows-static/tools/windres.exe"
      - "C:/src/vcpkg/installed/x64-windows-static/tools/windres"
      - "C:/Program Files/Microsoft Visual Studio/2022/Community/VC/Tools/MSVC/14.44.35207/bin/Hostx64/x64/windres.com"
      - "C:/Program Files/Microsoft Visual Studio/2022/Community/VC/Tools/MSVC/14.44.35207/bin/Hostx64/x64/windres.exe"
      - "C:/Program Files/Microsoft Visual Studio/2022/Community/VC/Tools/MSVC/14.44.35207/bin/Hostx64/x64/windres"
      - "C:/Program Files/Microsoft Visual Studio/2022/Community/Common7/IDE/VC/vcpackages/windres.com"
      - "C:/Program Files/Microsoft Visual Studio/2022/Community/Common7/IDE/VC/vcpackages/windres.exe"
      - "C:/Program Files/Microsoft Visual Studio/2022/Community/Common7/IDE/VC/vcpackages/windres"
      - "C:/Program Files/Microsoft Visual Studio/2022/Community/Common7/IDE/CommonExtensions/Microsoft/TestWindow/windres.com"
      - "C:/Program Files/Microsoft Visual Studio/2022/Community/Common7/IDE/CommonExtensions/Microsoft/TestWindow/windres.exe"
      - "C:/Program Files/Microsoft Visual Studio/2022/Community/Common7/IDE/CommonExtensions/Microsoft/TestWindow/windres"
      - "C:/Program Files/Microsoft Visual Studio/2022/Community/Common7/IDE/CommonExtensions/Microsoft/TeamFoundation/Team Explorer/windres.com"
      - "C:/Program Files/Microsoft Visual Studio/2022/Community/Common7/IDE/CommonExtensions/Microsoft/TeamFoundation/Team Explorer/windres.exe"
      - "C:/Program Files/Microsoft Visual Studio/2022/Community/Common7/IDE/CommonExtensions/Microsoft/TeamFoundation/Team Explorer/windres"
      - "C:/Program Files/Microsoft Visual Studio/2022/Community/MSBuild/Current/Bin/Roslyn/windres.com"
      - "C:/Program Files/Microsoft Visual Studio/2022/Community/MSBuild/Current/Bin/Roslyn/windres.exe"
      - "C:/Program Files/Microsoft Visual Studio/2022/Community/MSBuild/Current/Bin/Roslyn/windres"
      - "C:/Program Files (x86)/Microsoft SDKs/Windows/v10.0A/bin/NETFX 4.8 Tools/x64/windres.com"
      - "C:/Program Files (x86)/Microsoft SDKs/Windows/v10.0A/bin/NETFX 4.8 Tools/x64/windres.exe"
      - "C:/Program Files (x86)/Microsoft SDKs/Windows/v10.0A/bin/NETFX 4.8 Tools/x64/windres"
      - "C:/Program Files/Microsoft Visual Studio/2022/Community/Common7/IDE/CommonExtensions/Microsoft/FSharp/Tools/windres.com"
      - "C:/Program Files/Microsoft Visual Studio/2022/Community/Common7/IDE/CommonExtensions/Microsoft/FSharp/Tools/windres.exe"
      - "C:/Program Files/Microsoft Visual Studio/2022/Community/Common7/IDE/CommonExtensions/Microsoft/FSharp/Tools/windres"
      - "C:/Program Files/Microsoft Visual Studio/2022/Community/Team Tools/DiagnosticsHub/Collector/windres.com"
      - "C:/Program Files/Microsoft Visual Studio/2022/Community/Team Tools/DiagnosticsHub/Collector/windres.exe"
      - "C:/Program Files/Microsoft Visual Studio/2022/Community/Team Tools/DiagnosticsHub/Collector/windres"
      - "C:/Program Files (x86)/Windows Kits/10/bin/10.0.26100.0/x64/windres.com"
      - "C:/Program Files (x86)/Windows Kits/10/bin/10.0.26100.0/x64/windres.exe"
      - "C:/Program Files (x86)/Windows Kits/10/bin/10.0.26100.0/x64/windres"
      - "C:/Program Files (x86)/Windows Kits/10/bin/x64/windres.com"
      - "C:/Program Files (x86)/Windows Kits/10/bin/x64/windres.exe"
      - "C:/Program Files (x86)/Windows Kits/10/bin/x64/windres"
      - "C:/Program Files/Microsoft Visual Studio/2022/Community/MSBuild/Current/Bin/amd64/windres.com"
      - "C:/Program Files/Microsoft Visual Studio/2022/Community/MSBuild/Current/Bin/amd64/windres.exe"
      - "C:/Program Files/Microsoft Visual Studio/2022/Community/MSBuild/Current/Bin/amd64/windres"
      - "C:/Windows/Microsoft.NET/Framework64/v4.0.30319/windres.com"
      - "C:/Windows/Microsoft.NET/Framework64/v4.0.30319/windres.exe"
      - "C:/Windows/Microsoft.NET/Framework64/v4.0.30319/windres"
      - "C:/Program Files/Microsoft Visual Studio/2022/Community/Common7/IDE/windres.com"
      - "C:/Program Files/Microsoft Visual Studio/2022/Community/Common7/IDE/windres.exe"
      - "C:/Program Files/Microsoft Visual Studio/2022/Community/Common7/IDE/windres"
      - "C:/Program Files/Microsoft Visual Studio/2022/Community/Common7/Tools/windres.com"
      - "C:/Program Files/Microsoft Visual Studio/2022/Community/Common7/Tools/windres.exe"
      - "C:/Program Files/Microsoft Visual Studio/2022/Community/Common7/Tools/windres"
      - "C:/src/vcpkg/downloads/tools/powershell-core-7.6.4-windows/windres.com"
      - "C:/src/vcpkg/downloads/tools/powershell-core-7.6.4-windows/windres.exe"
      - "C:/src/vcpkg/downloads/tools/powershell-core-7.6.4-windows/windres"
      - "C:/Windows/System32/windres.com"
      - "C:/Windows/System32/windres.exe"
      - "C:/Windows/System32/windres"
      - "C:/Windows/windres.com"
      - "C:/Windows/windres.exe"
      - "C:/Windows/windres"
      - "C:/Windows/System32/wbem/windres.com"
      - "C:/Windows/System32/wbem/windres.exe"
      - "C:/Windows/System32/wbem/windres"
      - "C:/Windows/System32/WindowsPowerShell/v1.0/windres.com"
      - "C:/Windows/System32/WindowsPowerShell/v1.0/windres.exe"
      - "C:/Windows/System32/WindowsPowerShell/v1.0/windres"
      - "C:/Windows/System32/OpenSSH/windres.com"
      - "C:/Windows/System32/OpenSSH/windres.exe"
      - "C:/Windows/System32/OpenSSH/windres"
      - "C:/Program Files/Microsoft Visual Studio/2022/Community/Common7/IDE/CommonExtensions/Microsoft/CMake/CMake/bin/windres.com"
      - "C:/Program Files/Microsoft Visual Studio/2022/Community/Common7/IDE/CommonExtensions/Microsoft/CMake/CMake/bin/windres.exe"
      - "C:/Program Files/Microsoft Visual Studio/2022/Community/Common7/IDE/CommonExtensions/Microsoft/CMake/CMake/bin/windres"
      - "C:/Program Files/Microsoft Visual Studio/2022/Community/Common7/IDE/CommonExtensions/Microsoft/CMake/Ninja/windres.com"
      - "C:/Program Files/Microsoft Visual Studio/2022/Community/Common7/IDE/CommonExtensions/Microsoft/CMake/Ninja/windres.exe"
      - "C:/Program Files/Microsoft Visual Studio/2022/Community/Common7/IDE/CommonExtensions/Microsoft/CMake/Ninja/windres"
      - "C:/Program Files/Microsoft Visual Studio/2022/Community/Common7/IDE/VC/Linux/bin/ConnectionManagerExe/windres.com"
      - "C:/Program Files/Microsoft Visual Studio/2022/Community/Common7/IDE/VC/Linux/bin/ConnectionManagerExe/windres.exe"
      - "C:/Program Files/Microsoft Visual Studio/2022/Community/Common7/IDE/VC/Linux/bin/ConnectionManagerExe/windres"
      - "C:/Program Files/Microsoft Visual Studio/2022/Community/VC/vcpkg/windres.com"
      - "C:/Program Files/Microsoft Visual Studio/2022/Community/VC/vcpkg/windres.exe"
      - "C:/Program Files/Microsoft Visual Studio/2022/Community/VC/vcpkg/windres"
      - "C:/src/vcpkg/downloads/tools/ninja-1.13.2-windows/windres.com"
      - "C:/src/vcpkg/downloads/tools/ninja-1.13.2-windows/windres.exe"
      - "C:/src/vcpkg/downloads/tools/ninja-1.13.2-windows/windres"
      - "C:/Program Files/bin/windres.com"
      - "C:/Program Files/bin/windres.exe"
      - "C:/Program Files/bin/windres"
      - "C:/Program Files/sbin/windres.com"
      - "C:/Program Files/sbin/windres.exe"
      - "C:/Program Files/sbin/windres"
      - "C:/Program Files/windres.com"
      - "C:/Program Files/windres.exe"
      - "C:/Program Files/windres"
      - "C:/Program Files (x86)/bin/windres.com"
      - "C:/Program Files (x86)/bin/windres.exe"
      - "C:/Program Files (x86)/bin/windres"
      - "C:/Program Files (x86)/sbin/windres.com"
      - "C:/Program Files (x86)/sbin/windres.exe"
      - "C:/Program Files (x86)/sbin/windres"
      - "C:/Program Files (x86)/windres.com"
      - "C:/Program Files (x86)/windres.exe"
      - "C:/Program Files (x86)/windres"
      - "C:/Program Files/CMake/bin/windres.com"
      - "C:/Program Files/CMake/bin/windres.exe"
      - "C:/Program Files/CMake/bin/windres"
      - "C:/Program Files/CMake/sbin/windres.com"
      - "C:/Program Files/CMake/sbin/windres.exe"
      - "C:/Program Files/CMake/sbin/windres"
      - "C:/Program Files/CMake/windres.com"
      - "C:/Program Files/CMake/windres.exe"
      - "C:/Program Files/CMake/windres"
      - "C:/src/vcpkg/packages/sdl2_x64-windows-static/bin/windres.com"
      - "C:/src/vcpkg/packages/sdl2_x64-windows-static/bin/windres.exe"
      - "C:/src/vcpkg/packages/sdl2_x64-windows-static/bin/windres"
      - "C:/src/vcpkg/packages/sdl2_x64-windows-static/sbin/windres.com"
      - "C:/src/vcpkg/packages/sdl2_x64-windows-static/sbin/windres.exe"
      - "C:/src/vcpkg/packages/sdl2_x64-windows-static/sbin/windres"
      - "C:/src/vcpkg/packages/sdl2_x64-windows-static/windres.com"
      - "C:/src/vcpkg/packages/sdl2_x64-windows-static/windres.exe"
      - "C:/src/vcpkg/packages/sdl2_x64-windows-static/windres"
    found: false
    search_context:
      CMAKE_PROGRAM_PATH:
        - "C:/src/vcpkg/installed/x64-windows-static/tools"
      CMAKE_PREFIX_PATH:
        - "C:/src/vcpkg/installed/x64-windows-static"
        - "C:/src/vcpkg/installed/x64-windows-static/debug"
      ENV{PATH}:
        - "C:\\Program Files\\Microsoft Visual Studio\\2022\\Community\\VC\\Tools\\MSVC\\14.44.35207\\bin\\HostX64\\x64"
        - "C:\\Program Files\\Microsoft Visual Studio\\2022\\Community\\Common7\\IDE\\VC\\VCPackages"
        - "C:\\Program Files\\Microsoft Visual Studio\\2022\\Community\\Common7\\IDE\\CommonExtensions\\Microsoft\\TestWindow"
        - "C:\\Program Files\\Microsoft Visual Studio\\2022\\Community\\Common7\\IDE\\CommonExtensions\\Microsoft\\TeamFoundation\\Team Explorer"
        - "C:\\Program Files\\Microsoft Visual Studio\\2022\\Community\\MSBuild\\Current\\bin\\Roslyn"
        - "C:\\Program Files (x86)\\Microsoft SDKs\\Windows\\v10.0A\\bin\\NETFX 4.8 Tools\\x64\\"
        - "C:\\Program Files\\Microsoft Visual Studio\\2022\\Community\\Common7\\IDE\\CommonExtensions\\Microsoft\\FSharp\\Tools"
        - "C:\\Program Files\\Microsoft Visual Studio\\2022\\Community\\Team Tools\\DiagnosticsHub\\Collector"
        - "C:\\Program Files (x86)\\Windows Kits\\10\\bin\\10.0.26100.0\\x64"
        - "C:\\Program Files (x86)\\Windows Kits\\10\\bin\\x64"
        - "C:\\Program Files\\Microsoft Visual Studio\\2022\\Community\\MSBuild\\Current\\Bin\\amd64"
        - "C:\\Windows\\Microsoft.NET\\Framework64\\v4.0.30319"
        - "C:\\Program Files\\Microsoft Visual Studio\\2022\\Community\\Common7\\IDE\\"
        - "C:\\Program Files\\Microsoft Visual Studio\\2022\\Community\\Common7\\Tools\\"
        - "C:\\src\\vcpkg\\downloads\\tools\\powershell-core-7.6.4-windows"
        - "C:\\WINDOWS\\system32"
        - "C:\\WINDOWS"
        - "C:\\WINDOWS\\system32\\Wbem"
        - "C:\\WINDOWS\\system32\\WindowsPowerShell\\v1.0\\"
        - "C:\\WINDOWS\\system32\\OpenSSH\\"
        - "C:\\Program Files\\Microsoft Visual Studio\\2022\\Community\\Common7\\IDE\\CommonExtensions\\Microsoft\\CMake\\CMake\\bin"
        - "C:\\Program Files\\Microsoft Visual Studio\\2022\\Community\\Common7\\IDE\\CommonExtensions\\Microsoft\\CMake\\Ninja"
        - "C:\\Program Files\\Microsoft Visual Studio\\2022\\Community\\Common7\\IDE\\VC\\Linux\\bin\\ConnectionManagerExe"
        - "C:\\Program Files\\Microsoft Visual Studio\\2022\\Community\\VC\\vcpkg"
        - "C:\\src\\vcpkg\\downloads\\tools\\ninja-1.13.2-windows"
      CMAKE_INSTALL_PREFIX: "C:/src/vcpkg/packages/sdl2_x64-windows-static"
      CMAKE_SYSTEM_PREFIX_PATH:
        - "C:/Program Files"
        - "C:/Program Files (x86)"
        - "C:/Program Files/CMake"
        - "C:/src/vcpkg/packages/sdl2_x64-windows-static"
      CMAKE_FIND_ROOT_PATH: "C:/src/vcpkg/installed/x64-windows-static;C:/src/vcpkg/installed/x64-windows-static/debug"
  -
    kind: "try_compile-v1"
    backtrace:
      - "C:/Program Files/CMake/share/cmake-4.4/Modules/Internal/CheckSourceCompiles.cmake:81 (try_compile)"
      - "C:/Program Files/CMake/share/cmake-4.4/Modules/CheckCSourceCompiles.cmake:103 (cmake_check_source_compiles)"
      - "CMakeLists.txt:1788 (check_c_source_compiles)"
    checks:
      - "Performing Test HAVE_WIN32_CC"
    directories:
      source: "C:/src/vcpkg/buildtrees/sdl2/x64-windows-static-rel/CMakeFiles/CMakeScratch/TryCompile-zixdbw"
      binary: "C:/src/vcpkg/buildtrees/sdl2/x64-windows-static-rel/CMakeFiles/CMakeScratch/TryCompile-zixdbw"
    cmakeVariables:
      CMAKE_C_FLAGS: " /nologo /DWIN32 /D_WINDOWS /utf-8 /MP "
      CMAKE_C_FLAGS_DEBUG: "/MTd /Z7 /Ob0 /Od /RTC1 "
      CMAKE_EXE_LINKER_FLAGS: "/machine:x64"
      CMAKE_MODULE_PATH: "C:/src/vcpkg/buildtrees/sdl2/src/se-2.32.10-89f6bbf859.clean/cmake"
      CMAKE_MSVC_DEBUG_INFORMATION_FORMAT: ""
      CMAKE_MSVC_RUNTIME_LIBRARY: "MultiThreaded$<$<CONFIG:Debug>:Debug>$<$<STREQUAL:static,dynamic>:DLL>"
      VCPKG_CHAINLOAD_TOOLCHAIN_FILE: "C:/src/vcpkg/scripts/toolchains/windows.cmake"
      VCPKG_CRT_LINKAGE: "static"
      VCPKG_CXX_FLAGS: ""
      VCPKG_CXX_FLAGS_DEBUG: ""
      VCPKG_CXX_FLAGS_RELEASE: ""
      VCPKG_C_FLAGS: ""
      VCPKG_C_FLAGS_DEBUG: ""
      VCPKG_C_FLAGS_RELEASE: ""
      VCPKG_INSTALLED_DIR: "C:/src/vcpkg/installed"
      VCPKG_LINKER_FLAGS: ""
      VCPKG_LINKER_FLAGS_DEBUG: ""
      VCPKG_LINKER_FLAGS_RELEASE: ""
      VCPKG_PLATFORM_TOOLSET: "v143"
      VCPKG_PREFER_SYSTEM_LIBS: "OFF"
      VCPKG_SET_CHARSET_FLAG: "ON"
      VCPKG_TARGET_ARCHITECTURE: "x64"
      VCPKG_TARGET_TRIPLET: "x64-windows-static"
      Z_VCPKG_ROOT_DIR: "C:/src/vcpkg"
    buildResult:
      variable: "HAVE_WIN32_CC"
      cached: true
      stdout: |
        Change Dir: 'C:/src/vcpkg/buildtrees/sdl2/x64-windows-static-rel/CMakeFiles/CMakeScratch/TryCompile-zixdbw'
        
        Run Build Command(s): C:\\src\\vcpkg\\downloads\\tools\\ninja-1.13.2-windows\\ninja.exe -v cmTC_84897
        [1/2] "C:\\Program Files\\Microsoft Visual Studio\\2022\\Community\\VC\\Tools\\MSVC\\14.44.35207\\bin\\Hostx64\\x64\\cl.exe"  /nologo -DHAVE_WIN32_CC -D_MBCS  /nologo /DWIN32 /D_WINDOWS /utf-8 /MP   -D_GNU_SOURCE=1 /MTd /Z7 /Ob0 /Od /RTC1  -MTd /showIncludes /FoCMakeFiles\\cmTC_84897.dir\\src.c.obj /FdCMakeFiles\\cmTC_84897.dir\\ /FS -c C:\\src\\vcpkg\\buildtrees\\sdl2\\x64-windows-static-rel\\CMakeFiles\\CMakeScratch\\TryCompile-zixdbw\\src.c
        [2/2] C:\\WINDOWS\\system32\\cmd.exe /C "cd . && "C:\\Program Files\\CMake\\bin\\cmake.exe" -E vs_link_exe --msvc-ver=1944 --intdir=CMakeFiles\\cmTC_84897.dir --rc="C:\\Program Files (x86)\\Windows Kits\\10\\bin\\10.0.26100.0\\x64\\rc.exe" --mt="C:\\Program Files (x86)\\Windows Kits\\10\\bin\\10.0.26100.0\\x64\\mt.exe" --manifests  -- "C:\\Program Files\\Microsoft Visual Studio\\2022\\Community\\VC\\Tools\\MSVC\\14.44.35207\\bin\\Hostx64\\x64\\link.exe" /nologo CMakeFiles\\cmTC_84897.dir\\src.c.obj  /out:cmTC_84897.exe /implib:cmTC_84897.lib /pdb:cmTC_84897.pdb /version:0.0 /machine:x64 /nologo /debug /INCREMENTAL /subsystem:console  kernel32.lib user32.lib gdi32.lib winspool.lib shell32.lib ole32.lib oleaut32.lib uuid.lib comdlg32.lib advapi32.lib && cd ."
        
      exitCode: 0
  -
    kind: "try_compile-v1"
    backtrace:
      - "C:/Program Files/CMake/share/cmake-4.4/Modules/CheckIncludeFile.cmake:157 (try_compile)"
      - "CMakeLists.txt:1823 (check_include_file)"
    checks:
      - "Looking for d3d9.h"
    directories:
      source: "C:/src/vcpkg/buildtrees/sdl2/x64-windows-static-rel/CMakeFiles/CMakeScratch/TryCompile-h3kd7m"
      binary: "C:/src/vcpkg/buildtrees/sdl2/x64-windows-static-rel/CMakeFiles/CMakeScratch/TryCompile-h3kd7m"
    cmakeVariables:
      CMAKE_C_FLAGS: " /nologo /DWIN32 /D_WINDOWS /utf-8 /MP "
      CMAKE_C_FLAGS_DEBUG: "/MTd /Z7 /Ob0 /Od /RTC1 "
      CMAKE_EXE_LINKER_FLAGS: "/machine:x64"
      CMAKE_MODULE_PATH: "C:/src/vcpkg/buildtrees/sdl2/src/se-2.32.10-89f6bbf859.clean/cmake"
      CMAKE_MSVC_DEBUG_INFORMATION_FORMAT: ""
      CMAKE_MSVC_RUNTIME_LIBRARY: "MultiThreaded$<$<CONFIG:Debug>:Debug>$<$<STREQUAL:static,dynamic>:DLL>"
      VCPKG_CHAINLOAD_TOOLCHAIN_FILE: "C:/src/vcpkg/scripts/toolchains/windows.cmake"
      VCPKG_CRT_LINKAGE: "static"
      VCPKG_CXX_FLAGS: ""
      VCPKG_CXX_FLAGS_DEBUG: ""
      VCPKG_CXX_FLAGS_RELEASE: ""
      VCPKG_C_FLAGS: ""
      VCPKG_C_FLAGS_DEBUG: ""
      VCPKG_C_FLAGS_RELEASE: ""
      VCPKG_INSTALLED_DIR: "C:/src/vcpkg/installed"
      VCPKG_LINKER_FLAGS: ""
      VCPKG_LINKER_FLAGS_DEBUG: ""
      VCPKG_LINKER_FLAGS_RELEASE: ""
      VCPKG_PLATFORM_TOOLSET: "v143"
      VCPKG_PREFER_SYSTEM_LIBS: "OFF"
      VCPKG_SET_CHARSET_FLAG: "ON"
      VCPKG_TARGET_ARCHITECTURE: "x64"
      VCPKG_TARGET_TRIPLET: "x64-windows-static"
      Z_VCPKG_ROOT_DIR: "C:/src/vcpkg"
    buildResult:
      variable: "HAVE_D3D_H"
      cached: true
      stdout: |
        Change Dir: 'C:/src/vcpkg/buildtrees/sdl2/x64-windows-static-rel/CMakeFiles/CMakeScratch/TryCompile-h3kd7m'
        
        Run Build Command(s): C:\\src\\vcpkg\\downloads\\tools\\ninja-1.13.2-windows\\ninja.exe -v cmTC_f5db5
        [1/2] "C:\\Program Files\\Microsoft Visual Studio\\2022\\Community\\VC\\Tools\\MSVC\\14.44.35207\\bin\\Hostx64\\x64\\cl.exe"  /nologo -D_MBCS  /nologo /DWIN32 /D_WINDOWS /utf-8 /MP   -D_GNU_SOURCE=1 /MTd /Z7 /Ob0 /Od /RTC1  -MTd /showIncludes /FoCMakeFiles\\cmTC_f5db5.dir\\CheckIncludeFile.c.obj /FdCMakeFiles\\cmTC_f5db5.dir\\ /FS -c C:\\src\\vcpkg\\buildtrees\\sdl2\\x64-windows-static-rel\\CMakeFiles\\CMakeScratch\\TryCompile-h3kd7m\\CheckIncludeFile.c
        [2/2] C:\\WINDOWS\\system32\\cmd.exe /C "cd . && "C:\\Program Files\\CMake\\bin\\cmake.exe" -E vs_link_exe --msvc-ver=1944 --intdir=CMakeFiles\\cmTC_f5db5.dir --rc="C:\\Program Files (x86)\\Windows Kits\\10\\bin\\10.0.26100.0\\x64\\rc.exe" --mt="C:\\Program Files (x86)\\Windows Kits\\10\\bin\\10.0.26100.0\\x64\\mt.exe" --manifests  -- "C:\\Program Files\\Microsoft Visual Studio\\2022\\Community\\VC\\Tools\\MSVC\\14.44.35207\\bin\\Hostx64\\x64\\link.exe" /nologo CMakeFiles\\cmTC_f5db5.dir\\CheckIncludeFile.c.obj  /out:cmTC_f5db5.exe /implib:cmTC_f5db5.lib /pdb:cmTC_f5db5.pdb /version:0.0 /machine:x64 /nologo /debug /INCREMENTAL /subsystem:console  kernel32.lib user32.lib gdi32.lib winspool.lib shell32.lib ole32.lib oleaut32.lib uuid.lib comdlg32.lib advapi32.lib && cd ."
        
      exitCode: 0
  -
    kind: "try_compile-v1"
    backtrace:
      - "C:/Program Files/CMake/share/cmake-4.4/Modules/CheckIncludeFile.cmake:157 (try_compile)"
      - "CMakeLists.txt:1824 (check_include_file)"
    checks:
      - "Looking for d3d11_1.h"
    directories:
      source: "C:/src/vcpkg/buildtrees/sdl2/x64-windows-static-rel/CMakeFiles/CMakeScratch/TryCompile-6y3h85"
      binary: "C:/src/vcpkg/buildtrees/sdl2/x64-windows-static-rel/CMakeFiles/CMakeScratch/TryCompile-6y3h85"
    cmakeVariables:
      CMAKE_C_FLAGS: " /nologo /DWIN32 /D_WINDOWS /utf-8 /MP "
      CMAKE_C_FLAGS_DEBUG: "/MTd /Z7 /Ob0 /Od /RTC1 "
      CMAKE_EXE_LINKER_FLAGS: "/machine:x64"
      CMAKE_MODULE_PATH: "C:/src/vcpkg/buildtrees/sdl2/src/se-2.32.10-89f6bbf859.clean/cmake"
      CMAKE_MSVC_DEBUG_INFORMATION_FORMAT: ""
      CMAKE_MSVC_RUNTIME_LIBRARY: "MultiThreaded$<$<CONFIG:Debug>:Debug>$<$<STREQUAL:static,dynamic>:DLL>"
      VCPKG_CHAINLOAD_TOOLCHAIN_FILE: "C:/src/vcpkg/scripts/toolchains/windows.cmake"
      VCPKG_CRT_LINKAGE: "static"
      VCPKG_CXX_FLAGS: ""
      VCPKG_CXX_FLAGS_DEBUG: ""
      VCPKG_CXX_FLAGS_RELEASE: ""
      VCPKG_C_FLAGS: ""
      VCPKG_C_FLAGS_DEBUG: ""
      VCPKG_C_FLAGS_RELEASE: ""
      VCPKG_INSTALLED_DIR: "C:/src/vcpkg/installed"
      VCPKG_LINKER_FLAGS: ""
      VCPKG_LINKER_FLAGS_DEBUG: ""
      VCPKG_LINKER_FLAGS_RELEASE: ""
      VCPKG_PLATFORM_TOOLSET: "v143"
      VCPKG_PREFER_SYSTEM_LIBS: "OFF"
      VCPKG_SET_CHARSET_FLAG: "ON"
      VCPKG_TARGET_ARCHITECTURE: "x64"
      VCPKG_TARGET_TRIPLET: "x64-windows-static"
      Z_VCPKG_ROOT_DIR: "C:/src/vcpkg"
    buildResult:
      variable: "HAVE_D3D11_H"
      cached: true
      stdout: |
        Change Dir: 'C:/src/vcpkg/buildtrees/sdl2/x64-windows-static-rel/CMakeFiles/CMakeScratch/TryCompile-6y3h85'
        
        Run Build Command(s): C:\\src\\vcpkg\\downloads\\tools\\ninja-1.13.2-windows\\ninja.exe -v cmTC_d0c9c
        [1/2] "C:\\Program Files\\Microsoft Visual Studio\\2022\\Community\\VC\\Tools\\MSVC\\14.44.35207\\bin\\Hostx64\\x64\\cl.exe"  /nologo -D_MBCS  /nologo /DWIN32 /D_WINDOWS /utf-8 /MP   -D_GNU_SOURCE=1 /MTd /Z7 /Ob0 /Od /RTC1  -MTd /showIncludes /FoCMakeFiles\\cmTC_d0c9c.dir\\CheckIncludeFile.c.obj /FdCMakeFiles\\cmTC_d0c9c.dir\\ /FS -c C:\\src\\vcpkg\\buildtrees\\sdl2\\x64-windows-static-rel\\CMakeFiles\\CMakeScratch\\TryCompile-6y3h85\\CheckIncludeFile.c
        [2/2] C:\\WINDOWS\\system32\\cmd.exe /C "cd . && "C:\\Program Files\\CMake\\bin\\cmake.exe" -E vs_link_exe --msvc-ver=1944 --intdir=CMakeFiles\\cmTC_d0c9c.dir --rc="C:\\Program Files (x86)\\Windows Kits\\10\\bin\\10.0.26100.0\\x64\\rc.exe" --mt="C:\\Program Files (x86)\\Windows Kits\\10\\bin\\10.0.26100.0\\x64\\mt.exe" --manifests  -- "C:\\Program Files\\Microsoft Visual Studio\\2022\\Community\\VC\\Tools\\MSVC\\14.44.35207\\bin\\Hostx64\\x64\\link.exe" /nologo CMakeFiles\\cmTC_d0c9c.dir\\CheckIncludeFile.c.obj  /out:cmTC_d0c9c.exe /implib:cmTC_d0c9c.lib /pdb:cmTC_d0c9c.pdb /version:0.0 /machine:x64 /nologo /debug /INCREMENTAL /subsystem:console  kernel32.lib user32.lib gdi32.lib winspool.lib shell32.lib ole32.lib oleaut32.lib uuid.lib comdlg32.lib advapi32.lib && cd ."
        
      exitCode: 0
  -
    kind: "try_compile-v1"
    backtrace:
      - "C:/Program Files/CMake/share/cmake-4.4/Modules/Internal/CheckSourceCompiles.cmake:81 (try_compile)"
      - "C:/Program Files/CMake/share/cmake-4.4/Modules/CheckCSourceCompiles.cmake:103 (cmake_check_source_compiles)"
      - "CMakeLists.txt:1825 (check_c_source_compiles)"
    checks:
      - "Performing Test HAVE_D3D12_H"
    directories:
      source: "C:/src/vcpkg/buildtrees/sdl2/x64-windows-static-rel/CMakeFiles/CMakeScratch/TryCompile-wizpjo"
      binary: "C:/src/vcpkg/buildtrees/sdl2/x64-windows-static-rel/CMakeFiles/CMakeScratch/TryCompile-wizpjo"
    cmakeVariables:
      CMAKE_C_FLAGS: " /nologo /DWIN32 /D_WINDOWS /utf-8 /MP "
      CMAKE_C_FLAGS_DEBUG: "/MTd /Z7 /Ob0 /Od /RTC1 "
      CMAKE_EXE_LINKER_FLAGS: "/machine:x64"
      CMAKE_MODULE_PATH: "C:/src/vcpkg/buildtrees/sdl2/src/se-2.32.10-89f6bbf859.clean/cmake"
      CMAKE_MSVC_DEBUG_INFORMATION_FORMAT: ""
      CMAKE_MSVC_RUNTIME_LIBRARY: "MultiThreaded$<$<CONFIG:Debug>:Debug>$<$<STREQUAL:static,dynamic>:DLL>"
      VCPKG_CHAINLOAD_TOOLCHAIN_FILE: "C:/src/vcpkg/scripts/toolchains/windows.cmake"
      VCPKG_CRT_LINKAGE: "static"
      VCPKG_CXX_FLAGS: ""
      VCPKG_CXX_FLAGS_DEBUG: ""
      VCPKG_CXX_FLAGS_RELEASE: ""
      VCPKG_C_FLAGS: ""
      VCPKG_C_FLAGS_DEBUG: ""
      VCPKG_C_FLAGS_RELEASE: ""
      VCPKG_INSTALLED_DIR: "C:/src/vcpkg/installed"
      VCPKG_LINKER_FLAGS: ""
      VCPKG_LINKER_FLAGS_DEBUG: ""
      VCPKG_LINKER_FLAGS_RELEASE: ""
      VCPKG_PLATFORM_TOOLSET: "v143"
      VCPKG_PREFER_SYSTEM_LIBS: "OFF"
      VCPKG_SET_CHARSET_FLAG: "ON"
      VCPKG_TARGET_ARCHITECTURE: "x64"
      VCPKG_TARGET_TRIPLET: "x64-windows-static"
      Z_VCPKG_ROOT_DIR: "C:/src/vcpkg"
    buildResult:
      variable: "HAVE_D3D12_H"
      cached: true
      stdout: |
        Change Dir: 'C:/src/vcpkg/buildtrees/sdl2/x64-windows-static-rel/CMakeFiles/CMakeScratch/TryCompile-wizpjo'
        
        Run Build Command(s): C:\\src\\vcpkg\\downloads\\tools\\ninja-1.13.2-windows\\ninja.exe -v cmTC_50a61
        [1/2] "C:\\Program Files\\Microsoft Visual Studio\\2022\\Community\\VC\\Tools\\MSVC\\14.44.35207\\bin\\Hostx64\\x64\\cl.exe"  /nologo -DHAVE_D3D12_H -D_MBCS  /nologo /DWIN32 /D_WINDOWS /utf-8 /MP   -D_GNU_SOURCE=1 /MTd /Z7 /Ob0 /Od /RTC1  -MTd /showIncludes /FoCMakeFiles\\cmTC_50a61.dir\\src.c.obj /FdCMakeFiles\\cmTC_50a61.dir\\ /FS -c C:\\src\\vcpkg\\buildtrees\\sdl2\\x64-windows-static-rel\\CMakeFiles\\CMakeScratch\\TryCompile-wizpjo\\src.c
        [2/2] C:\\WINDOWS\\system32\\cmd.exe /C "cd . && "C:\\Program Files\\CMake\\bin\\cmake.exe" -E vs_link_exe --msvc-ver=1944 --intdir=CMakeFiles\\cmTC_50a61.dir --rc="C:\\Program Files (x86)\\Windows Kits\\10\\bin\\10.0.26100.0\\x64\\rc.exe" --mt="C:\\Program Files (x86)\\Windows Kits\\10\\bin\\10.0.26100.0\\x64\\mt.exe" --manifests  -- "C:\\Program Files\\Microsoft Visual Studio\\2022\\Community\\VC\\Tools\\MSVC\\14.44.35207\\bin\\Hostx64\\x64\\link.exe" /nologo CMakeFiles\\cmTC_50a61.dir\\src.c.obj  /out:cmTC_50a61.exe /implib:cmTC_50a61.lib /pdb:cmTC_50a61.pdb /version:0.0 /machine:x64 /nologo /debug /INCREMENTAL /subsystem:console  kernel32.lib user32.lib gdi32.lib winspool.lib shell32.lib ole32.lib oleaut32.lib uuid.lib comdlg32.lib advapi32.lib && cd ."
        
      exitCode: 0
  -
    kind: "try_compile-v1"
    backtrace:
      - "C:/Program Files/CMake/share/cmake-4.4/Modules/CheckIncludeFile.cmake:157 (try_compile)"
      - "CMakeLists.txt:1831 (check_include_file)"
    checks:
      - "Looking for ddraw.h"
    directories:
      source: "C:/src/vcpkg/buildtrees/sdl2/x64-windows-static-rel/CMakeFiles/CMakeScratch/TryCompile-wsf414"
      binary: "C:/src/vcpkg/buildtrees/sdl2/x64-windows-static-rel/CMakeFiles/CMakeScratch/TryCompile-wsf414"
    cmakeVariables:
      CMAKE_C_FLAGS: " /nologo /DWIN32 /D_WINDOWS /utf-8 /MP "
      CMAKE_C_FLAGS_DEBUG: "/MTd /Z7 /Ob0 /Od /RTC1 "
      CMAKE_EXE_LINKER_FLAGS: "/machine:x64"
      CMAKE_MODULE_PATH: "C:/src/vcpkg/buildtrees/sdl2/src/se-2.32.10-89f6bbf859.clean/cmake"
      CMAKE_MSVC_DEBUG_INFORMATION_FORMAT: ""
      CMAKE_MSVC_RUNTIME_LIBRARY: "MultiThreaded$<$<CONFIG:Debug>:Debug>$<$<STREQUAL:static,dynamic>:DLL>"
      VCPKG_CHAINLOAD_TOOLCHAIN_FILE: "C:/src/vcpkg/scripts/toolchains/windows.cmake"
      VCPKG_CRT_LINKAGE: "static"
      VCPKG_CXX_FLAGS: ""
      VCPKG_CXX_FLAGS_DEBUG: ""
      VCPKG_CXX_FLAGS_RELEASE: ""
      VCPKG_C_FLAGS: ""
      VCPKG_C_FLAGS_DEBUG: ""
      VCPKG_C_FLAGS_RELEASE: ""
      VCPKG_INSTALLED_DIR: "C:/src/vcpkg/installed"
      VCPKG_LINKER_FLAGS: ""
      VCPKG_LINKER_FLAGS_DEBUG: ""
      VCPKG_LINKER_FLAGS_RELEASE: ""
      VCPKG_PLATFORM_TOOLSET: "v143"
      VCPKG_PREFER_SYSTEM_LIBS: "OFF"
      VCPKG_SET_CHARSET_FLAG: "ON"
      VCPKG_TARGET_ARCHITECTURE: "x64"
      VCPKG_TARGET_TRIPLET: "x64-windows-static"
      Z_VCPKG_ROOT_DIR: "C:/src/vcpkg"
    buildResult:
      variable: "HAVE_DDRAW_H"
      cached: true
      stdout: |
        Change Dir: 'C:/src/vcpkg/buildtrees/sdl2/x64-windows-static-rel/CMakeFiles/CMakeScratch/TryCompile-wsf414'
        
        Run Build Command(s): C:\\src\\vcpkg\\downloads\\tools\\ninja-1.13.2-windows\\ninja.exe -v cmTC_4f37a
        [1/2] "C:\\Program Files\\Microsoft Visual Studio\\2022\\Community\\VC\\Tools\\MSVC\\14.44.35207\\bin\\Hostx64\\x64\\cl.exe"  /nologo -D_MBCS  /nologo /DWIN32 /D_WINDOWS /utf-8 /MP   -D_GNU_SOURCE=1 /MTd /Z7 /Ob0 /Od /RTC1  -MTd /showIncludes /FoCMakeFiles\\cmTC_4f37a.dir\\CheckIncludeFile.c.obj /FdCMakeFiles\\cmTC_4f37a.dir\\ /FS -c C:\\src\\vcpkg\\buildtrees\\sdl2\\x64-windows-static-rel\\CMakeFiles\\CMakeScratch\\TryCompile-wsf414\\CheckIncludeFile.c
        [2/2] C:\\WINDOWS\\system32\\cmd.exe /C "cd . && "C:\\Program Files\\CMake\\bin\\cmake.exe" -E vs_link_exe --msvc-ver=1944 --intdir=CMakeFiles\\cmTC_4f37a.dir --rc="C:\\Program Files (x86)\\Windows Kits\\10\\bin\\10.0.26100.0\\x64\\rc.exe" --mt="C:\\Program Files (x86)\\Windows Kits\\10\\bin\\10.0.26100.0\\x64\\mt.exe" --manifests  -- "C:\\Program Files\\Microsoft Visual Studio\\2022\\Community\\VC\\Tools\\MSVC\\14.44.35207\\bin\\Hostx64\\x64\\link.exe" /nologo CMakeFiles\\cmTC_4f37a.dir\\CheckIncludeFile.c.obj  /out:cmTC_4f37a.exe /implib:cmTC_4f37a.lib /pdb:cmTC_4f37a.pdb /version:0.0 /machine:x64 /nologo /debug /INCREMENTAL /subsystem:console  kernel32.lib user32.lib gdi32.lib winspool.lib shell32.lib ole32.lib oleaut32.lib uuid.lib comdlg32.lib advapi32.lib && cd ."
        
      exitCode: 0
  -
    kind: "try_compile-v1"
    backtrace:
      - "C:/Program Files/CMake/share/cmake-4.4/Modules/CheckIncludeFile.cmake:157 (try_compile)"
      - "CMakeLists.txt:1832 (check_include_file)"
    checks:
      - "Looking for dsound.h"
    directories:
      source: "C:/src/vcpkg/buildtrees/sdl2/x64-windows-static-rel/CMakeFiles/CMakeScratch/TryCompile-o1sli9"
      binary: "C:/src/vcpkg/buildtrees/sdl2/x64-windows-static-rel/CMakeFiles/CMakeScratch/TryCompile-o1sli9"
    cmakeVariables:
      CMAKE_C_FLAGS: " /nologo /DWIN32 /D_WINDOWS /utf-8 /MP "
      CMAKE_C_FLAGS_DEBUG: "/MTd /Z7 /Ob0 /Od /RTC1 "
      CMAKE_EXE_LINKER_FLAGS: "/machine:x64"
      CMAKE_MODULE_PATH: "C:/src/vcpkg/buildtrees/sdl2/src/se-2.32.10-89f6bbf859.clean/cmake"
      CMAKE_MSVC_DEBUG_INFORMATION_FORMAT: ""
      CMAKE_MSVC_RUNTIME_LIBRARY: "MultiThreaded$<$<CONFIG:Debug>:Debug>$<$<STREQUAL:static,dynamic>:DLL>"
      VCPKG_CHAINLOAD_TOOLCHAIN_FILE: "C:/src/vcpkg/scripts/toolchains/windows.cmake"
      VCPKG_CRT_LINKAGE: "static"
      VCPKG_CXX_FLAGS: ""
      VCPKG_CXX_FLAGS_DEBUG: ""
      VCPKG_CXX_FLAGS_RELEASE: ""
      VCPKG_C_FLAGS: ""
      VCPKG_C_FLAGS_DEBUG: ""
      VCPKG_C_FLAGS_RELEASE: ""
      VCPKG_INSTALLED_DIR: "C:/src/vcpkg/installed"
      VCPKG_LINKER_FLAGS: ""
      VCPKG_LINKER_FLAGS_DEBUG: ""
      VCPKG_LINKER_FLAGS_RELEASE: ""
      VCPKG_PLATFORM_TOOLSET: "v143"
      VCPKG_PREFER_SYSTEM_LIBS: "OFF"
      VCPKG_SET_CHARSET_FLAG: "ON"
      VCPKG_TARGET_ARCHITECTURE: "x64"
      VCPKG_TARGET_TRIPLET: "x64-windows-static"
      Z_VCPKG_ROOT_DIR: "C:/src/vcpkg"
    buildResult:
      variable: "HAVE_DSOUND_H"
      cached: true
      stdout: |
        Change Dir: 'C:/src/vcpkg/buildtrees/sdl2/x64-windows-static-rel/CMakeFiles/CMakeScratch/TryCompile-o1sli9'
        
        Run Build Command(s): C:\\src\\vcpkg\\downloads\\tools\\ninja-1.13.2-windows\\ninja.exe -v cmTC_9fac5
        [1/2] "C:\\Program Files\\Microsoft Visual Studio\\2022\\Community\\VC\\Tools\\MSVC\\14.44.35207\\bin\\Hostx64\\x64\\cl.exe"  /nologo -D_MBCS  /nologo /DWIN32 /D_WINDOWS /utf-8 /MP   -D_GNU_SOURCE=1 /MTd /Z7 /Ob0 /Od /RTC1  -MTd /showIncludes /FoCMakeFiles\\cmTC_9fac5.dir\\CheckIncludeFile.c.obj /FdCMakeFiles\\cmTC_9fac5.dir\\ /FS -c C:\\src\\vcpkg\\buildtrees\\sdl2\\x64-windows-static-rel\\CMakeFiles\\CMakeScratch\\TryCompile-o1sli9\\CheckIncludeFile.c
        [2/2] C:\\WINDOWS\\system32\\cmd.exe /C "cd . && "C:\\Program Files\\CMake\\bin\\cmake.exe" -E vs_link_exe --msvc-ver=1944 --intdir=CMakeFiles\\cmTC_9fac5.dir --rc="C:\\Program Files (x86)\\Windows Kits\\10\\bin\\10.0.26100.0\\x64\\rc.exe" --mt="C:\\Program Files (x86)\\Windows Kits\\10\\bin\\10.0.26100.0\\x64\\mt.exe" --manifests  -- "C:\\Program Files\\Microsoft Visual Studio\\2022\\Community\\VC\\Tools\\MSVC\\14.44.35207\\bin\\Hostx64\\x64\\link.exe" /nologo CMakeFiles\\cmTC_9fac5.dir\\CheckIncludeFile.c.obj  /out:cmTC_9fac5.exe /implib:cmTC_9fac5.lib /pdb:cmTC_9fac5.pdb /version:0.0 /machine:x64 /nologo /debug /INCREMENTAL /subsystem:console  kernel32.lib user32.lib gdi32.lib winspool.lib shell32.lib ole32.lib oleaut32.lib uuid.lib comdlg32.lib advapi32.lib && cd ."
        
      exitCode: 0
  -
    kind: "try_compile-v1"
    backtrace:
      - "C:/Program Files/CMake/share/cmake-4.4/Modules/CheckIncludeFile.cmake:157 (try_compile)"
      - "CMakeLists.txt:1833 (check_include_file)"
    checks:
      - "Looking for dinput.h"
    directories:
      source: "C:/src/vcpkg/buildtrees/sdl2/x64-windows-static-rel/CMakeFiles/CMakeScratch/TryCompile-nmwcyg"
      binary: "C:/src/vcpkg/buildtrees/sdl2/x64-windows-static-rel/CMakeFiles/CMakeScratch/TryCompile-nmwcyg"
    cmakeVariables:
      CMAKE_C_FLAGS: " /nologo /DWIN32 /D_WINDOWS /utf-8 /MP "
      CMAKE_C_FLAGS_DEBUG: "/MTd /Z7 /Ob0 /Od /RTC1 "
      CMAKE_EXE_LINKER_FLAGS: "/machine:x64"
      CMAKE_MODULE_PATH: "C:/src/vcpkg/buildtrees/sdl2/src/se-2.32.10-89f6bbf859.clean/cmake"
      CMAKE_MSVC_DEBUG_INFORMATION_FORMAT: ""
      CMAKE_MSVC_RUNTIME_LIBRARY: "MultiThreaded$<$<CONFIG:Debug>:Debug>$<$<STREQUAL:static,dynamic>:DLL>"
      VCPKG_CHAINLOAD_TOOLCHAIN_FILE: "C:/src/vcpkg/scripts/toolchains/windows.cmake"
      VCPKG_CRT_LINKAGE: "static"
      VCPKG_CXX_FLAGS: ""
      VCPKG_CXX_FLAGS_DEBUG: ""
      VCPKG_CXX_FLAGS_RELEASE: ""
      VCPKG_C_FLAGS: ""
      VCPKG_C_FLAGS_DEBUG: ""
      VCPKG_C_FLAGS_RELEASE: ""
      VCPKG_INSTALLED_DIR: "C:/src/vcpkg/installed"
      VCPKG_LINKER_FLAGS: ""
      VCPKG_LINKER_FLAGS_DEBUG: ""
      VCPKG_LINKER_FLAGS_RELEASE: ""
      VCPKG_PLATFORM_TOOLSET: "v143"
      VCPKG_PREFER_SYSTEM_LIBS: "OFF"
      VCPKG_SET_CHARSET_FLAG: "ON"
      VCPKG_TARGET_ARCHITECTURE: "x64"
      VCPKG_TARGET_TRIPLET: "x64-windows-static"
      Z_VCPKG_ROOT_DIR: "C:/src/vcpkg"
    buildResult:
      variable: "HAVE_DINPUT_H"
      cached: true
      stdout: |
        Change Dir: 'C:/src/vcpkg/buildtrees/sdl2/x64-windows-static-rel/CMakeFiles/CMakeScratch/TryCompile-nmwcyg'
        
        Run Build Command(s): C:\\src\\vcpkg\\downloads\\tools\\ninja-1.13.2-windows\\ninja.exe -v cmTC_ec631
        [1/2] "C:\\Program Files\\Microsoft Visual Studio\\2022\\Community\\VC\\Tools\\MSVC\\14.44.35207\\bin\\Hostx64\\x64\\cl.exe"  /nologo -D_MBCS  /nologo /DWIN32 /D_WINDOWS /utf-8 /MP   -D_GNU_SOURCE=1 /MTd /Z7 /Ob0 /Od /RTC1  -MTd /showIncludes /FoCMakeFiles\\cmTC_ec631.dir\\CheckIncludeFile.c.obj /FdCMakeFiles\\cmTC_ec631.dir\\ /FS -c C:\\src\\vcpkg\\buildtrees\\sdl2\\x64-windows-static-rel\\CMakeFiles\\CMakeScratch\\TryCompile-nmwcyg\\CheckIncludeFile.c
        C:\\Program Files (x86)\\Windows Kits\\10\\include\\10.0.26100.0\\um\\dinput.h: DIRECTINPUT_VERSION undefined. Defaulting to version 0x0800
        [2/2] C:\\WINDOWS\\system32\\cmd.exe /C "cd . && "C:\\Program Files\\CMake\\bin\\cmake.exe" -E vs_link_exe --msvc-ver=1944 --intdir=CMakeFiles\\cmTC_ec631.dir --rc="C:\\Program Files (x86)\\Windows Kits\\10\\bin\\10.0.26100.0\\x64\\rc.exe" --mt="C:\\Program Files (x86)\\Windows Kits\\10\\bin\\10.0.26100.0\\x64\\mt.exe" --manifests  -- "C:\\Program Files\\Microsoft Visual Studio\\2022\\Community\\VC\\Tools\\MSVC\\14.44.35207\\bin\\Hostx64\\x64\\link.exe" /nologo CMakeFiles\\cmTC_ec631.dir\\CheckIncludeFile.c.obj  /out:cmTC_ec631.exe /implib:cmTC_ec631.lib /pdb:cmTC_ec631.pdb /version:0.0 /machine:x64 /nologo /debug /INCREMENTAL /subsystem:console  kernel32.lib user32.lib gdi32.lib winspool.lib shell32.lib ole32.lib oleaut32.lib uuid.lib comdlg32.lib advapi32.lib && cd ."
        
      exitCode: 0
  -
    kind: "try_compile-v1"
    backtrace:
      - "C:/Program Files/CMake/share/cmake-4.4/Modules/CheckIncludeFile.cmake:157 (try_compile)"
      - "CMakeLists.txt:1837 (check_include_file)"
    checks:
      - "Looking for dxgi.h"
    directories:
      source: "C:/src/vcpkg/buildtrees/sdl2/x64-windows-static-rel/CMakeFiles/CMakeScratch/TryCompile-2vuw9r"
      binary: "C:/src/vcpkg/buildtrees/sdl2/x64-windows-static-rel/CMakeFiles/CMakeScratch/TryCompile-2vuw9r"
    cmakeVariables:
      CMAKE_C_FLAGS: " /nologo /DWIN32 /D_WINDOWS /utf-8 /MP "
      CMAKE_C_FLAGS_DEBUG: "/MTd /Z7 /Ob0 /Od /RTC1 "
      CMAKE_EXE_LINKER_FLAGS: "/machine:x64"
      CMAKE_MODULE_PATH: "C:/src/vcpkg/buildtrees/sdl2/src/se-2.32.10-89f6bbf859.clean/cmake"
      CMAKE_MSVC_DEBUG_INFORMATION_FORMAT: ""
      CMAKE_MSVC_RUNTIME_LIBRARY: "MultiThreaded$<$<CONFIG:Debug>:Debug>$<$<STREQUAL:static,dynamic>:DLL>"
      VCPKG_CHAINLOAD_TOOLCHAIN_FILE: "C:/src/vcpkg/scripts/toolchains/windows.cmake"
      VCPKG_CRT_LINKAGE: "static"
      VCPKG_CXX_FLAGS: ""
      VCPKG_CXX_FLAGS_DEBUG: ""
      VCPKG_CXX_FLAGS_RELEASE: ""
      VCPKG_C_FLAGS: ""
      VCPKG_C_FLAGS_DEBUG: ""
      VCPKG_C_FLAGS_RELEASE: ""
      VCPKG_INSTALLED_DIR: "C:/src/vcpkg/installed"
      VCPKG_LINKER_FLAGS: ""
      VCPKG_LINKER_FLAGS_DEBUG: ""
      VCPKG_LINKER_FLAGS_RELEASE: ""
      VCPKG_PLATFORM_TOOLSET: "v143"
      VCPKG_PREFER_SYSTEM_LIBS: "OFF"
      VCPKG_SET_CHARSET_FLAG: "ON"
      VCPKG_TARGET_ARCHITECTURE: "x64"
      VCPKG_TARGET_TRIPLET: "x64-windows-static"
      Z_VCPKG_ROOT_DIR: "C:/src/vcpkg"
    buildResult:
      variable: "HAVE_DXGI_H"
      cached: true
      stdout: |
        Change Dir: 'C:/src/vcpkg/buildtrees/sdl2/x64-windows-static-rel/CMakeFiles/CMakeScratch/TryCompile-2vuw9r'
        
        Run Build Command(s): C:\\src\\vcpkg\\downloads\\tools\\ninja-1.13.2-windows\\ninja.exe -v cmTC_73c49
        [1/2] "C:\\Program Files\\Microsoft Visual Studio\\2022\\Community\\VC\\Tools\\MSVC\\14.44.35207\\bin\\Hostx64\\x64\\cl.exe"  /nologo -D_MBCS  /nologo /DWIN32 /D_WINDOWS /utf-8 /MP   -D_GNU_SOURCE=1 /MTd /Z7 /Ob0 /Od /RTC1  -MTd /showIncludes /FoCMakeFiles\\cmTC_73c49.dir\\CheckIncludeFile.c.obj /FdCMakeFiles\\cmTC_73c49.dir\\ /FS -c C:\\src\\vcpkg\\buildtrees\\sdl2\\x64-windows-static-rel\\CMakeFiles\\CMakeScratch\\TryCompile-2vuw9r\\CheckIncludeFile.c
        [2/2] C:\\WINDOWS\\system32\\cmd.exe /C "cd . && "C:\\Program Files\\CMake\\bin\\cmake.exe" -E vs_link_exe --msvc-ver=1944 --intdir=CMakeFiles\\cmTC_73c49.dir --rc="C:\\Program Files (x86)\\Windows Kits\\10\\bin\\10.0.26100.0\\x64\\rc.exe" --mt="C:\\Program Files (x86)\\Windows Kits\\10\\bin\\10.0.26100.0\\x64\\mt.exe" --manifests  -- "C:\\Program Files\\Microsoft Visual Studio\\2022\\Community\\VC\\Tools\\MSVC\\14.44.35207\\bin\\Hostx64\\x64\\link.exe" /nologo CMakeFiles\\cmTC_73c49.dir\\CheckIncludeFile.c.obj  /out:cmTC_73c49.exe /implib:cmTC_73c49.lib /pdb:cmTC_73c49.pdb /version:0.0 /machine:x64 /nologo /debug /INCREMENTAL /subsystem:console  kernel32.lib user32.lib gdi32.lib winspool.lib shell32.lib ole32.lib oleaut32.lib uuid.lib comdlg32.lib advapi32.lib && cd ."
        
      exitCode: 0
  -
    kind: "try_compile-v1"
    backtrace:
      - "C:/Program Files/CMake/share/cmake-4.4/Modules/Internal/CheckSourceCompiles.cmake:81 (try_compile)"
      - "C:/Program Files/CMake/share/cmake-4.4/Modules/CheckCSourceCompiles.cmake:103 (cmake_check_source_compiles)"
      - "CMakeLists.txt:1853 (check_c_source_compiles)"
    checks:
      - "Performing Test HAVE_XINPUT_H"
    directories:
      source: "C:/src/vcpkg/buildtrees/sdl2/x64-windows-static-rel/CMakeFiles/CMakeScratch/TryCompile-3nl6l8"
      binary: "C:/src/vcpkg/buildtrees/sdl2/x64-windows-static-rel/CMakeFiles/CMakeScratch/TryCompile-3nl6l8"
    cmakeVariables:
      CMAKE_C_FLAGS: " /nologo /DWIN32 /D_WINDOWS /utf-8 /MP "
      CMAKE_C_FLAGS_DEBUG: "/MTd /Z7 /Ob0 /Od /RTC1 "
      CMAKE_EXE_LINKER_FLAGS: "/machine:x64"
      CMAKE_MODULE_PATH: "C:/src/vcpkg/buildtrees/sdl2/src/se-2.32.10-89f6bbf859.clean/cmake"
      CMAKE_MSVC_DEBUG_INFORMATION_FORMAT: ""
      CMAKE_MSVC_RUNTIME_LIBRARY: "MultiThreaded$<$<CONFIG:Debug>:Debug>$<$<STREQUAL:static,dynamic>:DLL>"
      VCPKG_CHAINLOAD_TOOLCHAIN_FILE: "C:/src/vcpkg/scripts/toolchains/windows.cmake"
      VCPKG_CRT_LINKAGE: "static"
      VCPKG_CXX_FLAGS: ""
      VCPKG_CXX_FLAGS_DEBUG: ""
      VCPKG_CXX_FLAGS_RELEASE: ""
      VCPKG_C_FLAGS: ""
      VCPKG_C_FLAGS_DEBUG: ""
      VCPKG_C_FLAGS_RELEASE: ""
      VCPKG_INSTALLED_DIR: "C:/src/vcpkg/installed"
      VCPKG_LINKER_FLAGS: ""
      VCPKG_LINKER_FLAGS_DEBUG: ""
      VCPKG_LINKER_FLAGS_RELEASE: ""
      VCPKG_PLATFORM_TOOLSET: "v143"
      VCPKG_PREFER_SYSTEM_LIBS: "OFF"
      VCPKG_SET_CHARSET_FLAG: "ON"
      VCPKG_TARGET_ARCHITECTURE: "x64"
      VCPKG_TARGET_TRIPLET: "x64-windows-static"
      Z_VCPKG_ROOT_DIR: "C:/src/vcpkg"
    buildResult:
      variable: "HAVE_XINPUT_H"
      cached: true
      stdout: |
        Change Dir: 'C:/src/vcpkg/buildtrees/sdl2/x64-windows-static-rel/CMakeFiles/CMakeScratch/TryCompile-3nl6l8'
        
        Run Build Command(s): C:\\src\\vcpkg\\downloads\\tools\\ninja-1.13.2-windows\\ninja.exe -v cmTC_4e89f
        [1/2] "C:\\Program Files\\Microsoft Visual Studio\\2022\\Community\\VC\\Tools\\MSVC\\14.44.35207\\bin\\Hostx64\\x64\\cl.exe"  /nologo -DHAVE_XINPUT_H -D_MBCS  /nologo /DWIN32 /D_WINDOWS /utf-8 /MP   -D_GNU_SOURCE=1 /MTd /Z7 /Ob0 /Od /RTC1  -MTd /showIncludes /FoCMakeFiles\\cmTC_4e89f.dir\\src.c.obj /FdCMakeFiles\\cmTC_4e89f.dir\\ /FS -c C:\\src\\vcpkg\\buildtrees\\sdl2\\x64-windows-static-rel\\CMakeFiles\\CMakeScratch\\TryCompile-3nl6l8\\src.c
        [2/2] C:\\WINDOWS\\system32\\cmd.exe /C "cd . && "C:\\Program Files\\CMake\\bin\\cmake.exe" -E vs_link_exe --msvc-ver=1944 --intdir=CMakeFiles\\cmTC_4e89f.dir --rc="C:\\Program Files (x86)\\Windows Kits\\10\\bin\\10.0.26100.0\\x64\\rc.exe" --mt="C:\\Program Files (x86)\\Windows Kits\\10\\bin\\10.0.26100.0\\x64\\mt.exe" --manifests  -- "C:\\Program Files\\Microsoft Visual Studio\\2022\\Community\\VC\\Tools\\MSVC\\14.44.35207\\bin\\Hostx64\\x64\\link.exe" /nologo CMakeFiles\\cmTC_4e89f.dir\\src.c.obj  /out:cmTC_4e89f.exe /implib:cmTC_4e89f.lib /pdb:cmTC_4e89f.pdb /version:0.0 /machine:x64 /nologo /debug /INCREMENTAL /subsystem:console  kernel32.lib user32.lib gdi32.lib winspool.lib shell32.lib ole32.lib oleaut32.lib uuid.lib comdlg32.lib advapi32.lib && cd ."
        
      exitCode: 0
  -
    kind: "try_compile-v1"
    backtrace:
      - "C:/Program Files/CMake/share/cmake-4.4/Modules/Internal/CheckSourceCompiles.cmake:81 (try_compile)"
      - "C:/Program Files/CMake/share/cmake-4.4/Modules/CheckCSourceCompiles.cmake:103 (cmake_check_source_compiles)"
      - "CMakeLists.txt:1857 (check_c_source_compiles)"
    checks:
      - "Performing Test HAVE_WINDOWS_GAMING_INPUT_H"
    directories:
      source: "C:/src/vcpkg/buildtrees/sdl2/x64-windows-static-rel/CMakeFiles/CMakeScratch/TryCompile-pgrki0"
      binary: "C:/src/vcpkg/buildtrees/sdl2/x64-windows-static-rel/CMakeFiles/CMakeScratch/TryCompile-pgrki0"
    cmakeVariables:
      CMAKE_C_FLAGS: " /nologo /DWIN32 /D_WINDOWS /utf-8 /MP "
      CMAKE_C_FLAGS_DEBUG: "/MTd /Z7 /Ob0 /Od /RTC1 "
      CMAKE_EXE_LINKER_FLAGS: "/machine:x64"
      CMAKE_MODULE_PATH: "C:/src/vcpkg/buildtrees/sdl2/src/se-2.32.10-89f6bbf859.clean/cmake"
      CMAKE_MSVC_DEBUG_INFORMATION_FORMAT: ""
      CMAKE_MSVC_RUNTIME_LIBRARY: "MultiThreaded$<$<CONFIG:Debug>:Debug>$<$<STREQUAL:static,dynamic>:DLL>"
      VCPKG_CHAINLOAD_TOOLCHAIN_FILE: "C:/src/vcpkg/scripts/toolchains/windows.cmake"
      VCPKG_CRT_LINKAGE: "static"
      VCPKG_CXX_FLAGS: ""
      VCPKG_CXX_FLAGS_DEBUG: ""
      VCPKG_CXX_FLAGS_RELEASE: ""
      VCPKG_C_FLAGS: ""
      VCPKG_C_FLAGS_DEBUG: ""
      VCPKG_C_FLAGS_RELEASE: ""
      VCPKG_INSTALLED_DIR: "C:/src/vcpkg/installed"
      VCPKG_LINKER_FLAGS: ""
      VCPKG_LINKER_FLAGS_DEBUG: ""
      VCPKG_LINKER_FLAGS_RELEASE: ""
      VCPKG_PLATFORM_TOOLSET: "v143"
      VCPKG_PREFER_SYSTEM_LIBS: "OFF"
      VCPKG_SET_CHARSET_FLAG: "ON"
      VCPKG_TARGET_ARCHITECTURE: "x64"
      VCPKG_TARGET_TRIPLET: "x64-windows-static"
      Z_VCPKG_ROOT_DIR: "C:/src/vcpkg"
    buildResult:
      variable: "HAVE_WINDOWS_GAMING_INPUT_H"
      cached: true
      stdout: |
        Change Dir: 'C:/src/vcpkg/buildtrees/sdl2/x64-windows-static-rel/CMakeFiles/CMakeScratch/TryCompile-pgrki0'
        
        Run Build Command(s): C:\\src\\vcpkg\\downloads\\tools\\ninja-1.13.2-windows\\ninja.exe -v cmTC_5b9b2
        [1/2] "C:\\Program Files\\Microsoft Visual Studio\\2022\\Community\\VC\\Tools\\MSVC\\14.44.35207\\bin\\Hostx64\\x64\\cl.exe"  /nologo -DHAVE_WINDOWS_GAMING_INPUT_H -D_MBCS  /nologo /DWIN32 /D_WINDOWS /utf-8 /MP   -D_GNU_SOURCE=1 /MTd /Z7 /Ob0 /Od /RTC1  -MTd /showIncludes /FoCMakeFiles\\cmTC_5b9b2.dir\\src.c.obj /FdCMakeFiles\\cmTC_5b9b2.dir\\ /FS -c C:\\src\\vcpkg\\buildtrees\\sdl2\\x64-windows-static-rel\\CMakeFiles\\CMakeScratch\\TryCompile-pgrki0\\src.c
        [2/2] C:\\WINDOWS\\system32\\cmd.exe /C "cd . && "C:\\Program Files\\CMake\\bin\\cmake.exe" -E vs_link_exe --msvc-ver=1944 --intdir=CMakeFiles\\cmTC_5b9b2.dir --rc="C:\\Program Files (x86)\\Windows Kits\\10\\bin\\10.0.26100.0\\x64\\rc.exe" --mt="C:\\Program Files (x86)\\Windows Kits\\10\\bin\\10.0.26100.0\\x64\\mt.exe" --manifests  -- "C:\\Program Files\\Microsoft Visual Studio\\2022\\Community\\VC\\Tools\\MSVC\\14.44.35207\\bin\\Hostx64\\x64\\link.exe" /nologo CMakeFiles\\cmTC_5b9b2.dir\\src.c.obj  /out:cmTC_5b9b2.exe /implib:cmTC_5b9b2.lib /pdb:cmTC_5b9b2.pdb /version:0.0 /machine:x64 /nologo /debug /INCREMENTAL /subsystem:console  kernel32.lib user32.lib gdi32.lib winspool.lib shell32.lib ole32.lib oleaut32.lib uuid.lib comdlg32.lib advapi32.lib && cd ."
        
      exitCode: 0
  -
    kind: "try_compile-v1"
    backtrace:
      - "C:/Program Files/CMake/share/cmake-4.4/Modules/CheckIncludeFile.cmake:157 (try_compile)"
      - "CMakeLists.txt:1865 (check_include_file)"
    checks:
      - "Looking for tpcshrd.h"
    directories:
      source: "C:/src/vcpkg/buildtrees/sdl2/x64-windows-static-rel/CMakeFiles/CMakeScratch/TryCompile-oc8soa"
      binary: "C:/src/vcpkg/buildtrees/sdl2/x64-windows-static-rel/CMakeFiles/CMakeScratch/TryCompile-oc8soa"
    cmakeVariables:
      CMAKE_C_FLAGS: " /nologo /DWIN32 /D_WINDOWS /utf-8 /MP "
      CMAKE_C_FLAGS_DEBUG: "/MTd /Z7 /Ob0 /Od /RTC1 "
      CMAKE_EXE_LINKER_FLAGS: "/machine:x64"
      CMAKE_MODULE_PATH: "C:/src/vcpkg/buildtrees/sdl2/src/se-2.32.10-89f6bbf859.clean/cmake"
      CMAKE_MSVC_DEBUG_INFORMATION_FORMAT: ""
      CMAKE_MSVC_RUNTIME_LIBRARY: "MultiThreaded$<$<CONFIG:Debug>:Debug>$<$<STREQUAL:static,dynamic>:DLL>"
      VCPKG_CHAINLOAD_TOOLCHAIN_FILE: "C:/src/vcpkg/scripts/toolchains/windows.cmake"
      VCPKG_CRT_LINKAGE: "static"
      VCPKG_CXX_FLAGS: ""
      VCPKG_CXX_FLAGS_DEBUG: ""
      VCPKG_CXX_FLAGS_RELEASE: ""
      VCPKG_C_FLAGS: ""
      VCPKG_C_FLAGS_DEBUG: ""
      VCPKG_C_FLAGS_RELEASE: ""
      VCPKG_INSTALLED_DIR: "C:/src/vcpkg/installed"
      VCPKG_LINKER_FLAGS: ""
      VCPKG_LINKER_FLAGS_DEBUG: ""
      VCPKG_LINKER_FLAGS_RELEASE: ""
      VCPKG_PLATFORM_TOOLSET: "v143"
      VCPKG_PREFER_SYSTEM_LIBS: "OFF"
      VCPKG_SET_CHARSET_FLAG: "ON"
      VCPKG_TARGET_ARCHITECTURE: "x64"
      VCPKG_TARGET_TRIPLET: "x64-windows-static"
      Z_VCPKG_ROOT_DIR: "C:/src/vcpkg"
    buildResult:
      variable: "HAVE_TPCSHRD_H"
      cached: true
      stdout: |
        Change Dir: 'C:/src/vcpkg/buildtrees/sdl2/x64-windows-static-rel/CMakeFiles/CMakeScratch/TryCompile-oc8soa'
        
        Run Build Command(s): C:\\src\\vcpkg\\downloads\\tools\\ninja-1.13.2-windows\\ninja.exe -v cmTC_d992a
        [1/2] "C:\\Program Files\\Microsoft Visual Studio\\2022\\Community\\VC\\Tools\\MSVC\\14.44.35207\\bin\\Hostx64\\x64\\cl.exe"  /nologo -D_MBCS  /nologo /DWIN32 /D_WINDOWS /utf-8 /MP   -D_GNU_SOURCE=1 /MTd /Z7 /Ob0 /Od /RTC1  -MTd /showIncludes /FoCMakeFiles\\cmTC_d992a.dir\\CheckIncludeFile.c.obj /FdCMakeFiles\\cmTC_d992a.dir\\ /FS -c C:\\src\\vcpkg\\buildtrees\\sdl2\\x64-windows-static-rel\\CMakeFiles\\CMakeScratch\\TryCompile-oc8soa\\CheckIncludeFile.c
        [2/2] C:\\WINDOWS\\system32\\cmd.exe /C "cd . && "C:\\Program Files\\CMake\\bin\\cmake.exe" -E vs_link_exe --msvc-ver=1944 --intdir=CMakeFiles\\cmTC_d992a.dir --rc="C:\\Program Files (x86)\\Windows Kits\\10\\bin\\10.0.26100.0\\x64\\rc.exe" --mt="C:\\Program Files (x86)\\Windows Kits\\10\\bin\\10.0.26100.0\\x64\\mt.exe" --manifests  -- "C:\\Program Files\\Microsoft Visual Studio\\2022\\Community\\VC\\Tools\\MSVC\\14.44.35207\\bin\\Hostx64\\x64\\link.exe" /nologo CMakeFiles\\cmTC_d992a.dir\\CheckIncludeFile.c.obj  /out:cmTC_d992a.exe /implib:cmTC_d992a.lib /pdb:cmTC_d992a.pdb /version:0.0 /machine:x64 /nologo /debug /INCREMENTAL /subsystem:console  kernel32.lib user32.lib gdi32.lib winspool.lib shell32.lib ole32.lib oleaut32.lib uuid.lib comdlg32.lib advapi32.lib && cd ."
        
      exitCode: 0
  -
    kind: "try_compile-v1"
    backtrace:
      - "C:/Program Files/CMake/share/cmake-4.4/Modules/CheckIncludeFile.cmake:157 (try_compile)"
      - "CMakeLists.txt:1866 (check_include_file)"
    checks:
      - "Looking for roapi.h"
    directories:
      source: "C:/src/vcpkg/buildtrees/sdl2/x64-windows-static-rel/CMakeFiles/CMakeScratch/TryCompile-ymbk0f"
      binary: "C:/src/vcpkg/buildtrees/sdl2/x64-windows-static-rel/CMakeFiles/CMakeScratch/TryCompile-ymbk0f"
    cmakeVariables:
      CMAKE_C_FLAGS: " /nologo /DWIN32 /D_WINDOWS /utf-8 /MP "
      CMAKE_C_FLAGS_DEBUG: "/MTd /Z7 /Ob0 /Od /RTC1 "
      CMAKE_EXE_LINKER_FLAGS: "/machine:x64"
      CMAKE_MODULE_PATH: "C:/src/vcpkg/buildtrees/sdl2/src/se-2.32.10-89f6bbf859.clean/cmake"
      CMAKE_MSVC_DEBUG_INFORMATION_FORMAT: ""
      CMAKE_MSVC_RUNTIME_LIBRARY: "MultiThreaded$<$<CONFIG:Debug>:Debug>$<$<STREQUAL:static,dynamic>:DLL>"
      VCPKG_CHAINLOAD_TOOLCHAIN_FILE: "C:/src/vcpkg/scripts/toolchains/windows.cmake"
      VCPKG_CRT_LINKAGE: "static"
      VCPKG_CXX_FLAGS: ""
      VCPKG_CXX_FLAGS_DEBUG: ""
      VCPKG_CXX_FLAGS_RELEASE: ""
      VCPKG_C_FLAGS: ""
      VCPKG_C_FLAGS_DEBUG: ""
      VCPKG_C_FLAGS_RELEASE: ""
      VCPKG_INSTALLED_DIR: "C:/src/vcpkg/installed"
      VCPKG_LINKER_FLAGS: ""
      VCPKG_LINKER_FLAGS_DEBUG: ""
      VCPKG_LINKER_FLAGS_RELEASE: ""
      VCPKG_PLATFORM_TOOLSET: "v143"
      VCPKG_PREFER_SYSTEM_LIBS: "OFF"
      VCPKG_SET_CHARSET_FLAG: "ON"
      VCPKG_TARGET_ARCHITECTURE: "x64"
      VCPKG_TARGET_TRIPLET: "x64-windows-static"
      Z_VCPKG_ROOT_DIR: "C:/src/vcpkg"
    buildResult:
      variable: "HAVE_ROAPI_H"
      cached: true
      stdout: |
        Change Dir: 'C:/src/vcpkg/buildtrees/sdl2/x64-windows-static-rel/CMakeFiles/CMakeScratch/TryCompile-ymbk0f'
        
        Run Build Command(s): C:\\src\\vcpkg\\downloads\\tools\\ninja-1.13.2-windows\\ninja.exe -v cmTC_a2e03
        [1/2] "C:\\Program Files\\Microsoft Visual Studio\\2022\\Community\\VC\\Tools\\MSVC\\14.44.35207\\bin\\Hostx64\\x64\\cl.exe"  /nologo -D_MBCS  /nologo /DWIN32 /D_WINDOWS /utf-8 /MP   -D_GNU_SOURCE=1 /MTd /Z7 /Ob0 /Od /RTC1  -MTd /showIncludes /FoCMakeFiles\\cmTC_a2e03.dir\\CheckIncludeFile.c.obj /FdCMakeFiles\\cmTC_a2e03.dir\\ /FS -c C:\\src\\vcpkg\\buildtrees\\sdl2\\x64-windows-static-rel\\CMakeFiles\\CMakeScratch\\TryCompile-ymbk0f\\CheckIncludeFile.c
        [2/2] C:\\WINDOWS\\system32\\cmd.exe /C "cd . && "C:\\Program Files\\CMake\\bin\\cmake.exe" -E vs_link_exe --msvc-ver=1944 --intdir=CMakeFiles\\cmTC_a2e03.dir --rc="C:\\Program Files (x86)\\Windows Kits\\10\\bin\\10.0.26100.0\\x64\\rc.exe" --mt="C:\\Program Files (x86)\\Windows Kits\\10\\bin\\10.0.26100.0\\x64\\mt.exe" --manifests  -- "C:\\Program Files\\Microsoft Visual Studio\\2022\\Community\\VC\\Tools\\MSVC\\14.44.35207\\bin\\Hostx64\\x64\\link.exe" /nologo CMakeFiles\\cmTC_a2e03.dir\\CheckIncludeFile.c.obj  /out:cmTC_a2e03.exe /implib:cmTC_a2e03.lib /pdb:cmTC_a2e03.pdb /version:0.0 /machine:x64 /nologo /debug /INCREMENTAL /subsystem:console  kernel32.lib user32.lib gdi32.lib winspool.lib shell32.lib ole32.lib oleaut32.lib uuid.lib comdlg32.lib advapi32.lib && cd ."
        
      exitCode: 0
  -
    kind: "try_compile-v1"
    backtrace:
      - "C:/Program Files/CMake/share/cmake-4.4/Modules/CheckIncludeFile.cmake:157 (try_compile)"
      - "CMakeLists.txt:1867 (check_include_file)"
    checks:
      - "Looking for mmdeviceapi.h"
    directories:
      source: "C:/src/vcpkg/buildtrees/sdl2/x64-windows-static-rel/CMakeFiles/CMakeScratch/TryCompile-e8irts"
      binary: "C:/src/vcpkg/buildtrees/sdl2/x64-windows-static-rel/CMakeFiles/CMakeScratch/TryCompile-e8irts"
    cmakeVariables:
      CMAKE_C_FLAGS: " /nologo /DWIN32 /D_WINDOWS /utf-8 /MP "
      CMAKE_C_FLAGS_DEBUG: "/MTd /Z7 /Ob0 /Od /RTC1 "
      CMAKE_EXE_LINKER_FLAGS: "/machine:x64"
      CMAKE_MODULE_PATH: "C:/src/vcpkg/buildtrees/sdl2/src/se-2.32.10-89f6bbf859.clean/cmake"
      CMAKE_MSVC_DEBUG_INFORMATION_FORMAT: ""
      CMAKE_MSVC_RUNTIME_LIBRARY: "MultiThreaded$<$<CONFIG:Debug>:Debug>$<$<STREQUAL:static,dynamic>:DLL>"
      VCPKG_CHAINLOAD_TOOLCHAIN_FILE: "C:/src/vcpkg/scripts/toolchains/windows.cmake"
      VCPKG_CRT_LINKAGE: "static"
      VCPKG_CXX_FLAGS: ""
      VCPKG_CXX_FLAGS_DEBUG: ""
      VCPKG_CXX_FLAGS_RELEASE: ""
      VCPKG_C_FLAGS: ""
      VCPKG_C_FLAGS_DEBUG: ""
      VCPKG_C_FLAGS_RELEASE: ""
      VCPKG_INSTALLED_DIR: "C:/src/vcpkg/installed"
      VCPKG_LINKER_FLAGS: ""
      VCPKG_LINKER_FLAGS_DEBUG: ""
      VCPKG_LINKER_FLAGS_RELEASE: ""
      VCPKG_PLATFORM_TOOLSET: "v143"
      VCPKG_PREFER_SYSTEM_LIBS: "OFF"
      VCPKG_SET_CHARSET_FLAG: "ON"
      VCPKG_TARGET_ARCHITECTURE: "x64"
      VCPKG_TARGET_TRIPLET: "x64-windows-static"
      Z_VCPKG_ROOT_DIR: "C:/src/vcpkg"
    buildResult:
      variable: "HAVE_MMDEVICEAPI_H"
      cached: true
      stdout: |
        Change Dir: 'C:/src/vcpkg/buildtrees/sdl2/x64-windows-static-rel/CMakeFiles/CMakeScratch/TryCompile-e8irts'
        
        Run Build Command(s): C:\\src\\vcpkg\\downloads\\tools\\ninja-1.13.2-windows\\ninja.exe -v cmTC_c4d74
        [1/2] "C:\\Program Files\\Microsoft Visual Studio\\2022\\Community\\VC\\Tools\\MSVC\\14.44.35207\\bin\\Hostx64\\x64\\cl.exe"  /nologo -D_MBCS  /nologo /DWIN32 /D_WINDOWS /utf-8 /MP   -D_GNU_SOURCE=1 /MTd /Z7 /Ob0 /Od /RTC1  -MTd /showIncludes /FoCMakeFiles\\cmTC_c4d74.dir\\CheckIncludeFile.c.obj /FdCMakeFiles\\cmTC_c4d74.dir\\ /FS -c C:\\src\\vcpkg\\buildtrees\\sdl2\\x64-windows-static-rel\\CMakeFiles\\CMakeScratch\\TryCompile-e8irts\\CheckIncludeFile.c
        [2/2] C:\\WINDOWS\\system32\\cmd.exe /C "cd . && "C:\\Program Files\\CMake\\bin\\cmake.exe" -E vs_link_exe --msvc-ver=1944 --intdir=CMakeFiles\\cmTC_c4d74.dir --rc="C:\\Program Files (x86)\\Windows Kits\\10\\bin\\10.0.26100.0\\x64\\rc.exe" --mt="C:\\Program Files (x86)\\Windows Kits\\10\\bin\\10.0.26100.0\\x64\\mt.exe" --manifests  -- "C:\\Program Files\\Microsoft Visual Studio\\2022\\Community\\VC\\Tools\\MSVC\\14.44.35207\\bin\\Hostx64\\x64\\link.exe" /nologo CMakeFiles\\cmTC_c4d74.dir\\CheckIncludeFile.c.obj  /out:cmTC_c4d74.exe /implib:cmTC_c4d74.lib /pdb:cmTC_c4d74.pdb /version:0.0 /machine:x64 /nologo /debug /INCREMENTAL /subsystem:console  kernel32.lib user32.lib gdi32.lib winspool.lib shell32.lib ole32.lib oleaut32.lib uuid.lib comdlg32.lib advapi32.lib && cd ."
        
      exitCode: 0
  -
    kind: "try_compile-v1"
    backtrace:
      - "C:/Program Files/CMake/share/cmake-4.4/Modules/CheckIncludeFile.cmake:157 (try_compile)"
      - "CMakeLists.txt:1868 (check_include_file)"
    checks:
      - "Looking for audioclient.h"
    directories:
      source: "C:/src/vcpkg/buildtrees/sdl2/x64-windows-static-rel/CMakeFiles/CMakeScratch/TryCompile-hp0mi6"
      binary: "C:/src/vcpkg/buildtrees/sdl2/x64-windows-static-rel/CMakeFiles/CMakeScratch/TryCompile-hp0mi6"
    cmakeVariables:
      CMAKE_C_FLAGS: " /nologo /DWIN32 /D_WINDOWS /utf-8 /MP "
      CMAKE_C_FLAGS_DEBUG: "/MTd /Z7 /Ob0 /Od /RTC1 "
      CMAKE_EXE_LINKER_FLAGS: "/machine:x64"
      CMAKE_MODULE_PATH: "C:/src/vcpkg/buildtrees/sdl2/src/se-2.32.10-89f6bbf859.clean/cmake"
      CMAKE_MSVC_DEBUG_INFORMATION_FORMAT: ""
      CMAKE_MSVC_RUNTIME_LIBRARY: "MultiThreaded$<$<CONFIG:Debug>:Debug>$<$<STREQUAL:static,dynamic>:DLL>"
      VCPKG_CHAINLOAD_TOOLCHAIN_FILE: "C:/src/vcpkg/scripts/toolchains/windows.cmake"
      VCPKG_CRT_LINKAGE: "static"
      VCPKG_CXX_FLAGS: ""
      VCPKG_CXX_FLAGS_DEBUG: ""
      VCPKG_CXX_FLAGS_RELEASE: ""
      VCPKG_C_FLAGS: ""
      VCPKG_C_FLAGS_DEBUG: ""
      VCPKG_C_FLAGS_RELEASE: ""
      VCPKG_INSTALLED_DIR: "C:/src/vcpkg/installed"
      VCPKG_LINKER_FLAGS: ""
      VCPKG_LINKER_FLAGS_DEBUG: ""
      VCPKG_LINKER_FLAGS_RELEASE: ""
      VCPKG_PLATFORM_TOOLSET: "v143"
      VCPKG_PREFER_SYSTEM_LIBS: "OFF"
      VCPKG_SET_CHARSET_FLAG: "ON"
      VCPKG_TARGET_ARCHITECTURE: "x64"
      VCPKG_TARGET_TRIPLET: "x64-windows-static"
      Z_VCPKG_ROOT_DIR: "C:/src/vcpkg"
    buildResult:
      variable: "HAVE_AUDIOCLIENT_H"
      cached: true
      stdout: |
        Change Dir: 'C:/src/vcpkg/buildtrees/sdl2/x64-windows-static-rel/CMakeFiles/CMakeScratch/TryCompile-hp0mi6'
        
        Run Build Command(s): C:\\src\\vcpkg\\downloads\\tools\\ninja-1.13.2-windows\\ninja.exe -v cmTC_7c7ae
        [1/2] "C:\\Program Files\\Microsoft Visual Studio\\2022\\Community\\VC\\Tools\\MSVC\\14.44.35207\\bin\\Hostx64\\x64\\cl.exe"  /nologo -D_MBCS  /nologo /DWIN32 /D_WINDOWS /utf-8 /MP   -D_GNU_SOURCE=1 /MTd /Z7 /Ob0 /Od /RTC1  -MTd /showIncludes /FoCMakeFiles\\cmTC_7c7ae.dir\\CheckIncludeFile.c.obj /FdCMakeFiles\\cmTC_7c7ae.dir\\ /FS -c C:\\src\\vcpkg\\buildtrees\\sdl2\\x64-windows-static-rel\\CMakeFiles\\CMakeScratch\\TryCompile-hp0mi6\\CheckIncludeFile.c
        [2/2] C:\\WINDOWS\\system32\\cmd.exe /C "cd . && "C:\\Program Files\\CMake\\bin\\cmake.exe" -E vs_link_exe --msvc-ver=1944 --intdir=CMakeFiles\\cmTC_7c7ae.dir --rc="C:\\Program Files (x86)\\Windows Kits\\10\\bin\\10.0.26100.0\\x64\\rc.exe" --mt="C:\\Program Files (x86)\\Windows Kits\\10\\bin\\10.0.26100.0\\x64\\mt.exe" --manifests  -- "C:\\Program Files\\Microsoft Visual Studio\\2022\\Community\\VC\\Tools\\MSVC\\14.44.35207\\bin\\Hostx64\\x64\\link.exe" /nologo CMakeFiles\\cmTC_7c7ae.dir\\CheckIncludeFile.c.obj  /out:cmTC_7c7ae.exe /implib:cmTC_7c7ae.lib /pdb:cmTC_7c7ae.pdb /version:0.0 /machine:x64 /nologo /debug /INCREMENTAL /subsystem:console  kernel32.lib user32.lib gdi32.lib winspool.lib shell32.lib ole32.lib oleaut32.lib uuid.lib comdlg32.lib advapi32.lib && cd ."
        
      exitCode: 0
  -
    kind: "try_compile-v1"
    backtrace:
      - "C:/Program Files/CMake/share/cmake-4.4/Modules/CheckIncludeFile.cmake:157 (try_compile)"
      - "CMakeLists.txt:1869 (check_include_file)"
    checks:
      - "Looking for sensorsapi.h"
    directories:
      source: "C:/src/vcpkg/buildtrees/sdl2/x64-windows-static-rel/CMakeFiles/CMakeScratch/TryCompile-88ox5p"
      binary: "C:/src/vcpkg/buildtrees/sdl2/x64-windows-static-rel/CMakeFiles/CMakeScratch/TryCompile-88ox5p"
    cmakeVariables:
      CMAKE_C_FLAGS: " /nologo /DWIN32 /D_WINDOWS /utf-8 /MP "
      CMAKE_C_FLAGS_DEBUG: "/MTd /Z7 /Ob0 /Od /RTC1 "
      CMAKE_EXE_LINKER_FLAGS: "/machine:x64"
      CMAKE_MODULE_PATH: "C:/src/vcpkg/buildtrees/sdl2/src/se-2.32.10-89f6bbf859.clean/cmake"
      CMAKE_MSVC_DEBUG_INFORMATION_FORMAT: ""
      CMAKE_MSVC_RUNTIME_LIBRARY: "MultiThreaded$<$<CONFIG:Debug>:Debug>$<$<STREQUAL:static,dynamic>:DLL>"
      VCPKG_CHAINLOAD_TOOLCHAIN_FILE: "C:/src/vcpkg/scripts/toolchains/windows.cmake"
      VCPKG_CRT_LINKAGE: "static"
      VCPKG_CXX_FLAGS: ""
      VCPKG_CXX_FLAGS_DEBUG: ""
      VCPKG_CXX_FLAGS_RELEASE: ""
      VCPKG_C_FLAGS: ""
      VCPKG_C_FLAGS_DEBUG: ""
      VCPKG_C_FLAGS_RELEASE: ""
      VCPKG_INSTALLED_DIR: "C:/src/vcpkg/installed"
      VCPKG_LINKER_FLAGS: ""
      VCPKG_LINKER_FLAGS_DEBUG: ""
      VCPKG_LINKER_FLAGS_RELEASE: ""
      VCPKG_PLATFORM_TOOLSET: "v143"
      VCPKG_PREFER_SYSTEM_LIBS: "OFF"
      VCPKG_SET_CHARSET_FLAG: "ON"
      VCPKG_TARGET_ARCHITECTURE: "x64"
      VCPKG_TARGET_TRIPLET: "x64-windows-static"
      Z_VCPKG_ROOT_DIR: "C:/src/vcpkg"
    buildResult:
      variable: "HAVE_SENSORSAPI_H"
      cached: true
      stdout: |
        Change Dir: 'C:/src/vcpkg/buildtrees/sdl2/x64-windows-static-rel/CMakeFiles/CMakeScratch/TryCompile-88ox5p'
        
        Run Build Command(s): C:\\src\\vcpkg\\downloads\\tools\\ninja-1.13.2-windows\\ninja.exe -v cmTC_84013
        [1/2] "C:\\Program Files\\Microsoft Visual Studio\\2022\\Community\\VC\\Tools\\MSVC\\14.44.35207\\bin\\Hostx64\\x64\\cl.exe"  /nologo -D_MBCS  /nologo /DWIN32 /D_WINDOWS /utf-8 /MP   -D_GNU_SOURCE=1 /MTd /Z7 /Ob0 /Od /RTC1  -MTd /showIncludes /FoCMakeFiles\\cmTC_84013.dir\\CheckIncludeFile.c.obj /FdCMakeFiles\\cmTC_84013.dir\\ /FS -c C:\\src\\vcpkg\\buildtrees\\sdl2\\x64-windows-static-rel\\CMakeFiles\\CMakeScratch\\TryCompile-88ox5p\\CheckIncludeFile.c
        [2/2] C:\\WINDOWS\\system32\\cmd.exe /C "cd . && "C:\\Program Files\\CMake\\bin\\cmake.exe" -E vs_link_exe --msvc-ver=1944 --intdir=CMakeFiles\\cmTC_84013.dir --rc="C:\\Program Files (x86)\\Windows Kits\\10\\bin\\10.0.26100.0\\x64\\rc.exe" --mt="C:\\Program Files (x86)\\Windows Kits\\10\\bin\\10.0.26100.0\\x64\\mt.exe" --manifests  -- "C:\\Program Files\\Microsoft Visual Studio\\2022\\Community\\VC\\Tools\\MSVC\\14.44.35207\\bin\\Hostx64\\x64\\link.exe" /nologo CMakeFiles\\cmTC_84013.dir\\CheckIncludeFile.c.obj  /out:cmTC_84013.exe /implib:cmTC_84013.lib /pdb:cmTC_84013.pdb /version:0.0 /machine:x64 /nologo /debug /INCREMENTAL /subsystem:console  kernel32.lib user32.lib gdi32.lib winspool.lib shell32.lib ole32.lib oleaut32.lib uuid.lib comdlg32.lib advapi32.lib && cd ."
        
      exitCode: 0
  -
    kind: "try_compile-v1"
    backtrace:
      - "C:/Program Files/CMake/share/cmake-4.4/Modules/CheckIncludeFile.cmake:157 (try_compile)"
      - "CMakeLists.txt:1870 (check_include_file)"
    checks:
      - "Looking for shellscalingapi.h"
    directories:
      source: "C:/src/vcpkg/buildtrees/sdl2/x64-windows-static-rel/CMakeFiles/CMakeScratch/TryCompile-89xfje"
      binary: "C:/src/vcpkg/buildtrees/sdl2/x64-windows-static-rel/CMakeFiles/CMakeScratch/TryCompile-89xfje"
    cmakeVariables:
      CMAKE_C_FLAGS: " /nologo /DWIN32 /D_WINDOWS /utf-8 /MP "
      CMAKE_C_FLAGS_DEBUG: "/MTd /Z7 /Ob0 /Od /RTC1 "
      CMAKE_EXE_LINKER_FLAGS: "/machine:x64"
      CMAKE_MODULE_PATH: "C:/src/vcpkg/buildtrees/sdl2/src/se-2.32.10-89f6bbf859.clean/cmake"
      CMAKE_MSVC_DEBUG_INFORMATION_FORMAT: ""
      CMAKE_MSVC_RUNTIME_LIBRARY: "MultiThreaded$<$<CONFIG:Debug>:Debug>$<$<STREQUAL:static,dynamic>:DLL>"
      VCPKG_CHAINLOAD_TOOLCHAIN_FILE: "C:/src/vcpkg/scripts/toolchains/windows.cmake"
      VCPKG_CRT_LINKAGE: "static"
      VCPKG_CXX_FLAGS: ""
      VCPKG_CXX_FLAGS_DEBUG: ""
      VCPKG_CXX_FLAGS_RELEASE: ""
      VCPKG_C_FLAGS: ""
      VCPKG_C_FLAGS_DEBUG: ""
      VCPKG_C_FLAGS_RELEASE: ""
      VCPKG_INSTALLED_DIR: "C:/src/vcpkg/installed"
      VCPKG_LINKER_FLAGS: ""
      VCPKG_LINKER_FLAGS_DEBUG: ""
      VCPKG_LINKER_FLAGS_RELEASE: ""
      VCPKG_PLATFORM_TOOLSET: "v143"
      VCPKG_PREFER_SYSTEM_LIBS: "OFF"
      VCPKG_SET_CHARSET_FLAG: "ON"
      VCPKG_TARGET_ARCHITECTURE: "x64"
      VCPKG_TARGET_TRIPLET: "x64-windows-static"
      Z_VCPKG_ROOT_DIR: "C:/src/vcpkg"
    buildResult:
      variable: "HAVE_SHELLSCALINGAPI_H"
      cached: true
      stdout: |
        Change Dir: 'C:/src/vcpkg/buildtrees/sdl2/x64-windows-static-rel/CMakeFiles/CMakeScratch/TryCompile-89xfje'
        
        Run Build Command(s): C:\\src\\vcpkg\\downloads\\tools\\ninja-1.13.2-windows\\ninja.exe -v cmTC_6b5d6
        [1/2] "C:\\Program Files\\Microsoft Visual Studio\\2022\\Community\\VC\\Tools\\MSVC\\14.44.35207\\bin\\Hostx64\\x64\\cl.exe"  /nologo -D_MBCS  /nologo /DWIN32 /D_WINDOWS /utf-8 /MP   -D_GNU_SOURCE=1 /MTd /Z7 /Ob0 /Od /RTC1  -MTd /showIncludes /FoCMakeFiles\\cmTC_6b5d6.dir\\CheckIncludeFile.c.obj /FdCMakeFiles\\cmTC_6b5d6.dir\\ /FS -c C:\\src\\vcpkg\\buildtrees\\sdl2\\x64-windows-static-rel\\CMakeFiles\\CMakeScratch\\TryCompile-89xfje\\CheckIncludeFile.c
        [2/2] C:\\WINDOWS\\system32\\cmd.exe /C "cd . && "C:\\Program Files\\CMake\\bin\\cmake.exe" -E vs_link_exe --msvc-ver=1944 --intdir=CMakeFiles\\cmTC_6b5d6.dir --rc="C:\\Program Files (x86)\\Windows Kits\\10\\bin\\10.0.26100.0\\x64\\rc.exe" --mt="C:\\Program Files (x86)\\Windows Kits\\10\\bin\\10.0.26100.0\\x64\\mt.exe" --manifests  -- "C:\\Program Files\\Microsoft Visual Studio\\2022\\Community\\VC\\Tools\\MSVC\\14.44.35207\\bin\\Hostx64\\x64\\link.exe" /nologo CMakeFiles\\cmTC_6b5d6.dir\\CheckIncludeFile.c.obj  /out:cmTC_6b5d6.exe /implib:cmTC_6b5d6.lib /pdb:cmTC_6b5d6.pdb /version:0.0 /machine:x64 /nologo /debug /INCREMENTAL /subsystem:console  kernel32.lib user32.lib gdi32.lib winspool.lib shell32.lib ole32.lib oleaut32.lib uuid.lib comdlg32.lib advapi32.lib && cd ."
        
      exitCode: 0
  -
    kind: "find-v1"
    backtrace:
      - "CMakeLists.txt:3314 (find_program)"
    mode: "program"
    variable: "CCACHE_BINARY"
    description: "Path to a program."
    settings:
      SearchFramework: "LAST"
      SearchAppBundle: "LAST"
      CMAKE_FIND_USE_CMAKE_PATH: true
      CMAKE_FIND_USE_CMAKE_ENVIRONMENT_PATH: true
      CMAKE_FIND_USE_SYSTEM_ENVIRONMENT_PATH: true
      CMAKE_FIND_USE_CMAKE_SYSTEM_PATH: true
      CMAKE_FIND_USE_INSTALL_PREFIX: true
    names:
      - "ccache"
    candidate_directories:
      - "C:/src/vcpkg/installed/x64-windows-static/bin/"
      - "C:/src/vcpkg/installed/x64-windows-static/sbin/"
      - "C:/src/vcpkg/installed/x64-windows-static/"
      - "C:/src/vcpkg/installed/x64-windows-static/debug/bin/"
      - "C:/src/vcpkg/installed/x64-windows-static/debug/sbin/"
      - "C:/src/vcpkg/installed/x64-windows-static/debug/"
      - "C:/src/vcpkg/installed/x64-windows-static/tools/"
      - "C:/src/vcpkg/installed/x64-windows-static/Program Files/Microsoft Visual Studio/2022/Community/VC/Tools/MSVC/14.44.35207/bin/Hostx64/x64/"
      - "C:/src/vcpkg/installed/x64-windows-static/Program Files/Microsoft Visual Studio/2022/Community/Common7/IDE/VC/vcpackages/"
      - "C:/src/vcpkg/installed/x64-windows-static/Program Files/Microsoft Visual Studio/2022/Community/Common7/IDE/CommonExtensions/Microsoft/TestWindow/"
      - "C:/src/vcpkg/installed/x64-windows-static/Program Files/Microsoft Visual Studio/2022/Community/Common7/IDE/CommonExtensions/Microsoft/TeamFoundation/Team Explorer/"
      - "C:/src/vcpkg/installed/x64-windows-static/Program Files/Microsoft Visual Studio/2022/Community/MSBuild/Current/Bin/Roslyn/"
      - "C:/src/vcpkg/installed/x64-windows-static/Program Files (x86)/Microsoft SDKs/Windows/v10.0A/bin/NETFX 4.8 Tools/x64/"
      - "C:/src/vcpkg/installed/x64-windows-static/Program Files/Microsoft Visual Studio/2022/Community/Common7/IDE/CommonExtensions/Microsoft/FSharp/Tools/"
      - "C:/src/vcpkg/installed/x64-windows-static/Program Files/Microsoft Visual Studio/2022/Community/Team Tools/DiagnosticsHub/Collector/"
      - "C:/src/vcpkg/installed/x64-windows-static/Program Files (x86)/Windows Kits/10/bin/10.0.26100.0/x64/"
      - "C:/src/vcpkg/installed/x64-windows-static/Program Files (x86)/Windows Kits/10/bin/x64/"
      - "C:/src/vcpkg/installed/x64-windows-static/Program Files/Microsoft Visual Studio/2022/Community/MSBuild/Current/Bin/amd64/"
      - "C:/src/vcpkg/installed/x64-windows-static/Windows/Microsoft.NET/Framework64/v4.0.30319/"
      - "C:/src/vcpkg/installed/x64-windows-static/Program Files/Microsoft Visual Studio/2022/Community/Common7/IDE/"
      - "C:/src/vcpkg/installed/x64-windows-static/Program Files/Microsoft Visual Studio/2022/Community/Common7/Tools/"
      - "C:/src/vcpkg/installed/x64-windows-static/src/vcpkg/downloads/tools/powershell-core-7.6.4-windows/"
      - "C:/src/vcpkg/installed/x64-windows-static/Windows/System32/"
      - "C:/src/vcpkg/installed/x64-windows-static/Windows/"
      - "C:/src/vcpkg/installed/x64-windows-static/Windows/System32/wbem/"
      - "C:/src/vcpkg/installed/x64-windows-static/Windows/System32/WindowsPowerShell/v1.0/"
      - "C:/src/vcpkg/installed/x64-windows-static/Windows/System32/OpenSSH/"
      - "C:/src/vcpkg/installed/x64-windows-static/Program Files/Microsoft Visual Studio/2022/Community/Common7/IDE/CommonExtensions/Microsoft/CMake/CMake/bin/"
      - "C:/src/vcpkg/installed/x64-windows-static/Program Files/Microsoft Visual Studio/2022/Community/Common7/IDE/CommonExtensions/Microsoft/CMake/Ninja/"
      - "C:/src/vcpkg/installed/x64-windows-static/Program Files/Microsoft Visual Studio/2022/Community/Common7/IDE/VC/Linux/bin/ConnectionManagerExe/"
      - "C:/src/vcpkg/installed/x64-windows-static/Program Files/Microsoft Visual Studio/2022/Community/VC/vcpkg/"
      - "C:/src/vcpkg/installed/x64-windows-static/src/vcpkg/downloads/tools/ninja-1.13.2-windows/"
      - "C:/src/vcpkg/installed/x64-windows-static/Program Files/bin/"
      - "C:/src/vcpkg/installed/x64-windows-static/Program Files/sbin/"
      - "C:/src/vcpkg/installed/x64-windows-static/Program Files/"
      - "C:/src/vcpkg/installed/x64-windows-static/Program Files (x86)/bin/"
      - "C:/src/vcpkg/installed/x64-windows-static/Program Files (x86)/sbin/"
      - "C:/src/vcpkg/installed/x64-windows-static/Program Files (x86)/"
      - "C:/src/vcpkg/installed/x64-windows-static/Program Files/CMake/bin/"
      - "C:/src/vcpkg/installed/x64-windows-static/Program Files/CMake/sbin/"
      - "C:/src/vcpkg/installed/x64-windows-static/Program Files/CMake/"
      - "C:/src/vcpkg/installed/x64-windows-static/src/vcpkg/packages/sdl2_x64-windows-static/bin/"
      - "C:/src/vcpkg/installed/x64-windows-static/src/vcpkg/packages/sdl2_x64-windows-static/sbin/"
      - "C:/src/vcpkg/installed/x64-windows-static/src/vcpkg/packages/sdl2_x64-windows-static/"
      - "C:/src/vcpkg/installed/x64-windows-static/debug/src/vcpkg/installed/x64-windows-static/bin/"
      - "C:/src/vcpkg/installed/x64-windows-static/debug/src/vcpkg/installed/x64-windows-static/sbin/"
      - "C:/src/vcpkg/installed/x64-windows-static/debug/src/vcpkg/installed/x64-windows-static/"
      - "C:/src/vcpkg/installed/x64-windows-static/debug/bin/"
      - "C:/src/vcpkg/installed/x64-windows-static/debug/sbin/"
      - "C:/src/vcpkg/installed/x64-windows-static/debug/"
      - "C:/src/vcpkg/installed/x64-windows-static/debug/src/vcpkg/installed/x64-windows-static/tools/"
      - "C:/src/vcpkg/installed/x64-windows-static/debug/Program Files/Microsoft Visual Studio/2022/Community/VC/Tools/MSVC/14.44.35207/bin/Hostx64/x64/"
      - "C:/src/vcpkg/installed/x64-windows-static/debug/Program Files/Microsoft Visual Studio/2022/Community/Common7/IDE/VC/vcpackages/"
      - "C:/src/vcpkg/installed/x64-windows-static/debug/Program Files/Microsoft Visual Studio/2022/Community/Common7/IDE/CommonExtensions/Microsoft/TestWindow/"
      - "C:/src/vcpkg/installed/x64-windows-static/debug/Program Files/Microsoft Visual Studio/2022/Community/Common7/IDE/CommonExtensions/Microsoft/TeamFoundation/Team Explorer/"
      - "C:/src/vcpkg/installed/x64-windows-static/debug/Program Files/Microsoft Visual Studio/2022/Community/MSBuild/Current/Bin/Roslyn/"
      - "C:/src/vcpkg/installed/x64-windows-static/debug/Program Files (x86)/Microsoft SDKs/Windows/v10.0A/bin/NETFX 4.8 Tools/x64/"
      - "C:/src/vcpkg/installed/x64-windows-static/debug/Program Files/Microsoft Visual Studio/2022/Community/Common7/IDE/CommonExtensions/Microsoft/FSharp/Tools/"
      - "C:/src/vcpkg/installed/x64-windows-static/debug/Program Files/Microsoft Visual Studio/2022/Community/Team Tools/DiagnosticsHub/Collector/"
      - "C:/src/vcpkg/installed/x64-windows-static/debug/Program Files (x86)/Windows Kits/10/bin/10.0.26100.0/x64/"
      - "C:/src/vcpkg/installed/x64-windows-static/debug/Program Files (x86)/Windows Kits/10/bin/x64/"
      - "C:/src/vcpkg/installed/x64-windows-static/debug/Program Files/Microsoft Visual Studio/2022/Community/MSBuild/Current/Bin/amd64/"
      - "C:/src/vcpkg/installed/x64-windows-static/debug/Windows/Microsoft.NET/Framework64/v4.0.30319/"
      - "C:/src/vcpkg/installed/x64-windows-static/debug/Program Files/Microsoft Visual Studio/2022/Community/Common7/IDE/"
      - "C:/src/vcpkg/installed/x64-windows-static/debug/Program Files/Microsoft Visual Studio/2022/Community/Common7/Tools/"
      - "C:/src/vcpkg/installed/x64-windows-static/debug/src/vcpkg/downloads/tools/powershell-core-7.6.4-windows/"
      - "C:/src/vcpkg/installed/x64-windows-static/debug/Windows/System32/"
      - "C:/src/vcpkg/installed/x64-windows-static/debug/Windows/"
      - "C:/src/vcpkg/installed/x64-windows-static/debug/Windows/System32/wbem/"
      - "C:/src/vcpkg/installed/x64-windows-static/debug/Windows/System32/WindowsPowerShell/v1.0/"
      - "C:/src/vcpkg/installed/x64-windows-static/debug/Windows/System32/OpenSSH/"
      - "C:/src/vcpkg/installed/x64-windows-static/debug/Program Files/Microsoft Visual Studio/2022/Community/Common7/IDE/CommonExtensions/Microsoft/CMake/CMake/bin/"
      - "C:/src/vcpkg/installed/x64-windows-static/debug/Program Files/Microsoft Visual Studio/2022/Community/Common7/IDE/CommonExtensions/Microsoft/CMake/Ninja/"
      - "C:/src/vcpkg/installed/x64-windows-static/debug/Program Files/Microsoft Visual Studio/2022/Community/Common7/IDE/VC/Linux/bin/ConnectionManagerExe/"
      - "C:/src/vcpkg/installed/x64-windows-static/debug/Program Files/Microsoft Visual Studio/2022/Community/VC/vcpkg/"
      - "C:/src/vcpkg/installed/x64-windows-static/debug/src/vcpkg/downloads/tools/ninja-1.13.2-windows/"
      - "C:/src/vcpkg/installed/x64-windows-static/debug/Program Files/bin/"
      - "C:/src/vcpkg/installed/x64-windows-static/debug/Program Files/sbin/"
      - "C:/src/vcpkg/installed/x64-windows-static/debug/Program Files/"
      - "C:/src/vcpkg/installed/x64-windows-static/debug/Program Files (x86)/bin/"
      - "C:/src/vcpkg/installed/x64-windows-static/debug/Program Files (x86)/sbin/"
      - "C:/src/vcpkg/installed/x64-windows-static/debug/Program Files (x86)/"
      - "C:/src/vcpkg/installed/x64-windows-static/debug/Program Files/CMake/bin/"
      - "C:/src/vcpkg/installed/x64-windows-static/debug/Program Files/CMake/sbin/"
      - "C:/src/vcpkg/installed/x64-windows-static/debug/Program Files/CMake/"
      - "C:/src/vcpkg/installed/x64-windows-static/debug/src/vcpkg/packages/sdl2_x64-windows-static/bin/"
      - "C:/src/vcpkg/installed/x64-windows-static/debug/src/vcpkg/packages/sdl2_x64-windows-static/sbin/"
      - "C:/src/vcpkg/installed/x64-windows-static/debug/src/vcpkg/packages/sdl2_x64-windows-static/"
      - "C:/src/vcpkg/installed/x64-windows-static/bin/"
      - "C:/src/vcpkg/installed/x64-windows-static/sbin/"
      - "C:/src/vcpkg/installed/x64-windows-static/"
      - "C:/src/vcpkg/installed/x64-windows-static/debug/bin/"
      - "C:/src/vcpkg/installed/x64-windows-static/debug/sbin/"
      - "C:/src/vcpkg/installed/x64-windows-static/debug/"
      - "C:/src/vcpkg/installed/x64-windows-static/tools/"
      - "C:/Program Files/Microsoft Visual Studio/2022/Community/VC/Tools/MSVC/14.44.35207/bin/Hostx64/x64/"
      - "C:/Program Files/Microsoft Visual Studio/2022/Community/Common7/IDE/VC/vcpackages/"
      - "C:/Program Files/Microsoft Visual Studio/2022/Community/Common7/IDE/CommonExtensions/Microsoft/TestWindow/"
      - "C:/Program Files/Microsoft Visual Studio/2022/Community/Common7/IDE/CommonExtensions/Microsoft/TeamFoundation/Team Explorer/"
      - "C:/Program Files/Microsoft Visual Studio/2022/Community/MSBuild/Current/Bin/Roslyn/"
      - "C:/Program Files (x86)/Microsoft SDKs/Windows/v10.0A/bin/NETFX 4.8 Tools/x64/"
      - "C:/Program Files/Microsoft Visual Studio/2022/Community/Common7/IDE/CommonExtensions/Microsoft/FSharp/Tools/"
      - "C:/Program Files/Microsoft Visual Studio/2022/Community/Team Tools/DiagnosticsHub/Collector/"
      - "C:/Program Files (x86)/Windows Kits/10/bin/10.0.26100.0/x64/"
      - "C:/Program Files (x86)/Windows Kits/10/bin/x64/"
      - "C:/Program Files/Microsoft Visual Studio/2022/Community/MSBuild/Current/Bin/amd64/"
      - "C:/Windows/Microsoft.NET/Framework64/v4.0.30319/"
      - "C:/Program Files/Microsoft Visual Studio/2022/Community/Common7/IDE/"
      - "C:/Program Files/Microsoft Visual Studio/2022/Community/Common7/Tools/"
      - "C:/src/vcpkg/downloads/tools/powershell-core-7.6.4-windows/"
      - "C:/Windows/System32/"
      - "C:/Windows/"
      - "C:/Windows/System32/wbem/"
      - "C:/Windows/System32/WindowsPowerShell/v1.0/"
      - "C:/Windows/System32/OpenSSH/"
      - "C:/Program Files/Microsoft Visual Studio/2022/Community/Common7/IDE/CommonExtensions/Microsoft/CMake/CMake/bin/"
      - "C:/Program Files/Microsoft Visual Studio/2022/Community/Common7/IDE/CommonExtensions/Microsoft/CMake/Ninja/"
      - "C:/Program Files/Microsoft Visual Studio/2022/Community/Common7/IDE/VC/Linux/bin/ConnectionManagerExe/"
      - "C:/Program Files/Microsoft Visual Studio/2022/Community/VC/vcpkg/"
      - "C:/src/vcpkg/downloads/tools/ninja-1.13.2-windows/"
      - "C:/Program Files/bin/"
      - "C:/Program Files/sbin/"
      - "C:/Program Files/"
      - "C:/Program Files (x86)/bin/"
      - "C:/Program Files (x86)/sbin/"
      - "C:/Program Files (x86)/"
      - "C:/Program Files/CMake/bin/"
      - "C:/Program Files/CMake/sbin/"
      - "C:/Program Files/CMake/"
      - "C:/src/vcpkg/packages/sdl2_x64-windows-static/bin/"
      - "C:/src/vcpkg/packages/sdl2_x64-windows-static/sbin/"
      - "C:/src/vcpkg/packages/sdl2_x64-windows-static/"
    searched_directories:
      - "C:/src/vcpkg/installed/x64-windows-static/bin/ccache.com"
      - "C:/src/vcpkg/installed/x64-windows-static/bin/ccache.exe"
      - "C:/src/vcpkg/installed/x64-windows-static/bin/ccache"
      - "C:/src/vcpkg/installed/x64-windows-static/sbin/ccache.com"
      - "C:/src/vcpkg/installed/x64-windows-static/sbin/ccache.exe"
      - "C:/src/vcpkg/installed/x64-windows-static/sbin/ccache"
      - "C:/src/vcpkg/installed/x64-windows-static/ccache.com"
      - "C:/src/vcpkg/installed/x64-windows-static/ccache.exe"
      - "C:/src/vcpkg/installed/x64-windows-static/ccache"
      - "C:/src/vcpkg/installed/x64-windows-static/debug/bin/ccache.com"
      - "C:/src/vcpkg/installed/x64-windows-static/debug/bin/ccache.exe"
      - "C:/src/vcpkg/installed/x64-windows-static/debug/bin/ccache"
      - "C:/src/vcpkg/installed/x64-windows-static/debug/sbin/ccache.com"
      - "C:/src/vcpkg/installed/x64-windows-static/debug/sbin/ccache.exe"
      - "C:/src/vcpkg/installed/x64-windows-static/debug/sbin/ccache"
      - "C:/src/vcpkg/installed/x64-windows-static/debug/ccache.com"
      - "C:/src/vcpkg/installed/x64-windows-static/debug/ccache.exe"
      - "C:/src/vcpkg/installed/x64-windows-static/debug/ccache"
      - "C:/src/vcpkg/installed/x64-windows-static/tools/ccache.com"
      - "C:/src/vcpkg/installed/x64-windows-static/tools/ccache.exe"
      - "C:/src/vcpkg/installed/x64-windows-static/tools/ccache"
      - "C:/src/vcpkg/installed/x64-windows-static/Program Files/Microsoft Visual Studio/2022/Community/VC/Tools/MSVC/14.44.35207/bin/Hostx64/x64/ccache.com"
      - "C:/src/vcpkg/installed/x64-windows-static/Program Files/Microsoft Visual Studio/2022/Community/VC/Tools/MSVC/14.44.35207/bin/Hostx64/x64/ccache.exe"
      - "C:/src/vcpkg/installed/x64-windows-static/Program Files/Microsoft Visual Studio/2022/Community/VC/Tools/MSVC/14.44.35207/bin/Hostx64/x64/ccache"
      - "C:/src/vcpkg/installed/x64-windows-static/Program Files/Microsoft Visual Studio/2022/Community/Common7/IDE/VC/vcpackages/ccache.com"
      - "C:/src/vcpkg/installed/x64-windows-static/Program Files/Microsoft Visual Studio/2022/Community/Common7/IDE/VC/vcpackages/ccache.exe"
      - "C:/src/vcpkg/installed/x64-windows-static/Program Files/Microsoft Visual Studio/2022/Community/Common7/IDE/VC/vcpackages/ccache"
      - "C:/src/vcpkg/installed/x64-windows-static/Program Files/Microsoft Visual Studio/2022/Community/Common7/IDE/CommonExtensions/Microsoft/TestWindow/ccache.com"
      - "C:/src/vcpkg/installed/x64-windows-static/Program Files/Microsoft Visual Studio/2022/Community/Common7/IDE/CommonExtensions/Microsoft/TestWindow/ccache.exe"
      - "C:/src/vcpkg/installed/x64-windows-static/Program Files/Microsoft Visual Studio/2022/Community/Common7/IDE/CommonExtensions/Microsoft/TestWindow/ccache"
      - "C:/src/vcpkg/installed/x64-windows-static/Program Files/Microsoft Visual Studio/2022/Community/Common7/IDE/CommonExtensions/Microsoft/TeamFoundation/Team Explorer/ccache.com"
      - "C:/src/vcpkg/installed/x64-windows-static/Program Files/Microsoft Visual Studio/2022/Community/Common7/IDE/CommonExtensions/Microsoft/TeamFoundation/Team Explorer/ccache.exe"
      - "C:/src/vcpkg/installed/x64-windows-static/Program Files/Microsoft Visual Studio/2022/Community/Common7/IDE/CommonExtensions/Microsoft/TeamFoundation/Team Explorer/ccache"
      - "C:/src/vcpkg/installed/x64-windows-static/Program Files/Microsoft Visual Studio/2022/Community/MSBuild/Current/Bin/Roslyn/ccache.com"
      - "C:/src/vcpkg/installed/x64-windows-static/Program Files/Microsoft Visual Studio/2022/Community/MSBuild/Current/Bin/Roslyn/ccache.exe"
      - "C:/src/vcpkg/installed/x64-windows-static/Program Files/Microsoft Visual Studio/2022/Community/MSBuild/Current/Bin/Roslyn/ccache"
      - "C:/src/vcpkg/installed/x64-windows-static/Program Files (x86)/Microsoft SDKs/Windows/v10.0A/bin/NETFX 4.8 Tools/x64/ccache.com"
      - "C:/src/vcpkg/installed/x64-windows-static/Program Files (x86)/Microsoft SDKs/Windows/v10.0A/bin/NETFX 4.8 Tools/x64/ccache.exe"
      - "C:/src/vcpkg/installed/x64-windows-static/Program Files (x86)/Microsoft SDKs/Windows/v10.0A/bin/NETFX 4.8 Tools/x64/ccache"
      - "C:/src/vcpkg/installed/x64-windows-static/Program Files/Microsoft Visual Studio/2022/Community/Common7/IDE/CommonExtensions/Microsoft/FSharp/Tools/ccache.com"
      - "C:/src/vcpkg/installed/x64-windows-static/Program Files/Microsoft Visual Studio/2022/Community/Common7/IDE/CommonExtensions/Microsoft/FSharp/Tools/ccache.exe"
      - "C:/src/vcpkg/installed/x64-windows-static/Program Files/Microsoft Visual Studio/2022/Community/Common7/IDE/CommonExtensions/Microsoft/FSharp/Tools/ccache"
      - "C:/src/vcpkg/installed/x64-windows-static/Program Files/Microsoft Visual Studio/2022/Community/Team Tools/DiagnosticsHub/Collector/ccache.com"
      - "C:/src/vcpkg/installed/x64-windows-static/Program Files/Microsoft Visual Studio/2022/Community/Team Tools/DiagnosticsHub/Collector/ccache.exe"
      - "C:/src/vcpkg/installed/x64-windows-static/Program Files/Microsoft Visual Studio/2022/Community/Team Tools/DiagnosticsHub/Collector/ccache"
      - "C:/src/vcpkg/installed/x64-windows-static/Program Files (x86)/Windows Kits/10/bin/10.0.26100.0/x64/ccache.com"
      - "C:/src/vcpkg/installed/x64-windows-static/Program Files (x86)/Windows Kits/10/bin/10.0.26100.0/x64/ccache.exe"
      - "C:/src/vcpkg/installed/x64-windows-static/Program Files (x86)/Windows Kits/10/bin/10.0.26100.0/x64/ccache"
      - "C:/src/vcpkg/installed/x64-windows-static/Program Files (x86)/Windows Kits/10/bin/x64/ccache.com"
      - "C:/src/vcpkg/installed/x64-windows-static/Program Files (x86)/Windows Kits/10/bin/x64/ccache.exe"
      - "C:/src/vcpkg/installed/x64-windows-static/Program Files (x86)/Windows Kits/10/bin/x64/ccache"
      - "C:/src/vcpkg/installed/x64-windows-static/Program Files/Microsoft Visual Studio/2022/Community/MSBuild/Current/Bin/amd64/ccache.com"
      - "C:/src/vcpkg/installed/x64-windows-static/Program Files/Microsoft Visual Studio/2022/Community/MSBuild/Current/Bin/amd64/ccache.exe"
      - "C:/src/vcpkg/installed/x64-windows-static/Program Files/Microsoft Visual Studio/2022/Community/MSBuild/Current/Bin/amd64/ccache"
      - "C:/src/vcpkg/installed/x64-windows-static/Windows/Microsoft.NET/Framework64/v4.0.30319/ccache.com"
      - "C:/src/vcpkg/installed/x64-windows-static/Windows/Microsoft.NET/Framework64/v4.0.30319/ccache.exe"
      - "C:/src/vcpkg/installed/x64-windows-static/Windows/Microsoft.NET/Framework64/v4.0.30319/ccache"
      - "C:/src/vcpkg/installed/x64-windows-static/Program Files/Microsoft Visual Studio/2022/Community/Common7/IDE/ccache.com"
      - "C:/src/vcpkg/installed/x64-windows-static/Program Files/Microsoft Visual Studio/2022/Community/Common7/IDE/ccache.exe"
      - "C:/src/vcpkg/installed/x64-windows-static/Program Files/Microsoft Visual Studio/2022/Community/Common7/IDE/ccache"
      - "C:/src/vcpkg/installed/x64-windows-static/Program Files/Microsoft Visual Studio/2022/Community/Common7/Tools/ccache.com"
      - "C:/src/vcpkg/installed/x64-windows-static/Program Files/Microsoft Visual Studio/2022/Community/Common7/Tools/ccache.exe"
      - "C:/src/vcpkg/installed/x64-windows-static/Program Files/Microsoft Visual Studio/2022/Community/Common7/Tools/ccache"
      - "C:/src/vcpkg/installed/x64-windows-static/src/vcpkg/downloads/tools/powershell-core-7.6.4-windows/ccache.com"
      - "C:/src/vcpkg/installed/x64-windows-static/src/vcpkg/downloads/tools/powershell-core-7.6.4-windows/ccache.exe"
      - "C:/src/vcpkg/installed/x64-windows-static/src/vcpkg/downloads/tools/powershell-core-7.6.4-windows/ccache"
      - "C:/src/vcpkg/installed/x64-windows-static/Windows/System32/ccache.com"
      - "C:/src/vcpkg/installed/x64-windows-static/Windows/System32/ccache.exe"
      - "C:/src/vcpkg/installed/x64-windows-static/Windows/System32/ccache"
      - "C:/src/vcpkg/installed/x64-windows-static/Windows/ccache.com"
      - "C:/src/vcpkg/installed/x64-windows-static/Windows/ccache.exe"
      - "C:/src/vcpkg/installed/x64-windows-static/Windows/ccache"
      - "C:/src/vcpkg/installed/x64-windows-static/Windows/System32/wbem/ccache.com"
      - "C:/src/vcpkg/installed/x64-windows-static/Windows/System32/wbem/ccache.exe"
      - "C:/src/vcpkg/installed/x64-windows-static/Windows/System32/wbem/ccache"
      - "C:/src/vcpkg/installed/x64-windows-static/Windows/System32/WindowsPowerShell/v1.0/ccache.com"
      - "C:/src/vcpkg/installed/x64-windows-static/Windows/System32/WindowsPowerShell/v1.0/ccache.exe"
      - "C:/src/vcpkg/installed/x64-windows-static/Windows/System32/WindowsPowerShell/v1.0/ccache"
      - "C:/src/vcpkg/installed/x64-windows-static/Windows/System32/OpenSSH/ccache.com"
      - "C:/src/vcpkg/installed/x64-windows-static/Windows/System32/OpenSSH/ccache.exe"
      - "C:/src/vcpkg/installed/x64-windows-static/Windows/System32/OpenSSH/ccache"
      - "C:/src/vcpkg/installed/x64-windows-static/Program Files/Microsoft Visual Studio/2022/Community/Common7/IDE/CommonExtensions/Microsoft/CMake/CMake/bin/ccache.com"
      - "C:/src/vcpkg/installed/x64-windows-static/Program Files/Microsoft Visual Studio/2022/Community/Common7/IDE/CommonExtensions/Microsoft/CMake/CMake/bin/ccache.exe"
      - "C:/src/vcpkg/installed/x64-windows-static/Program Files/Microsoft Visual Studio/2022/Community/Common7/IDE/CommonExtensions/Microsoft/CMake/CMake/bin/ccache"
      - "C:/src/vcpkg/installed/x64-windows-static/Program Files/Microsoft Visual Studio/2022/Community/Common7/IDE/CommonExtensions/Microsoft/CMake/Ninja/ccache.com"
      - "C:/src/vcpkg/installed/x64-windows-static/Program Files/Microsoft Visual Studio/2022/Community/Common7/IDE/CommonExtensions/Microsoft/CMake/Ninja/ccache.exe"
      - "C:/src/vcpkg/installed/x64-windows-static/Program Files/Microsoft Visual Studio/2022/Community/Common7/IDE/CommonExtensions/Microsoft/CMake/Ninja/ccache"
      - "C:/src/vcpkg/installed/x64-windows-static/Program Files/Microsoft Visual Studio/2022/Community/Common7/IDE/VC/Linux/bin/ConnectionManagerExe/ccache.com"
      - "C:/src/vcpkg/installed/x64-windows-static/Program Files/Microsoft Visual Studio/2022/Community/Common7/IDE/VC/Linux/bin/ConnectionManagerExe/ccache.exe"
      - "C:/src/vcpkg/installed/x64-windows-static/Program Files/Microsoft Visual Studio/2022/Community/Common7/IDE/VC/Linux/bin/ConnectionManagerExe/ccache"
      - "C:/src/vcpkg/installed/x64-windows-static/Program Files/Microsoft Visual Studio/2022/Community/VC/vcpkg/ccache.com"
      - "C:/src/vcpkg/installed/x64-windows-static/Program Files/Microsoft Visual Studio/2022/Community/VC/vcpkg/ccache.exe"
      - "C:/src/vcpkg/installed/x64-windows-static/Program Files/Microsoft Visual Studio/2022/Community/VC/vcpkg/ccache"
      - "C:/src/vcpkg/installed/x64-windows-static/src/vcpkg/downloads/tools/ninja-1.13.2-windows/ccache.com"
      - "C:/src/vcpkg/installed/x64-windows-static/src/vcpkg/downloads/tools/ninja-1.13.2-windows/ccache.exe"
      - "C:/src/vcpkg/installed/x64-windows-static/src/vcpkg/downloads/tools/ninja-1.13.2-windows/ccache"
      - "C:/src/vcpkg/installed/x64-windows-static/Program Files/bin/ccache.com"
      - "C:/src/vcpkg/installed/x64-windows-static/Program Files/bin/ccache.exe"
      - "C:/src/vcpkg/installed/x64-windows-static/Program Files/bin/ccache"
      - "C:/src/vcpkg/installed/x64-windows-static/Program Files/sbin/ccache.com"
      - "C:/src/vcpkg/installed/x64-windows-static/Program Files/sbin/ccache.exe"
      - "C:/src/vcpkg/installed/x64-windows-static/Program Files/sbin/ccache"
      - "C:/src/vcpkg/installed/x64-windows-static/Program Files/ccache.com"
      - "C:/src/vcpkg/installed/x64-windows-static/Program Files/ccache.exe"
      - "C:/src/vcpkg/installed/x64-windows-static/Program Files/ccache"
      - "C:/src/vcpkg/installed/x64-windows-static/Program Files (x86)/bin/ccache.com"
      - "C:/src/vcpkg/installed/x64-windows-static/Program Files (x86)/bin/ccache.exe"
      - "C:/src/vcpkg/installed/x64-windows-static/Program Files (x86)/bin/ccache"
      - "C:/src/vcpkg/installed/x64-windows-static/Program Files (x86)/sbin/ccache.com"
      - "C:/src/vcpkg/installed/x64-windows-static/Program Files (x86)/sbin/ccache.exe"
      - "C:/src/vcpkg/installed/x64-windows-static/Program Files (x86)/sbin/ccache"
      - "C:/src/vcpkg/installed/x64-windows-static/Program Files (x86)/ccache.com"
      - "C:/src/vcpkg/installed/x64-windows-static/Program Files (x86)/ccache.exe"
      - "C:/src/vcpkg/installed/x64-windows-static/Program Files (x86)/ccache"
      - "C:/src/vcpkg/installed/x64-windows-static/Program Files/CMake/bin/ccache.com"
      - "C:/src/vcpkg/installed/x64-windows-static/Program Files/CMake/bin/ccache.exe"
      - "C:/src/vcpkg/installed/x64-windows-static/Program Files/CMake/bin/ccache"
      - "C:/src/vcpkg/installed/x64-windows-static/Program Files/CMake/sbin/ccache.com"
      - "C:/src/vcpkg/installed/x64-windows-static/Program Files/CMake/sbin/ccache.exe"
      - "C:/src/vcpkg/installed/x64-windows-static/Program Files/CMake/sbin/ccache"
      - "C:/src/vcpkg/installed/x64-windows-static/Program Files/CMake/ccache.com"
      - "C:/src/vcpkg/installed/x64-windows-static/Program Files/CMake/ccache.exe"
      - "C:/src/vcpkg/installed/x64-windows-static/Program Files/CMake/ccache"
      - "C:/src/vcpkg/installed/x64-windows-static/src/vcpkg/packages/sdl2_x64-windows-static/bin/ccache.com"
      - "C:/src/vcpkg/installed/x64-windows-static/src/vcpkg/packages/sdl2_x64-windows-static/bin/ccache.exe"
      - "C:/src/vcpkg/installed/x64-windows-static/src/vcpkg/packages/sdl2_x64-windows-static/bin/ccache"
      - "C:/src/vcpkg/installed/x64-windows-static/src/vcpkg/packages/sdl2_x64-windows-static/sbin/ccache.com"
      - "C:/src/vcpkg/installed/x64-windows-static/src/vcpkg/packages/sdl2_x64-windows-static/sbin/ccache.exe"
      - "C:/src/vcpkg/installed/x64-windows-static/src/vcpkg/packages/sdl2_x64-windows-static/sbin/ccache"
      - "C:/src/vcpkg/installed/x64-windows-static/src/vcpkg/packages/sdl2_x64-windows-static/ccache.com"
      - "C:/src/vcpkg/installed/x64-windows-static/src/vcpkg/packages/sdl2_x64-windows-static/ccache.exe"
      - "C:/src/vcpkg/installed/x64-windows-static/src/vcpkg/packages/sdl2_x64-windows-static/ccache"
      - "C:/src/vcpkg/installed/x64-windows-static/debug/src/vcpkg/installed/x64-windows-static/bin/ccache.com"
      - "C:/src/vcpkg/installed/x64-windows-static/debug/src/vcpkg/installed/x64-windows-static/bin/ccache.exe"
      - "C:/src/vcpkg/installed/x64-windows-static/debug/src/vcpkg/installed/x64-windows-static/bin/ccache"
      - "C:/src/vcpkg/installed/x64-windows-static/debug/src/vcpkg/installed/x64-windows-static/sbin/ccache.com"
      - "C:/src/vcpkg/installed/x64-windows-static/debug/src/vcpkg/installed/x64-windows-static/sbin/ccache.exe"
      - "C:/src/vcpkg/installed/x64-windows-static/debug/src/vcpkg/installed/x64-windows-static/sbin/ccache"
      - "C:/src/vcpkg/installed/x64-windows-static/debug/src/vcpkg/installed/x64-windows-static/ccache.com"
      - "C:/src/vcpkg/installed/x64-windows-static/debug/src/vcpkg/installed/x64-windows-static/ccache.exe"
      - "C:/src/vcpkg/installed/x64-windows-static/debug/src/vcpkg/installed/x64-windows-static/ccache"
      - "C:/src/vcpkg/installed/x64-windows-static/debug/bin/ccache.com"
      - "C:/src/vcpkg/installed/x64-windows-static/debug/bin/ccache.exe"
      - "C:/src/vcpkg/installed/x64-windows-static/debug/bin/ccache"
      - "C:/src/vcpkg/installed/x64-windows-static/debug/sbin/ccache.com"
      - "C:/src/vcpkg/installed/x64-windows-static/debug/sbin/ccache.exe"
      - "C:/src/vcpkg/installed/x64-windows-static/debug/sbin/ccache"
      - "C:/src/vcpkg/installed/x64-windows-static/debug/ccache.com"
      - "C:/src/vcpkg/installed/x64-windows-static/debug/ccache.exe"
      - "C:/src/vcpkg/installed/x64-windows-static/debug/ccache"
      - "C:/src/vcpkg/installed/x64-windows-static/debug/src/vcpkg/installed/x64-windows-static/tools/ccache.com"
      - "C:/src/vcpkg/installed/x64-windows-static/debug/src/vcpkg/installed/x64-windows-static/tools/ccache.exe"
      - "C:/src/vcpkg/installed/x64-windows-static/debug/src/vcpkg/installed/x64-windows-static/tools/ccache"
      - "C:/src/vcpkg/installed/x64-windows-static/debug/Program Files/Microsoft Visual Studio/2022/Community/VC/Tools/MSVC/14.44.35207/bin/Hostx64/x64/ccache.com"
      - "C:/src/vcpkg/installed/x64-windows-static/debug/Program Files/Microsoft Visual Studio/2022/Community/VC/Tools/MSVC/14.44.35207/bin/Hostx64/x64/ccache.exe"
      - "C:/src/vcpkg/installed/x64-windows-static/debug/Program Files/Microsoft Visual Studio/2022/Community/VC/Tools/MSVC/14.44.35207/bin/Hostx64/x64/ccache"
      - "C:/src/vcpkg/installed/x64-windows-static/debug/Program Files/Microsoft Visual Studio/2022/Community/Common7/IDE/VC/vcpackages/ccache.com"
      - "C:/src/vcpkg/installed/x64-windows-static/debug/Program Files/Microsoft Visual Studio/2022/Community/Common7/IDE/VC/vcpackages/ccache.exe"
      - "C:/src/vcpkg/installed/x64-windows-static/debug/Program Files/Microsoft Visual Studio/2022/Community/Common7/IDE/VC/vcpackages/ccache"
      - "C:/src/vcpkg/installed/x64-windows-static/debug/Program Files/Microsoft Visual Studio/2022/Community/Common7/IDE/CommonExtensions/Microsoft/TestWindow/ccache.com"
      - "C:/src/vcpkg/installed/x64-windows-static/debug/Program Files/Microsoft Visual Studio/2022/Community/Common7/IDE/CommonExtensions/Microsoft/TestWindow/ccache.exe"
      - "C:/src/vcpkg/installed/x64-windows-static/debug/Program Files/Microsoft Visual Studio/2022/Community/Common7/IDE/CommonExtensions/Microsoft/TestWindow/ccache"
      - "C:/src/vcpkg/installed/x64-windows-static/debug/Program Files/Microsoft Visual Studio/2022/Community/Common7/IDE/CommonExtensions/Microsoft/TeamFoundation/Team Explorer/ccache.com"
      - "C:/src/vcpkg/installed/x64-windows-static/debug/Program Files/Microsoft Visual Studio/2022/Community/Common7/IDE/CommonExtensions/Microsoft/TeamFoundation/Team Explorer/ccache.exe"
      - "C:/src/vcpkg/installed/x64-windows-static/debug/Program Files/Microsoft Visual Studio/2022/Community/Common7/IDE/CommonExtensions/Microsoft/TeamFoundation/Team Explorer/ccache"
      - "C:/src/vcpkg/installed/x64-windows-static/debug/Program Files/Microsoft Visual Studio/2022/Community/MSBuild/Current/Bin/Roslyn/ccache.com"
      - "C:/src/vcpkg/installed/x64-windows-static/debug/Program Files/Microsoft Visual Studio/2022/Community/MSBuild/Current/Bin/Roslyn/ccache.exe"
      - "C:/src/vcpkg/installed/x64-windows-static/debug/Program Files/Microsoft Visual Studio/2022/Community/MSBuild/Current/Bin/Roslyn/ccache"
      - "C:/src/vcpkg/installed/x64-windows-static/debug/Program Files (x86)/Microsoft SDKs/Windows/v10.0A/bin/NETFX 4.8 Tools/x64/ccache.com"
      - "C:/src/vcpkg/installed/x64-windows-static/debug/Program Files (x86)/Microsoft SDKs/Windows/v10.0A/bin/NETFX 4.8 Tools/x64/ccache.exe"
      - "C:/src/vcpkg/installed/x64-windows-static/debug/Program Files (x86)/Microsoft SDKs/Windows/v10.0A/bin/NETFX 4.8 Tools/x64/ccache"
      - "C:/src/vcpkg/installed/x64-windows-static/debug/Program Files/Microsoft Visual Studio/2022/Community/Common7/IDE/CommonExtensions/Microsoft/FSharp/Tools/ccache.com"
      - "C:/src/vcpkg/installed/x64-windows-static/debug/Program Files/Microsoft Visual Studio/2022/Community/Common7/IDE/CommonExtensions/Microsoft/FSharp/Tools/ccache.exe"
      - "C:/src/vcpkg/installed/x64-windows-static/debug/Program Files/Microsoft Visual Studio/2022/Community/Common7/IDE/CommonExtensions/Microsoft/FSharp/Tools/ccache"
      - "C:/src/vcpkg/installed/x64-windows-static/debug/Program Files/Microsoft Visual Studio/2022/Community/Team Tools/DiagnosticsHub/Collector/ccache.com"
      - "C:/src/vcpkg/installed/x64-windows-static/debug/Program Files/Microsoft Visual Studio/2022/Community/Team Tools/DiagnosticsHub/Collector/ccache.exe"
      - "C:/src/vcpkg/installed/x64-windows-static/debug/Program Files/Microsoft Visual Studio/2022/Community/Team Tools/DiagnosticsHub/Collector/ccache"
      - "C:/src/vcpkg/installed/x64-windows-static/debug/Program Files (x86)/Windows Kits/10/bin/10.0.26100.0/x64/ccache.com"
      - "C:/src/vcpkg/installed/x64-windows-static/debug/Program Files (x86)/Windows Kits/10/bin/10.0.26100.0/x64/ccache.exe"
      - "C:/src/vcpkg/installed/x64-windows-static/debug/Program Files (x86)/Windows Kits/10/bin/10.0.26100.0/x64/ccache"
      - "C:/src/vcpkg/installed/x64-windows-static/debug/Program Files (x86)/Windows Kits/10/bin/x64/ccache.com"
      - "C:/src/vcpkg/installed/x64-windows-static/debug/Program Files (x86)/Windows Kits/10/bin/x64/ccache.exe"
      - "C:/src/vcpkg/installed/x64-windows-static/debug/Program Files (x86)/Windows Kits/10/bin/x64/ccache"
      - "C:/src/vcpkg/installed/x64-windows-static/debug/Program Files/Microsoft Visual Studio/2022/Community/MSBuild/Current/Bin/amd64/ccache.com"
      - "C:/src/vcpkg/installed/x64-windows-static/debug/Program Files/Microsoft Visual Studio/2022/Community/MSBuild/Current/Bin/amd64/ccache.exe"
      - "C:/src/vcpkg/installed/x64-windows-static/debug/Program Files/Microsoft Visual Studio/2022/Community/MSBuild/Current/Bin/amd64/ccache"
      - "C:/src/vcpkg/installed/x64-windows-static/debug/Windows/Microsoft.NET/Framework64/v4.0.30319/ccache.com"
      - "C:/src/vcpkg/installed/x64-windows-static/debug/Windows/Microsoft.NET/Framework64/v4.0.30319/ccache.exe"
      - "C:/src/vcpkg/installed/x64-windows-static/debug/Windows/Microsoft.NET/Framework64/v4.0.30319/ccache"
      - "C:/src/vcpkg/installed/x64-windows-static/debug/Program Files/Microsoft Visual Studio/2022/Community/Common7/IDE/ccache.com"
      - "C:/src/vcpkg/installed/x64-windows-static/debug/Program Files/Microsoft Visual Studio/2022/Community/Common7/IDE/ccache.exe"
      - "C:/src/vcpkg/installed/x64-windows-static/debug/Program Files/Microsoft Visual Studio/2022/Community/Common7/IDE/ccache"
      - "C:/src/vcpkg/installed/x64-windows-static/debug/Program Files/Microsoft Visual Studio/2022/Community/Common7/Tools/ccache.com"
      - "C:/src/vcpkg/installed/x64-windows-static/debug/Program Files/Microsoft Visual Studio/2022/Community/Common7/Tools/ccache.exe"
      - "C:/src/vcpkg/installed/x64-windows-static/debug/Program Files/Microsoft Visual Studio/2022/Community/Common7/Tools/ccache"
      - "C:/src/vcpkg/installed/x64-windows-static/debug/src/vcpkg/downloads/tools/powershell-core-7.6.4-windows/ccache.com"
      - "C:/src/vcpkg/installed/x64-windows-static/debug/src/vcpkg/downloads/tools/powershell-core-7.6.4-windows/ccache.exe"
      - "C:/src/vcpkg/installed/x64-windows-static/debug/src/vcpkg/downloads/tools/powershell-core-7.6.4-windows/ccache"
      - "C:/src/vcpkg/installed/x64-windows-static/debug/Windows/System32/ccache.com"
      - "C:/src/vcpkg/installed/x64-windows-static/debug/Windows/System32/ccache.exe"
      - "C:/src/vcpkg/installed/x64-windows-static/debug/Windows/System32/ccache"
      - "C:/src/vcpkg/installed/x64-windows-static/debug/Windows/ccache.com"
      - "C:/src/vcpkg/installed/x64-windows-static/debug/Windows/ccache.exe"
      - "C:/src/vcpkg/installed/x64-windows-static/debug/Windows/ccache"
      - "C:/src/vcpkg/installed/x64-windows-static/debug/Windows/System32/wbem/ccache.com"
      - "C:/src/vcpkg/installed/x64-windows-static/debug/Windows/System32/wbem/ccache.exe"
      - "C:/src/vcpkg/installed/x64-windows-static/debug/Windows/System32/wbem/ccache"
      - "C:/src/vcpkg/installed/x64-windows-static/debug/Windows/System32/WindowsPowerShell/v1.0/ccache.com"
      - "C:/src/vcpkg/installed/x64-windows-static/debug/Windows/System32/WindowsPowerShell/v1.0/ccache.exe"
      - "C:/src/vcpkg/installed/x64-windows-static/debug/Windows/System32/WindowsPowerShell/v1.0/ccache"
      - "C:/src/vcpkg/installed/x64-windows-static/debug/Windows/System32/OpenSSH/ccache.com"
      - "C:/src/vcpkg/installed/x64-windows-static/debug/Windows/System32/OpenSSH/ccache.exe"
      - "C:/src/vcpkg/installed/x64-windows-static/debug/Windows/System32/OpenSSH/ccache"
      - "C:/src/vcpkg/installed/x64-windows-static/debug/Program Files/Microsoft Visual Studio/2022/Community/Common7/IDE/CommonExtensions/Microsoft/CMake/CMake/bin/ccache.com"
      - "C:/src/vcpkg/installed/x64-windows-static/debug/Program Files/Microsoft Visual Studio/2022/Community/Common7/IDE/CommonExtensions/Microsoft/CMake/CMake/bin/ccache.exe"
      - "C:/src/vcpkg/installed/x64-windows-static/debug/Program Files/Microsoft Visual Studio/2022/Community/Common7/IDE/CommonExtensions/Microsoft/CMake/CMake/bin/ccache"
      - "C:/src/vcpkg/installed/x64-windows-static/debug/Program Files/Microsoft Visual Studio/2022/Community/Common7/IDE/CommonExtensions/Microsoft/CMake/Ninja/ccache.com"
      - "C:/src/vcpkg/installed/x64-windows-static/debug/Program Files/Microsoft Visual Studio/2022/Community/Common7/IDE/CommonExtensions/Microsoft/CMake/Ninja/ccache.exe"
      - "C:/src/vcpkg/installed/x64-windows-static/debug/Program Files/Microsoft Visual Studio/2022/Community/Common7/IDE/CommonExtensions/Microsoft/CMake/Ninja/ccache"
      - "C:/src/vcpkg/installed/x64-windows-static/debug/Program Files/Microsoft Visual Studio/2022/Community/Common7/IDE/VC/Linux/bin/ConnectionManagerExe/ccache.com"
      - "C:/src/vcpkg/installed/x64-windows-static/debug/Program Files/Microsoft Visual Studio/2022/Community/Common7/IDE/VC/Linux/bin/ConnectionManagerExe/ccache.exe"
      - "C:/src/vcpkg/installed/x64-windows-static/debug/Program Files/Microsoft Visual Studio/2022/Community/Common7/IDE/VC/Linux/bin/ConnectionManagerExe/ccache"
      - "C:/src/vcpkg/installed/x64-windows-static/debug/Program Files/Microsoft Visual Studio/2022/Community/VC/vcpkg/ccache.com"
      - "C:/src/vcpkg/installed/x64-windows-static/debug/Program Files/Microsoft Visual Studio/2022/Community/VC/vcpkg/ccache.exe"
      - "C:/src/vcpkg/installed/x64-windows-static/debug/Program Files/Microsoft Visual Studio/2022/Community/VC/vcpkg/ccache"
      - "C:/src/vcpkg/installed/x64-windows-static/debug/src/vcpkg/downloads/tools/ninja-1.13.2-windows/ccache.com"
      - "C:/src/vcpkg/installed/x64-windows-static/debug/src/vcpkg/downloads/tools/ninja-1.13.2-windows/ccache.exe"
      - "C:/src/vcpkg/installed/x64-windows-static/debug/src/vcpkg/downloads/tools/ninja-1.13.2-windows/ccache"
      - "C:/src/vcpkg/installed/x64-windows-static/debug/Program Files/bin/ccache.com"
      - "C:/src/vcpkg/installed/x64-windows-static/debug/Program Files/bin/ccache.exe"
      - "C:/src/vcpkg/installed/x64-windows-static/debug/Program Files/bin/ccache"
      - "C:/src/vcpkg/installed/x64-windows-static/debug/Program Files/sbin/ccache.com"
      - "C:/src/vcpkg/installed/x64-windows-static/debug/Program Files/sbin/ccache.exe"
      - "C:/src/vcpkg/installed/x64-windows-static/debug/Program Files/sbin/ccache"
      - "C:/src/vcpkg/installed/x64-windows-static/debug/Program Files/ccache.com"
      - "C:/src/vcpkg/installed/x64-windows-static/debug/Program Files/ccache.exe"
      - "C:/src/vcpkg/installed/x64-windows-static/debug/Program Files/ccache"
      - "C:/src/vcpkg/installed/x64-windows-static/debug/Program Files (x86)/bin/ccache.com"
      - "C:/src/vcpkg/installed/x64-windows-static/debug/Program Files (x86)/bin/ccache.exe"
      - "C:/src/vcpkg/installed/x64-windows-static/debug/Program Files (x86)/bin/ccache"
      - "C:/src/vcpkg/installed/x64-windows-static/debug/Program Files (x86)/sbin/ccache.com"
      - "C:/src/vcpkg/installed/x64-windows-static/debug/Program Files (x86)/sbin/ccache.exe"
      - "C:/src/vcpkg/installed/x64-windows-static/debug/Program Files (x86)/sbin/ccache"
      - "C:/src/vcpkg/installed/x64-windows-static/debug/Program Files (x86)/ccache.com"
      - "C:/src/vcpkg/installed/x64-windows-static/debug/Program Files (x86)/ccache.exe"
      - "C:/src/vcpkg/installed/x64-windows-static/debug/Program Files (x86)/ccache"
      - "C:/src/vcpkg/installed/x64-windows-static/debug/Program Files/CMake/bin/ccache.com"
      - "C:/src/vcpkg/installed/x64-windows-static/debug/Program Files/CMake/bin/ccache.exe"
      - "C:/src/vcpkg/installed/x64-windows-static/debug/Program Files/CMake/bin/ccache"
      - "C:/src/vcpkg/installed/x64-windows-static/debug/Program Files/CMake/sbin/ccache.com"
      - "C:/src/vcpkg/installed/x64-windows-static/debug/Program Files/CMake/sbin/ccache.exe"
      - "C:/src/vcpkg/installed/x64-windows-static/debug/Program Files/CMake/sbin/ccache"
      - "C:/src/vcpkg/installed/x64-windows-static/debug/Program Files/CMake/ccache.com"
      - "C:/src/vcpkg/installed/x64-windows-static/debug/Program Files/CMake/ccache.exe"
      - "C:/src/vcpkg/installed/x64-windows-static/debug/Program Files/CMake/ccache"
      - "C:/src/vcpkg/installed/x64-windows-static/debug/src/vcpkg/packages/sdl2_x64-windows-static/bin/ccache.com"
      - "C:/src/vcpkg/installed/x64-windows-static/debug/src/vcpkg/packages/sdl2_x64-windows-static/bin/ccache.exe"
      - "C:/src/vcpkg/installed/x64-windows-static/debug/src/vcpkg/packages/sdl2_x64-windows-static/bin/ccache"
      - "C:/src/vcpkg/installed/x64-windows-static/debug/src/vcpkg/packages/sdl2_x64-windows-static/sbin/ccache.com"
      - "C:/src/vcpkg/installed/x64-windows-static/debug/src/vcpkg/packages/sdl2_x64-windows-static/sbin/ccache.exe"
      - "C:/src/vcpkg/installed/x64-windows-static/debug/src/vcpkg/packages/sdl2_x64-windows-static/sbin/ccache"
      - "C:/src/vcpkg/installed/x64-windows-static/debug/src/vcpkg/packages/sdl2_x64-windows-static/ccache.com"
      - "C:/src/vcpkg/installed/x64-windows-static/debug/src/vcpkg/packages/sdl2_x64-windows-static/ccache.exe"
      - "C:/src/vcpkg/installed/x64-windows-static/debug/src/vcpkg/packages/sdl2_x64-windows-static/ccache"
      - "C:/src/vcpkg/installed/x64-windows-static/bin/ccache.com"
      - "C:/src/vcpkg/installed/x64-windows-static/bin/ccache.exe"
      - "C:/src/vcpkg/installed/x64-windows-static/bin/ccache"
      - "C:/src/vcpkg/installed/x64-windows-static/sbin/ccache.com"
      - "C:/src/vcpkg/installed/x64-windows-static/sbin/ccache.exe"
      - "C:/src/vcpkg/installed/x64-windows-static/sbin/ccache"
      - "C:/src/vcpkg/installed/x64-windows-static/ccache.com"
      - "C:/src/vcpkg/installed/x64-windows-static/ccache.exe"
      - "C:/src/vcpkg/installed/x64-windows-static/ccache"
      - "C:/src/vcpkg/installed/x64-windows-static/debug/bin/ccache.com"
      - "C:/src/vcpkg/installed/x64-windows-static/debug/bin/ccache.exe"
      - "C:/src/vcpkg/installed/x64-windows-static/debug/bin/ccache"
      - "C:/src/vcpkg/installed/x64-windows-static/debug/sbin/ccache.com"
      - "C:/src/vcpkg/installed/x64-windows-static/debug/sbin/ccache.exe"
      - "C:/src/vcpkg/installed/x64-windows-static/debug/sbin/ccache"
      - "C:/src/vcpkg/installed/x64-windows-static/debug/ccache.com"
      - "C:/src/vcpkg/installed/x64-windows-static/debug/ccache.exe"
      - "C:/src/vcpkg/installed/x64-windows-static/debug/ccache"
      - "C:/src/vcpkg/installed/x64-windows-static/tools/ccache.com"
      - "C:/src/vcpkg/installed/x64-windows-static/tools/ccache.exe"
      - "C:/src/vcpkg/installed/x64-windows-static/tools/ccache"
      - "C:/Program Files/Microsoft Visual Studio/2022/Community/VC/Tools/MSVC/14.44.35207/bin/Hostx64/x64/ccache.com"
      - "C:/Program Files/Microsoft Visual Studio/2022/Community/VC/Tools/MSVC/14.44.35207/bin/Hostx64/x64/ccache.exe"
      - "C:/Program Files/Microsoft Visual Studio/2022/Community/VC/Tools/MSVC/14.44.35207/bin/Hostx64/x64/ccache"
      - "C:/Program Files/Microsoft Visual Studio/2022/Community/Common7/IDE/VC/vcpackages/ccache.com"
      - "C:/Program Files/Microsoft Visual Studio/2022/Community/Common7/IDE/VC/vcpackages/ccache.exe"
      - "C:/Program Files/Microsoft Visual Studio/2022/Community/Common7/IDE/VC/vcpackages/ccache"
      - "C:/Program Files/Microsoft Visual Studio/2022/Community/Common7/IDE/CommonExtensions/Microsoft/TestWindow/ccache.com"
      - "C:/Program Files/Microsoft Visual Studio/2022/Community/Common7/IDE/CommonExtensions/Microsoft/TestWindow/ccache.exe"
      - "C:/Program Files/Microsoft Visual Studio/2022/Community/Common7/IDE/CommonExtensions/Microsoft/TestWindow/ccache"
      - "C:/Program Files/Microsoft Visual Studio/2022/Community/Common7/IDE/CommonExtensions/Microsoft/TeamFoundation/Team Explorer/ccache.com"
      - "C:/Program Files/Microsoft Visual Studio/2022/Community/Common7/IDE/CommonExtensions/Microsoft/TeamFoundation/Team Explorer/ccache.exe"
      - "C:/Program Files/Microsoft Visual Studio/2022/Community/Common7/IDE/CommonExtensions/Microsoft/TeamFoundation/Team Explorer/ccache"
      - "C:/Program Files/Microsoft Visual Studio/2022/Community/MSBuild/Current/Bin/Roslyn/ccache.com"
      - "C:/Program Files/Microsoft Visual Studio/2022/Community/MSBuild/Current/Bin/Roslyn/ccache.exe"
      - "C:/Program Files/Microsoft Visual Studio/2022/Community/MSBuild/Current/Bin/Roslyn/ccache"
      - "C:/Program Files (x86)/Microsoft SDKs/Windows/v10.0A/bin/NETFX 4.8 Tools/x64/ccache.com"
      - "C:/Program Files (x86)/Microsoft SDKs/Windows/v10.0A/bin/NETFX 4.8 Tools/x64/ccache.exe"
      - "C:/Program Files (x86)/Microsoft SDKs/Windows/v10.0A/bin/NETFX 4.8 Tools/x64/ccache"
      - "C:/Program Files/Microsoft Visual Studio/2022/Community/Common7/IDE/CommonExtensions/Microsoft/FSharp/Tools/ccache.com"
      - "C:/Program Files/Microsoft Visual Studio/2022/Community/Common7/IDE/CommonExtensions/Microsoft/FSharp/Tools/ccache.exe"
      - "C:/Program Files/Microsoft Visual Studio/2022/Community/Common7/IDE/CommonExtensions/Microsoft/FSharp/Tools/ccache"
      - "C:/Program Files/Microsoft Visual Studio/2022/Community/Team Tools/DiagnosticsHub/Collector/ccache.com"
      - "C:/Program Files/Microsoft Visual Studio/2022/Community/Team Tools/DiagnosticsHub/Collector/ccache.exe"
      - "C:/Program Files/Microsoft Visual Studio/2022/Community/Team Tools/DiagnosticsHub/Collector/ccache"
      - "C:/Program Files (x86)/Windows Kits/10/bin/10.0.26100.0/x64/ccache.com"
      - "C:/Program Files (x86)/Windows Kits/10/bin/10.0.26100.0/x64/ccache.exe"
      - "C:/Program Files (x86)/Windows Kits/10/bin/10.0.26100.0/x64/ccache"
      - "C:/Program Files (x86)/Windows Kits/10/bin/x64/ccache.com"
      - "C:/Program Files (x86)/Windows Kits/10/bin/x64/ccache.exe"
      - "C:/Program Files (x86)/Windows Kits/10/bin/x64/ccache"
      - "C:/Program Files/Microsoft Visual Studio/2022/Community/MSBuild/Current/Bin/amd64/ccache.com"
      - "C:/Program Files/Microsoft Visual Studio/2022/Community/MSBuild/Current/Bin/amd64/ccache.exe"
      - "C:/Program Files/Microsoft Visual Studio/2022/Community/MSBuild/Current/Bin/amd64/ccache"
      - "C:/Windows/Microsoft.NET/Framework64/v4.0.30319/ccache.com"
      - "C:/Windows/Microsoft.NET/Framework64/v4.0.30319/ccache.exe"
      - "C:/Windows/Microsoft.NET/Framework64/v4.0.30319/ccache"
      - "C:/Program Files/Microsoft Visual Studio/2022/Community/Common7/IDE/ccache.com"
      - "C:/Program Files/Microsoft Visual Studio/2022/Community/Common7/IDE/ccache.exe"
      - "C:/Program Files/Microsoft Visual Studio/2022/Community/Common7/IDE/ccache"
      - "C:/Program Files/Microsoft Visual Studio/2022/Community/Common7/Tools/ccache.com"
      - "C:/Program Files/Microsoft Visual Studio/2022/Community/Common7/Tools/ccache.exe"
      - "C:/Program Files/Microsoft Visual Studio/2022/Community/Common7/Tools/ccache"
      - "C:/src/vcpkg/downloads/tools/powershell-core-7.6.4-windows/ccache.com"
      - "C:/src/vcpkg/downloads/tools/powershell-core-7.6.4-windows/ccache.exe"
      - "C:/src/vcpkg/downloads/tools/powershell-core-7.6.4-windows/ccache"
      - "C:/Windows/System32/ccache.com"
      - "C:/Windows/System32/ccache.exe"
      - "C:/Windows/System32/ccache"
      - "C:/Windows/ccache.com"
      - "C:/Windows/ccache.exe"
      - "C:/Windows/ccache"
      - "C:/Windows/System32/wbem/ccache.com"
      - "C:/Windows/System32/wbem/ccache.exe"
      - "C:/Windows/System32/wbem/ccache"
      - "C:/Windows/System32/WindowsPowerShell/v1.0/ccache.com"
      - "C:/Windows/System32/WindowsPowerShell/v1.0/ccache.exe"
      - "C:/Windows/System32/WindowsPowerShell/v1.0/ccache"
      - "C:/Windows/System32/OpenSSH/ccache.com"
      - "C:/Windows/System32/OpenSSH/ccache.exe"
      - "C:/Windows/System32/OpenSSH/ccache"
      - "C:/Program Files/Microsoft Visual Studio/2022/Community/Common7/IDE/CommonExtensions/Microsoft/CMake/CMake/bin/ccache.com"
      - "C:/Program Files/Microsoft Visual Studio/2022/Community/Common7/IDE/CommonExtensions/Microsoft/CMake/CMake/bin/ccache.exe"
      - "C:/Program Files/Microsoft Visual Studio/2022/Community/Common7/IDE/CommonExtensions/Microsoft/CMake/CMake/bin/ccache"
      - "C:/Program Files/Microsoft Visual Studio/2022/Community/Common7/IDE/CommonExtensions/Microsoft/CMake/Ninja/ccache.com"
      - "C:/Program Files/Microsoft Visual Studio/2022/Community/Common7/IDE/CommonExtensions/Microsoft/CMake/Ninja/ccache.exe"
      - "C:/Program Files/Microsoft Visual Studio/2022/Community/Common7/IDE/CommonExtensions/Microsoft/CMake/Ninja/ccache"
      - "C:/Program Files/Microsoft Visual Studio/2022/Community/Common7/IDE/VC/Linux/bin/ConnectionManagerExe/ccache.com"
      - "C:/Program Files/Microsoft Visual Studio/2022/Community/Common7/IDE/VC/Linux/bin/ConnectionManagerExe/ccache.exe"
      - "C:/Program Files/Microsoft Visual Studio/2022/Community/Common7/IDE/VC/Linux/bin/ConnectionManagerExe/ccache"
      - "C:/Program Files/Microsoft Visual Studio/2022/Community/VC/vcpkg/ccache.com"
      - "C:/Program Files/Microsoft Visual Studio/2022/Community/VC/vcpkg/ccache.exe"
      - "C:/Program Files/Microsoft Visual Studio/2022/Community/VC/vcpkg/ccache"
      - "C:/src/vcpkg/downloads/tools/ninja-1.13.2-windows/ccache.com"
      - "C:/src/vcpkg/downloads/tools/ninja-1.13.2-windows/ccache.exe"
      - "C:/src/vcpkg/downloads/tools/ninja-1.13.2-windows/ccache"
      - "C:/Program Files/bin/ccache.com"
      - "C:/Program Files/bin/ccache.exe"
      - "C:/Program Files/bin/ccache"
      - "C:/Program Files/sbin/ccache.com"
      - "C:/Program Files/sbin/ccache.exe"
      - "C:/Program Files/sbin/ccache"
      - "C:/Program Files/ccache.com"
      - "C:/Program Files/ccache.exe"
      - "C:/Program Files/ccache"
      - "C:/Program Files (x86)/bin/ccache.com"
      - "C:/Program Files (x86)/bin/ccache.exe"
      - "C:/Program Files (x86)/bin/ccache"
      - "C:/Program Files (x86)/sbin/ccache.com"
      - "C:/Program Files (x86)/sbin/ccache.exe"
      - "C:/Program Files (x86)/sbin/ccache"
      - "C:/Program Files (x86)/ccache.com"
      - "C:/Program Files (x86)/ccache.exe"
      - "C:/Program Files (x86)/ccache"
      - "C:/Program Files/CMake/bin/ccache.com"
      - "C:/Program Files/CMake/bin/ccache.exe"
      - "C:/Program Files/CMake/bin/ccache"
      - "C:/Program Files/CMake/sbin/ccache.com"
      - "C:/Program Files/CMake/sbin/ccache.exe"
      - "C:/Program Files/CMake/sbin/ccache"
      - "C:/Program Files/CMake/ccache.com"
      - "C:/Program Files/CMake/ccache.exe"
      - "C:/Program Files/CMake/ccache"
      - "C:/src/vcpkg/packages/sdl2_x64-windows-static/bin/ccache.com"
      - "C:/src/vcpkg/packages/sdl2_x64-windows-static/bin/ccache.exe"
      - "C:/src/vcpkg/packages/sdl2_x64-windows-static/bin/ccache"
      - "C:/src/vcpkg/packages/sdl2_x64-windows-static/sbin/ccache.com"
      - "C:/src/vcpkg/packages/sdl2_x64-windows-static/sbin/ccache.exe"
      - "C:/src/vcpkg/packages/sdl2_x64-windows-static/sbin/ccache"
      - "C:/src/vcpkg/packages/sdl2_x64-windows-static/ccache.com"
      - "C:/src/vcpkg/packages/sdl2_x64-windows-static/ccache.exe"
      - "C:/src/vcpkg/packages/sdl2_x64-windows-static/ccache"
    found: false
    search_context:
      CMAKE_PROGRAM_PATH:
        - "C:/src/vcpkg/installed/x64-windows-static/tools"
      CMAKE_PREFIX_PATH:
        - "C:/src/vcpkg/installed/x64-windows-static"
        - "C:/src/vcpkg/installed/x64-windows-static/debug"
      ENV{PATH}:
        - "C:\\Program Files\\Microsoft Visual Studio\\2022\\Community\\VC\\Tools\\MSVC\\14.44.35207\\bin\\HostX64\\x64"
        - "C:\\Program Files\\Microsoft Visual Studio\\2022\\Community\\Common7\\IDE\\VC\\VCPackages"
        - "C:\\Program Files\\Microsoft Visual Studio\\2022\\Community\\Common7\\IDE\\CommonExtensions\\Microsoft\\TestWindow"
        - "C:\\Program Files\\Microsoft Visual Studio\\2022\\Community\\Common7\\IDE\\CommonExtensions\\Microsoft\\TeamFoundation\\Team Explorer"
        - "C:\\Program Files\\Microsoft Visual Studio\\2022\\Community\\MSBuild\\Current\\bin\\Roslyn"
        - "C:\\Program Files (x86)\\Microsoft SDKs\\Windows\\v10.0A\\bin\\NETFX 4.8 Tools\\x64\\"
        - "C:\\Program Files\\Microsoft Visual Studio\\2022\\Community\\Common7\\IDE\\CommonExtensions\\Microsoft\\FSharp\\Tools"
        - "C:\\Program Files\\Microsoft Visual Studio\\2022\\Community\\Team Tools\\DiagnosticsHub\\Collector"
        - "C:\\Program Files (x86)\\Windows Kits\\10\\bin\\10.0.26100.0\\x64"
        - "C:\\Program Files (x86)\\Windows Kits\\10\\bin\\x64"
        - "C:\\Program Files\\Microsoft Visual Studio\\2022\\Community\\MSBuild\\Current\\Bin\\amd64"
        - "C:\\Windows\\Microsoft.NET\\Framework64\\v4.0.30319"
        - "C:\\Program Files\\Microsoft Visual Studio\\2022\\Community\\Common7\\IDE\\"
        - "C:\\Program Files\\Microsoft Visual Studio\\2022\\Community\\Common7\\Tools\\"
        - "C:\\src\\vcpkg\\downloads\\tools\\powershell-core-7.6.4-windows"
        - "C:\\WINDOWS\\system32"
        - "C:\\WINDOWS"
        - "C:\\WINDOWS\\system32\\Wbem"
        - "C:\\WINDOWS\\system32\\WindowsPowerShell\\v1.0\\"
        - "C:\\WINDOWS\\system32\\OpenSSH\\"
        - "C:\\Program Files\\Microsoft Visual Studio\\2022\\Community\\Common7\\IDE\\CommonExtensions\\Microsoft\\CMake\\CMake\\bin"
        - "C:\\Program Files\\Microsoft Visual Studio\\2022\\Community\\Common7\\IDE\\CommonExtensions\\Microsoft\\CMake\\Ninja"
        - "C:\\Program Files\\Microsoft Visual Studio\\2022\\Community\\Common7\\IDE\\VC\\Linux\\bin\\ConnectionManagerExe"
        - "C:\\Program Files\\Microsoft Visual Studio\\2022\\Community\\VC\\vcpkg"
        - "C:\\src\\vcpkg\\downloads\\tools\\ninja-1.13.2-windows"
      CMAKE_INSTALL_PREFIX: "C:/src/vcpkg/packages/sdl2_x64-windows-static"
      CMAKE_SYSTEM_PREFIX_PATH:
        - "C:/Program Files"
        - "C:/Program Files (x86)"
        - "C:/Program Files/CMake"
        - "C:/src/vcpkg/packages/sdl2_x64-windows-static"
      CMAKE_FIND_ROOT_PATH: "C:/src/vcpkg/installed/x64-windows-static;C:/src/vcpkg/installed/x64-windows-static/debug"
...
